Verein	ZVR-Zahl	Bezirk	Foerderung_ref	Typ	Jahr	Betrag_EUR	Quelle	Anmerkungen	Programm	Kurzname	Verein_key
UNSAFE SOUNDS - Verein zur Verteidigung künstlerischer Grauzonen	1670187874	18	MA7	Beschluss	2022	50000.0	Förderbericht der Stadt Wien 2022	ausbezahlt: Mehrjahresförderung 2024-2025		Unsafe+Sounds	unsafe sounds - verein zur verteidigung künstlerischer grauzonen
STRUMA+IODINE - Verein zur Erweiterung musikalischer Erfahrungsräume	1954454117	9	MA7	Beschluss	2022	26000.0	Förderbericht der Stadt Wien 2022	ausbezahlt: Jahrestätigkeit genehmigt 9.1.2026		Struma+Iodine	struma+iodine - verein zur erweiterung musikalischer erfahrungsräume
echoraum Vereinigung zur Förderung der Kulturkommunikation	884318065	15	MA7	Beschluss	2022	90000.0	Förderbericht der Stadt Wien 2022	ausbezahlt: Gesamtförderung. Jahrestätigkeit		echoraum	echoraum vereinigung zur förderung der kulturkommunikation
Studio Dan - Verein für Neue Musik	408034688	20	MA7	Beschluss	2022	50000.0	Förderbericht der Stadt Wien 2022	ausbezahlt: Gesamtförderung. Salon skug		Studio Dan	studio dan - verein für neue musik
The Acousmatic Project - Verein zur Förderung Akusmatischer Musik	874404447	2	MA7	Beschluss	2022	22000.0	Förderbericht der Stadt Wien 2022	ausbezahlt: EMM an der Hohen Wand	EMM an der Hohen Wand		the acousmatic project - verein zur förderung akusmatischer musik
id/l Agentur für Kunst und Kultur	214732532	18	MA7	Beschluss	2022	30000.0	Förderbericht der Stadt Wien 2022	ausbezahlt: Projekt: Sonic Territories. SOUNDSPACE	Sonic Territories Festival	id/l	id/l agentur für kunst und kultur
Floating Sound Gallery Vienna, Verein zur Förderung von Kunst und Kultur	1534373870	18	MA7	Beschluss	2022	3000.0	Förderbericht der Stadt Wien 2022	ausbezahlt: Projekt: Circuit Fantôme. Vereinsaktivitäten 2024		Floating Sound Gallery Vienna	floating sound gallery vienna, verein zur förderung von kunst und kultur
Setzkasten, Verein und Werkstatt zur Förderung intermedialer Kunst	314108954	17	MA7	Beschluss	2022	17000.0	Förderbericht der Stadt Wien 2022	ausbezahlt: Gesamtförderung. Tätigkeiten 2024		Setzkasten Wien	setzkasten, verein und werkstatt zur förderung intermedialer kunst
small forms - Verein zur Förderung und Verbreitung von zeitgenössischen Musikformen	503262449	16	MA7	Beschluss	2022	15000.0	Förderbericht der Stadt Wien 2022	ausbezahlt: Gesamtförderung 2024		Smallforms	small forms - verein zur förderung und verbreitung von zeitgenössischen musikformen
Kulturverein Free Music Forum mit dem Zusatz Forum für free Jazz & freie Improvisation	1121875739	5	MA7	Beschluss	2022	15000.0	Förderbericht der Stadt Wien 2022	ausbezahlt: 1. Jahreshälfte. Vereinsaktivitäten 2024		Free Music Forum	kulturverein free music forum mit dem zusatz forum für free jazz & freie improvisation
TONSPUR Kunstverein Wien	824358800	7	MA7	Beschluss	2022	12000.0	Förderbericht der Stadt Wien 2022	ausbezahlt: Gesamtförderung. Projektreihe 2024		TONSPUR	tonspur kunstverein wien
Verein für experimentelle improvisierte Musik (VEIM)	[nicht dokumentiert]	4	MA7	Beschluss	2022	10000.0	Förderbericht der Stadt Wien 2022	ausbezahlt: Monday Improvisers Session. Gesamtförderung 2024		Porgy & Bess	verein für experimentelle improvisierte musik (veim)
MOOZAK - VEREIN FÜR EXPERIMENTELLE MUSIK	817982407	19	MA7	Beschluss	2022	23000.0	Förderbericht der Stadt Wien 2022	ausbezahlt: Jahresendzeitschokoladenhohlkörper 15.000 + Multichannel Series 8.000. Konzertzyklus 2024		Moozak	moozak - verein für experimentelle musik
Verein für elektroakustische Musik	229137709	5	MA7	Beschluss	2022	4500.0	Förderbericht der Stadt Wien 2022	ausbezahlt: VELAK Gala. Struma+Iodine			verein für elektroakustische musik
SUENA - Verein zur Förderung und Verbreitung neuer Musik	1920809871	20	MA7	Beschluss	2022	6000.0	Förderbericht der Stadt Wien 2022	ausbezahlt		SUENA	suena - verein zur förderung und verbreitung neuer musik
Jazz & Musicclub Porgy & Bess	79072322	4	MA7	Beschluss	2022	140000.0	Förderbericht der Stadt Wien 2022	ausbezahlt: Gesamtförderung		Porgy & Bess	jazz & musicclub porgy & bess
Verein für Kunstvermischung	448124582	17	MA7	Beschluss	2022	20000.0	Förderbericht der Stadt Wien 2022	ausbezahlt: Der Blöde Dritte Mittwoch 2022	Der Blöde Dritte Mittwoch		verein für kunstvermischung
Wien Modern, Verein für neue Musik	678661440	3	MA7	Beschluss	2022	1000000.0	Förderbericht der Stadt Wien 2022	ausbezahlt: Mehrjährige Gesamtförderung 2021-2023 (2022)		Wien Modern	wien modern, verein für neue musik
AUGEND&ADDEND - Verein zur Förderung und Erweiterung transformativer\nKlangräume und queerer Clubkultur	1799027468	18	MA7	Beschluss	2022	3500.0	Förderbericht der Stadt Wien 2022	ausbezahlt: Club-Eventreihe. Antragsteller: Waldhör Simon Herbert		Augend&Addend	augend&addend - verein zur förderung und erweiterung transformativer\nklangräume und queerer clubkultur
FAM Kulturverein	1490968765	Klagenfurt	MA7	Beschluss	2022	3000.0	Förderbericht der Stadt Wien 2022	ausbezahlt: Projekt: NAWA music & film festival 2022	NAWA Festival		fam kulturverein
Klangmanifeste - Verein für Klang-/Kunst-/Formen	77124526	5	MA7	Beschluss	2022	4800.0	Förderbericht der Stadt Wien 2022	ausbezahlt			klangmanifeste - verein für klang-/kunst-/formen
"Vienna.ACTS"", Verein zur Förderung von Kunst"	130944845	7	MA7	Beschluss	2022	22000.0	Förderbericht der Stadt Wien 2022	ausbezahlt: Salam Orient 2022	Salam Orient		"""vienna.acts"", verein zur förderung von kunst"
TONSPUR Kunstverein Wien	824358800	7	MA7	Beschluss	2023	13000.0	Förderbericht der Stadt Wien 2023	ausbezahlt: Gesamtförderung. Festival SUAL		TONSPUR	tonspur kunstverein wien
Jazz & Musicclub Porgy & Bess	79072322	4	MA7	Beschluss	2023	170000.0	Förderbericht der Stadt Wien 2023	ausbezahlt: Gesamtförderung 150.000 + Erhöhung 20.000		Porgy & Bess	jazz & musicclub porgy & bess
Verein für Kunstvermischung	448124582	17	MA7	Beschluss	2023	25000.0	Förderbericht der Stadt Wien 2023	ausbezahlt: BDMM 20.000 + Beatnik Manifesto 5.000			verein für kunstvermischung
AUGEND&ADDEND - Verein zur Förderung und Erweiterung transformativer\nKlangräume und queerer Clubkultur	1799027468	16	MA7	Beschluss	2023	4000.0	Förderbericht der Stadt Wien 2023	ausbezahlt: Antragsteller: Waldhör Simon Herbert		Augend&Addend	augend&addend - verein zur förderung und erweiterung transformativer\nklangräume und queerer clubkultur
Rantasa + Rantasa GmbH	GmbH	8	MA7	Beschluss	2023	25000.0	Förderbericht der Stadt Wien 2023 – Einzel- und Gesamtförderung im Bereich Musik	ausbezahlt: 15.000 (2. HJ) + 10.000 (1. HJ). Venue: rhiz wien		rhiz	rantasa + rantasa gmbh
"Vienna.ACTS"", Verein zur Förderung von Kunst"	130944845	7	MA7	Beschluss	2023	32000.0	Förderbericht der Stadt Wien 2023	ausbezahlt: Salam Orient 2023	Salam Orient		"""vienna.acts"", verein zur förderung von kunst"
Kunst- und Kulturverein Semmelweisklinik	1677067623	18	MA7	Beschluss	2024	5000.0	Förderbericht der Stadt Wien 2024 – Einzel- und Gesamtförderung im Bereich Musik	ausbezahlt: Projekt: Erdbeerfrosch Soireés	Erdbeerfrosch Soireés	Semmelweisklinik	kunst- und kulturverein semmelweisklinik
XOK - Interessensgemeinschaft der experimentellen Musik- und Klangkunstszene\nWiens	1792507501	19	MA7	Beschluss	2024	16000.0	Förderbericht der Stadt Wien 2024 – Einzel- und Gesamtförderung im Bereich Musik	ausbezahlt: Projekt: Jahresendzeitschokoladenhohlkörper	Jahresendzeitschokoladenhohlkörper	XOK	xok - interessensgemeinschaft der experimentellen musik- und klangkunstszene\nwiens
"


""Ventil"" - Verein zur Freisetzung klanglicher Innovation und Dynamik Kurztitel:\nVenti"	462456728	18	MA7	Beschluss	2024	8000.0	Förderbericht der Stadt Wien 2024 – Einzel- und Gesamtförderung im Bereich Musik	ausbezahlt: Projekt: EARDRUMS	EARDRUMS	Ventil Records	"


""Ventil"" - Verein zur Freisetzung klanglicher Innovation und Dynamik Kurztitel:\nVenti"
snim - spontanes Netzwerk für improvisierte Musik	461480763	15	MA7	Beschluss	2024	4000.0	Förderbericht der Stadt Wien 2024 – Einzel- und Gesamtförderung im Bereich Musik	ausbezahlt: Projekt: Projektreihe 2024			snim - spontanes netzwerk für improvisierte musik
AUGEND&ADDEND - Verein zur Förderung und Erweiterung transformativer\nKlangräume und queerer Clubkultur	1799027468	18	MA7	Beschluss	2024	5000.0	Förderbericht der Stadt Wien 2024 – Einzel- und Gesamtförderung im Bereich Musik	ausbezahlt: Projekt: Equation Echo & the Transformative	Equation Echo & the Transformative	Augend&Addend	augend&addend - verein zur förderung und erweiterung transformativer\nklangräume und queerer clubkultur
liccht - kulturverein für nischenmusik und populärkultur	1472352125	3	MA7	Beschluss	2024	20000.0	Förderbericht der Stadt Wien 2024 – Einzel- und Gesamtförderung im Bereich Musik	ausbezahlt: Projekt: Veranstaltungsreihe liccht		liccht	liccht - kulturverein für nischenmusik und populärkultur
SUENA - Verein zur Förderung und Verbreitung neuer Musik	1920809871	6	MA7	Beschluss	2024	10000.0	Förderbericht der Stadt Wien 2024 – Einzel- und Gesamtförderung im Bereich Musik	ausbezahlt: Projekt: Suena Festival 2024 - Metamodelle	SUENA Festival	SUENA	suena - verein zur förderung und verbreitung neuer musik
Klangmanifeste - Verein für Klang-/Kunst-/Formen	771245267	5	MA7	Beschluss	2024	5000.0	Förderbericht der Stadt Wien 2024 – Einzel- und Gesamtförderung im Bereich Musik	ausbezahlt: Projekt: Klangmanifeste	Klangmanifeste		klangmanifeste - verein für klang-/kunst-/formen
Verein für elektroakustische Musik	229137709	5	MA7	Beschluss	2024	6500.0	Förderbericht der Stadt Wien 2024 – Einzel- und Gesamtförderung im Bereich Musik	ausbezahlt: Projekt: velak gala/export	VELAK Gala		verein für elektroakustische musik
TONSPUR Kunstverein Wien	824358800	7	MA7	Beschluss	2024	13000.0	Förderbericht der Stadt Wien 2024 – Einzel- und Gesamtförderung im Bereich Musik	ausbezahlt: Projekt: Tätigkeiten im Jahr 2024		TONSPUR	tonspur kunstverein wien
Verein für experimentelle improvisierte Musik (VEIM)	[nicht dokumentiert]	4	MA7	Beschluss	2024	13000.0	Förderbericht der Stadt Wien 2024 – Einzel- und Gesamtförderung im Bereich Musik	ausbezahlt: Projekt: Monday Improvisers Session 2024	Monday Improvisers Session	Porgy & Bess	verein für experimentelle improvisierte musik (veim)
small forms - Verein zur Förderung und Verbreitung von zeitgenössischen Musikformen	503262449	16	MA7	Beschluss	2024	15000.0	Förderbericht der Stadt Wien 2024 – Einzel- und Gesamtförderung im Bereich Musik	ausbezahlt: Gesamtförderung		Smallforms	small forms - verein zur förderung und verbreitung von zeitgenössischen musikformen
Kulturverein Free Music Forum mit dem Zusatz Forum für free Jazz & freie Improvisation	1121875739	5	MA7	Beschluss	2024	18000.0	Förderbericht der Stadt Wien 2024 – Einzel- und Gesamtförderung im Bereich Musik	ausbezahlt: Gesamtförderung		Free Music Forum	kulturverein free music forum mit dem zusatz forum für free jazz & freie improvisation
Floating Sound Gallery Vienna, Verein zur Förderung von Kunst und Kultur	1534373870	10	MA7	Beschluss	2024	9000.0	Förderbericht der Stadt Wien 2024 – Einzel- und Gesamtförderung im Bereich Musik	ausbezahlt: Projekt: Vereinsaktivitäten		Floating Sound Gallery Vienna	floating sound gallery vienna, verein zur förderung von kunst und kultur
The Acousmatic Project - Verein zur Förderung Akusmatischer Musik	874404447	2	MA7	Beschluss	2024	22000.0	Förderbericht der Stadt Wien 2024	ausbezahlt: Gesamtförderung 2024			the acousmatic project - verein zur förderung akusmatischer musik
STRUMA+IODINE - Verein zur Erweiterung musikalischer Erfahrungsräume	1954454117	9	MA7	Beschluss	2024	30000.0	Förderbericht der Stadt Wien 2024 – Einzel- und Gesamtförderung im Bereich Musik	ausbezahlt: Projekt: Struma+Iodine	Struma+Iodine	Struma+Iodine	struma+iodine - verein zur erweiterung musikalischer erfahrungsräume
UNSAFE SOUNDS - Verein zur Verteidigung künstlerischer Grauzonen	1670187874	18	MA7	Beschluss	2024	60000.0	Förderbericht der Stadt Wien 2024 – Einzel- und Gesamtförderung im Bereich Musik	ausbezahlt: Projekt: Unsafe+Sounds Festival	Unsafe+Sounds	Unsafe+Sounds	unsafe sounds - verein zur verteidigung künstlerischer grauzonen
"Vienna.ACTS"", Verein zur Förderung von Kunst"	130944845	7	MA7	Beschluss	2024	15000.0	Förderbericht der Stadt Wien 2024 – Einzel- und Gesamtförderung im Bereich Musik	ausbezahlt: Projekt: DE/SEMBLE	DE/SEMBLE Festival		"""vienna.acts"", verein zur förderung von kunst"
JazzWerkstatt Wien	59191016	20	MA7	Beschluss	2024	35000.0	Förderbericht der Stadt Wien 2024 – Einzel- und Gesamtförderung im Bereich Musik	ausbezahlt: 20 Jahre JazzWerkstatt Wien 30.000 + Erhöhung 5.000		JazzWerkstatt Wien	jazzwerkstatt wien
RRRIOT - Verein zur Förderung und Vermittlung feministischen Kulturschaffens	1768215396	10	MA7	Beschluss	2024	15000.0	Förderbericht der Stadt Wien 2024 – Einzel- und Gesamtförderung im Bereich Musik	ausbezahlt: Projekt: Dishes	Dishes		rrriot - verein zur förderung und vermittlung feministischen kulturschaffens
SISTERS - Verein für queer feministische Kunst und Kultur	914774238	15	MA7	Beschluss	2024	100000.0	Förderbericht der Stadt Wien 2024 – Einzel- und Gesamtförderung im Bereich Musik	ausbezahlt: Projekt: HYPERREALITY - Festival für Club Culture - Vienna 2024			sisters - verein für queer feministische kunst und kultur
Sandkasten Syndikat - Verein zur transkulturellen und interdisziplinären\nkünstlerischen Vernetzung und Kulturvermittlung	1740449626	17	MA7	Beschluss	2022	2500.0	Förderbericht der Stadt Wien 2022	ausbezahlt: Klub Montage	Klub Montage	Sandkasten Syndikat	sandkasten syndikat - verein zur transkulturellen und interdisziplinären\nkünstlerischen vernetzung und kulturvermittlung
Sandkasten Syndikat - Verein zur transkulturellen und interdisziplinären\nkünstlerischen Vernetzung und Kulturvermittlung	1740449627	17	MA7	Beschluss	2023	5000.0	Förderbericht der Stadt Wien 2023	ausbezahlt: Klub.Montage – öffentliche Impro-Konzerte und transdiziplinäre Jam-Sessions 2023	Klub Montage	Sandkasten Syndikat	sandkasten syndikat - verein zur transkulturellen und interdisziplinären\nkünstlerischen vernetzung und kulturvermittlung
Sandkasten Syndikat - Verein zur transkulturellen und interdisziplinären\nkünstlerischen Vernetzung und Kulturvermittlung	1740449628	17	MA7	Beschluss	2024	8000.0	Förderbericht der Stadt Wien 2024 – Einzel- und Gesamtförderung im Bereich Musik	ausbezahlt: Sandkasten Syndikat	Sandkasten Syndikat	Sandkasten Syndikat	sandkasten syndikat - verein zur transkulturellen und interdisziplinären\nkünstlerischen vernetzung und kulturvermittlung
Studio Dan - Verein für Neue Musik	408034688	20	MA7	Beschluss	2025	100000.0	Förderbericht der Stadt Wien 2025	mehrjährige Gesamtförderung 2024-2025 (2025)		Studio Dan	studio dan - verein für neue musik
ExMachinisMusicae: Verein zur Förderung von transdisziplinärer, transkultureller\nund transmedialer Kunst	[nicht dokumentiert]	14	MA7	Beschluss	2024	3500.0	Förderbericht der Stadt Wien 2024	EMM an der Hohen Wand	EMM an der Hohen Wand	ExMachinisMusicae	exmachinismusicae: verein zur förderung von transdisziplinärer, transkultureller\nund transmedialer kunst
A M B I T U S – Gruppe für neue Musik	228515470	17	MA7	Beschluss	2024	4000.0	Förderbericht der Stadt Wien 2024	Konzerte mit zeitgenössischer Musik			ambitus - gruppe für neue musik
Althangrund - Verein für Kultur-, Wohn- und Sozialraum für Alle, Kurzform:\nAlthangrund für alle!	[nicht dokumentiert]	9	MA7	Beschluss	2024	5000.0	Förderbericht der Stadt Wien 2024	This is our Dancefloor	This is our Dancefloor		althangrund - verein für kultur-, wohn- und sozialraum für alle, kurzform:\nalthangrund für alle!
Bestand - Verein zur Vermittlung und Förderung von Musik, Kunst und Kultur	[nicht dokumentiert]	8	MA7	Beschluss	2024	5000.0	Förderbericht der Stadt Wien 2024	Made Up Realities	Made Up Realities		bestand - verein zur vermittlung und förderung von musik, kunst und kultur
ECHOLOT - Kulturverein für transdisziplinäre Kunst & Artistic Research	[nicht dokumentiert]	10	MA7	Beschluss	2024	8000.0	Förderbericht der Stadt Wien 2024	SOUNDSPACE - Die Musiksparte im Jahresprogramm von ECHOLOT	SOUNDSPACE		echolot - kulturverein für transdisziplinäre kunst & artistic research
Engelsharfen+Teufelsgeigen - Verein zur Förderung innovativer musikalischer und performativer Formate	[nicht dokumentiert]	5	MA7	Beschluss	2024	4000.0	Förderbericht der Stadt Wien 2024	Vereinsaktivitäten 2024			engelsharfen+teufelsgeigen - verein zur förderung innovativer musikalischer und performativer formate
Kunst- und Kulturverein Akusmonautikum	[nicht dokumentiert]	23	MA7	Beschluss	2024	8000.0	Förderbericht der Stadt Wien 2024	Akusmonautik	Akusmonautik		kunst- und kulturverein akusmonautikum
MusicScapes - Musik- & Kunstprojekte im gesellschaftlichen Kontext	[nicht dokumentiert]	19	MA7	Beschluss	2024	13000.0	Förderbericht der Stadt Wien 2024	Jahresprogramm von MusicScapes			musicscapes - musik- & kunstprojekte im gesellschaftlichen kontext
Österreichische Gesellschaft für zeitgenössische Musik (ÖGZM)	[nicht dokumentiert]	3	MA7	Beschluss	2024	10000.0	Förderbericht der Stadt Wien 2024	Tätigkeiten im Jahr 2024			österreichische gesellschaft für zeitgenössische musik (ögzm)
Pia Maria Palme	[Einzelperson]	19	MA7	Beschluss	2024	6000.0	Förderbericht der Stadt Wien 2024	Festival MUSIK NACH DER NATUR. Einzelperson	Festival MUSIK NACH DER NATUR		pia maria palme
PHACE - Ensemble für neue Musik	366181964	15	MA7	Beschluss	2024	130000.0	Förderbericht der Stadt Wien 2024	mehrjährige Gesamtförderung 2024-2025 (2024)			phace - ensemble für neue musik
Platypus - Verein für Neue Musik	881787755	5	MA7	Beschluss	2024	25000.0	Förderbericht der Stadt Wien 2024	Tätigkeiten im Jahr 2024			platypus - verein für neue musik
Reconsil - Verein zur Förderung zeitgenössischer Musik	90914757	5	MA7	Beschluss	2024	6000.0	Förderbericht der Stadt Wien 2024	Konzertzyklus 2024			reconsil - verein zur förderung zeitgenössischer musik
Reboot Jazz - Verein zur Förderung der Weiterentwicklung des Jazz	[nicht dokumentiert]	[nicht dokumentiert]	MA7	Beschluss	2024	70000.0	Förderbericht der Stadt Wien 2024	OPEN JAZZ VIENNA. Bezirk nicht dokumentiert - eventos en bez. 9 y 19			reboot jazz - verein zur förderung der weiterentwicklung des jazz
SAMA Kollektiv - Kunst & Kulturverein	1944532794	19	MA7	Beschluss	2024	4000.0	Förderbericht der Stadt Wien 2024	sama recordings pres. s c h w e b e n 2024	sama recordings		sama kollektiv - kunst & kulturverein
tonWerk - Forum für Neue Musik	708944665	14	MA7	Beschluss	2024	6000.0	Förderbericht der Stadt Wien 2024	ton-netz-werk	ton-netz-werk		tonwerk - forum für neue musik
Setzkasten, Verein und Werkstatt zur Förderung intermedialer Kunst	314108954	17	MA7	Beschluss	2023	25000.0	Förderbericht der Stadt Wien 2023	ausbezahlt: Gesamtförderung 22.000 + Erhöhung 3.000. Veranstaltungsreihe		Setzkasten Wien	setzkasten, verein und werkstatt zur förderung intermedialer kunst
MOOZAK - VEREIN FÜR EXPERIMENTELLE MUSIK	817982407	19	MA7	Beschluss	2023	8000.0	Förderbericht der Stadt Wien 2023	ausbezahlt: Multichannel Series. OPEN JAZZ VIENNA - Sitz außerhalb Wien		Moozak	moozak - verein für experimentelle musik
SISTERS - Verein für queer feministische Kunst und Kultur	914774238	15	MA7	Beschluss	2023	85000.0	Förderbericht der Stadt Wien 2023 – Einzel- und Gesamtförderung im Bereich Musik	ausbezahlt: GF 75.000 + Erhöhung 10.000. Projekt: HYPERREALITY Festival für Club Culture 2023			sisters - verein für queer feministische kunst und kultur
PARKEN, Verein zur Förderung experimenteller Musik im öffentlichem Raum	[nicht dokumentiert]	16	MA7	Beschluss	2023	10000.0	Förderbericht der Stadt Wien 2023 – Einzel- und Gesamtförderung im Bereich Musik	ausbezahlt: Projekt: PARKEN 2023	PARKEN	PARKEN	parken, verein zur förderung experimenteller musik im öffentlichem raum
Alexander Eberhard	[Einzelperson]	3	MA7	Beschluss	2023	7000.0	Förderbericht der Stadt Wien 2023	ausbezahlt: Förderung an Einzelperson. Projekt: On the Couch - Studiokonzerte 2023			alexander eberhard
minciospace - Verein zur Förderung von künstlerischer Entwicklung unter besonderer Berücksichtigung gesellschaftsrelevanter Themen	[nicht dokumentiert]	15	MA7	Beschluss	2023	5000.0	Förderbericht der Stadt Wien 2023 – Einzel- und Gesamtförderung im Bereich Musik	ausbezahlt: Projekt: The Dirt of Easter Island 2023	The Dirt of Easter Island	Minciospace	minciospace - verein zur förderung von künstlerischer entwicklung unter besonderer berücksichtigung gesellschaftsrelevanter themen
Althangrund - Verein für Kultur-, Wohn- und Sozialraum für Alle, Kurzform:\nAlthangrund für alle!	1170816400	9	MA7	Beschluss	2023	5000.0	Förderbericht der Stadt Wien 2023 – Einzel- und Gesamtförderung im Bereich Musik	ausbezahlt: Venue: Kulturzentrum 4lthangrund. Projekt: This is our dancefloor! 2023			althangrund - verein für kultur-, wohn- und sozialraum für alle, kurzform:\nalthangrund für alle!
moment collective - Verein für experimentelle Musik, audio-visuelle und\nperformative Kuns	839307922	14	MA7	Beschluss	2023	20000.0	Förderbericht der Stadt Wien 2023 – Einzel- und Gesamtförderung im Bereich Musik	ausbezahlt: Projekt: BLACK PAGE ORCHESTRA KONZERTE 2023	Black Page Orchestra Konzerte		moment collective - verein für experimentelle musik, audio-visuelle und\nperformative kuns
Klang.Kunst.Etage - Verein für experimentelle Musik und Kunstprojekte	539978143	2	MA7	Beschluss	2023	24000.0	Förderbericht der Stadt Wien 2023 – Einzel- und Gesamtförderung im Bereich Musik	ausbezahlt: 4.000 (Erhöhung) + 20.000 (NowHere & NoWhere). Projekt: Vienna Improvisers Orchestra 2023			klang.kunst.etage - verein für experimentelle musik und kunstprojekte
Kulturverein WERK	140201457	9	MA7	Beschluss	2023	15000.0	Förderbericht der Stadt Wien 2023 – Einzel- und Gesamtförderung im Bereich Musik	ausbezahlt: 10.000 (1. HJ) + 5.000 (2. HJ). Venue: das WERK Wien			kulturverein werk
Hjalmar Al-Serori	Einzelnperson	5	MA7	Beschluss	2023	23000.0	Förderbericht der Stadt Wien 2023 – Einzel- und Gesamtförderung im Bereich Musik	ausbezahlt: 10.000 (Sommersaison) + 13.000 (10+25 Jahre celeste). Förderung an Einzelperson. Venue: celeste			hjalmar al-serori
RRRIOT - Verein zur Förderung und Vermittlung feministischen Kulturschaffens	1768215396	10	MA7	Beschluss	2023	7000.0	Förderbericht der Stadt Wien 2023 – Einzel- und Gesamtförderung im Bereich Musik	ausbezahlt: Projekt: Dishes 2023	Dishes		rrriot - verein zur förderung und vermittlung feministischen kulturschaffens
snim - spontanes Netzwerk für improvisierte Musik	461480763	15	MA7	Beschluss	2023	4000.0	Förderbericht der Stadt Wien 2023 – Einzel- und Gesamtförderung im Bereich Musik	ausbezahlt: Projekt: snImpro + snim feat. Dilate Ensemble 2023	snImpro + snim feat. Dilate Ensemble		snim - spontanes netzwerk für improvisierte musik
sp ce. Verein zur Förderung von Kunst und Transdisziplinarität	752869720	19	MA7	Beschluss	2023	8000.0	Förderbericht der Stadt Wien 2023 – Einzel- und Gesamtförderung im Bereich Musik	ausbezahlt: Zusätzlich 4.000 in Bereich Bildende Kunst (gleiche Quelle). Projekt: Festival SUAL 2023			sp ce. verein zur förderung von kunst und transdisziplinarität
"


""Ventil"" - Verein zur Freisetzung klanglicher Innovation und Dynamik Kurztitel:\nVenti"	462456728	18	MA7	Beschluss	2023	8000.0	Förderbericht der Stadt Wien 2023 – Einzel- und Gesamtförderung im Bereich Musik	ausbezahlt: Projekt: Konzertveranstaltungen 2. Halbjahr 2023		Ventil Records	"


""Ventil"" - Verein zur Freisetzung klanglicher Innovation und Dynamik Kurztitel:\nVenti"
punctum collective, Verein zur Förderung zeitgenössischer Musik und\ntransmedialer Kunstformate	1310873198	5	MA7	Beschluss	2023	8000.0	Förderbericht der Stadt Wien 2023 – Einzel- und Gesamtförderung im Bereich Musik	ausbezahlt: Projekt: punctum collective Saison 2023	punctum collective Saison		punctum collective, verein zur förderung zeitgenössischer musik und\ntransmedialer kunstformate
"Sounds Queer?"" Feministischer, queerer Verein zur Förderung elektronischer\nMusik"	1784018089	18	MA7	Beschluss	2023	10000.0	Förderbericht der Stadt Wien 2023 – Einzel- und Gesamtförderung im Bereich Musik	ausbezahlt: Projekt: Synth Lab 2023	Synth Lab		"""sounds queer?"" feministischer, queerer verein zur förderung elektronischer\nmusik"
UNSAFE SOUNDS - Verein zur Verteidigung künstlerischer Grauzonen	1670187874	18	MA7	Beschluss	2023	57000.0	Förderbericht der Stadt Wien 2023	ausbezahlt: Mehrjahresförderung 2024-2025		Unsafe+Sounds	unsafe sounds - verein zur verteidigung künstlerischer grauzonen
STRUMA+IODINE - Verein zur Erweiterung musikalischer Erfahrungsräume	1954454117	9	MA7	Beschluss	2023	26000.0	Förderbericht der Stadt Wien 2023	ausbezahlt: Mehrjahresförderung 2024-2025		Struma+Iodine	struma+iodine - verein zur erweiterung musikalischer erfahrungsräume
echoraum Vereinigung zur Förderung der Kulturkommunikation	884318065	15	MA7	Beschluss	2023	110000.0	Förderbericht der Stadt Wien 2023	ausbezahlt: Gesamtförderung 100.000 + Erhöhung 10.000. Monday Improvisers Session		echoraum	echoraum vereinigung zur förderung der kulturkommunikation
id/l Agentur für Kunst und Kultur	214732532	18	MA7	Beschluss	2023	49000.0	Förderbericht der Stadt Wien 2023	ausbezahlt: Sonic Territories 40.000 + Erhöhung 4.000 + Intra-Action 5.000. Vereinsaktivitäten 2024		id/l	id/l agentur für kunst und kultur
Floating Sound Gallery Vienna, Verein zur Förderung von Kunst und Kultur	1534373870	18	MA7	Beschluss	2023	9000.0	Förderbericht der Stadt Wien 2023	ausbezahlt: Projekt: Circuit Fantôme.		Floating Sound Gallery Vienna	floating sound gallery vienna, verein zur förderung von kunst und kultur
Verein für experimentelle improvisierte Musik (VEIM)	[nicht dokumentiert]	4	MA7	Beschluss	2023	11000.0	Förderbericht der Stadt Wien 2023	ausbezahlt: Monday Improvisers Session. Tätigkeiten 2024		Porgy & Bess	verein für experimentelle improvisierte musik (veim)
liccht - kulturverein für nischenmusik und populärkultur	1472352125	3	MA7	Beschluss	2023	20000.0	Förderbericht der Stadt Wien 2023	ausbezahlt		liccht	liccht - kulturverein für nischenmusik und populärkultur
Verein Kulturzentrum FLUCC	1842290121	2	MA7	Beschluss	2023	140000.0	Förderbericht der Stadt Wien 2023	ausbezahlt: Vienna Club Commission. Fördergegenstand: FLUCC - Center for Arts and Communities		FLUCC	verein kulturzentrum flucc
Wien Modern, Verein für neue Musik	678661440	3	MA7	Beschluss	2023	250000.0	Förderbericht der Stadt Wien 2023	ausbezahlt: Arnold Schönberg 150		Wien Modern	wien modern, verein für neue musik
Wien Modern, Verein für neue Musik	678661440	3	MA7	Beschluss	2023	40000.0	Förderbericht der Stadt Wien 2023	ausbezahlt: Erhöhung Gesamtförderung 2023		Wien Modern	wien modern, verein für neue musik
Wien Modern, Verein für neue Musik	678661440	3	MA7	Beschluss	2023	1000000.0	Förderbericht der Stadt Wien 2023	ausbezahlt: Mehrjährige Gesamtförderung 2021-2023 (2023)		Wien Modern	wien modern, verein für neue musik
SUENA - Verein zur Förderung und Verbreitung neuer Musik	1920809871	6	MA7	Beschluss	2023	8000.0	Förderbericht der Stadt Wien 2023	ausbezahlt		SUENA	suena - verein zur förderung und verbreitung neuer musik
Verein für elektroakustische Musik, Kurztitel VELAK	229137709	5	MA7	Beschluss	2023	5000.0	Förderbericht der Stadt Wien 2023	ausbezahlt. Velak Gala Konzertreihe. Suena Festival 2024			verein für elektroakustische musik, kurztitel velak
Kulturverein Free Music Forum mit dem Zusatz Forum für free Jazz & freie Improvisation	1121875739	5	MA7	Beschluss	2023	30000.0	Förderbericht der Stadt Wien 2023	ausbezahlt: Gesamtförderung 10.000 + Erhöhung 10.000 + zweiter Eintrag 10.000. Serious Serious Showcase Series		Free Music Forum	kulturverein free music forum mit dem zusatz forum für free jazz & freie improvisation
Studio Dan - Verein für Neue Musik	408034688	20	MA7	Beschluss	2023	70000.0	Förderbericht der Stadt Wien 2023	ausbezahlt: Gesamtförderung 50.000 + Erhöhung 20.000. Jahresendzeitschokoladenhohlkörper		Studio Dan	studio dan - verein für neue musik
The Acousmatic Project - Verein zur Förderung Akusmatischer Musik	874404447	2	MA7	Beschluss	2023	22000.0	Förderbericht der Stadt Wien 2023	ausbezahlt: Projektreihe 17.000 + Young Lion*ess 5.000. Konzerte mit zeitgenössischer Musik			the acousmatic project - verein zur förderung akusmatischer musik
small forms - Verein zur Förderung und Verbreitung von zeitgenössischen Musikformen	503262449	16	MA7	Beschluss	2023	15000.0	Förderbericht der Stadt Wien 2023	ausbezahlt: Gesamtförderung. Black Page Orchestra Konzerte		Smallforms	small forms - verein zur förderung und verbreitung von zeitgenössischen musikformen
Kunst- und Kulturverein Semmelweisklinik	1677067623	18	MA7	Beschluss	2025	24000.0	Transparenzportal IFG 2025	Kulturinitiativen		Semmelweisklinik	kunst- und kulturverein semmelweisklinik
Kunst- und Kulturverein Semmelweisklinik	1677067623	18	MA7	Beschluss	2025	10000.0	Transparenzportal IFG 2025	Förderung Musik		Semmelweisklinik	kunst- und kulturverein semmelweisklinik
Bestand - Verein zur Vermittlung und Förderung von Musik, Kunst und Kultur	1579908762	8	MA7	Beschluss	2026	13500.0	Transparenzportal IFG 2025	Förderung Einzelvorhaben/Jahrestätigkeiten Musik			bestand - verein zur vermittlung und förderung von musik, kunst und kultur
Kunst- und Kulturverein Semmelweisklinik	1677067623	18	Bezirkskultur	Beschluss	2025	11000.0	Transparenzportal IFG 2025	Bezirkskulturförderung		Semmelweisklinik	kunst- und kulturverein semmelweisklinik
Kulturverein WERK	140201457	9	Bezirkskultur	Beschluss	2025	3500.0	Transparenzportal IFG 2025	Bezirkskulturförderung			kulturverein werk
Bestand - Verein zur Vermittlung und Förderung von Musik, Kunst und Kultur	1579908762	8	MA7	Beschluss	2025	15000.0	Transparenzportal IFG 2025	Förderung Einzelvorhaben/Jahrestätigkeiten Musik			bestand - verein zur vermittlung und förderung von musik, kunst und kultur
FAM Kulturverein	1490968765	Klagenfurt	MA7	Beschluss	2025	27000.0	Transparenzportal IFG 2025	Kulturinitiativen			fam kulturverein
FAM Kulturverein	1490968765	Klagenfurt	MA7	Beschluss	2025	9000.0	Transparenzportal IFG 2025	Regionale Kulturinitiativen			fam kulturverein
FAM Kulturverein	1490968765	Klagenfurt	MA7	Beschluss	2026	27000.0	Transparenzportal IFG 2026	Kulturinitiativen			fam kulturverein
Central Garden	17183473	2	Bezirkskultur	Beschluss	2025	4000.0	Transparenzportal IFG 2025	Bezirkskulturförderung			central garden
Central Garden	17183473	2	MA7	Beschluss	2025	8000.0	Transparenzportal IFG 2025	Förderung Musik			central garden
Central Garden	17183473	2	MA7	Beschluss	2026	7000.0	Transparenzportal IFG 2026	Förderung Musik			central garden
Between Feathers	1931401223	14	MA7	Beschluss	2025	14000.0	Transparenzportal IFG 2025	Förderung Musik			between feathers
Between Feathers	1931401223	14	MA7	Beschluss	2025	13000.0	Transparenzportal IFG 2025	Musik: Förderung von Vereinen			between feathers
Between Feathers	1931401223	14	MA7	Beschluss	2026	10000.0	Transparenzportal IFG 2026	Förderung Musik			between feathers
Between Feathers	1931401223	14	MA7	Beschluss	2026	30000.0	Transparenzportal IFG 2026	Musik: Förderung von Vereinen			between feathers
MOOZAK - VEREIN FÜR EXPERIMENTELLE MUSIK	817982407	19	MA7	Beschluss	2025	5000.0	Transparenzportal IFG 2025	Förderung Musik		Moozak	moozak - verein für experimentelle musik
MOOZAK - VEREIN FÜR EXPERIMENTELLE MUSIK	817982407	19	MA7	Beschluss	2025	6000.0	Transparenzportal IFG 2025	Musik: Förderung von Vereinen		Moozak	moozak - verein für experimentelle musik
Kunst- und Kulturverein Semmelweisklinik	1677067623	18	MA7	Beschluss	2026	20000.0	Transparenzportal IFG 2026	Kulturinitiativen		Semmelweisklinik	kunst- und kulturverein semmelweisklinik
Kunst- und Kulturverein Semmelweisklinik	1677067623	18	MA7	Beschluss	2026	4500.0	Transparenzportal IFG 2026	Förderung Musik		Semmelweisklinik	kunst- und kulturverein semmelweisklinik
Klangmanifeste - Verein für Klang-/Kunst-/Formen	771245267	5	MA7	Beschluss	2025	5000.0	Transparenzportal IFG 2025	Video- Medienkunst: Förderung von Vereinen			klangmanifeste - verein für klang-/kunst-/formen
FAM Kulturverein	1490968765	Klagenfurt	Bezirkskultur	Beschluss	2025	1500.0	Transparenzportal IFG 2025	Bezirkskulturförderung			fam kulturverein
Verein für experimentelle improvisierte Musik (VEIM)	[nicht dokumentiert]	4	MA7	Beschluss	2026	12000.0	Transparenzportal IFG 2026	Musik: Förderung von Vereinen		Porgy & Bess	verein für experimentelle improvisierte musik (veim)
Verein für experimentelle improvisierte Musik (VEIM)	[nicht dokumentiert]	4	MA7	Beschluss	2026	15000.0	Transparenzportal IFG 2026	Förderung Musik		Porgy & Bess	verein für experimentelle improvisierte musik (veim)
Verein für experimentelle improvisierte Musik (VEIM)	[nicht dokumentiert]	4	MA7	Beschluss	2025	6000.0	Transparenzportal IFG 2025	Musik: Förderung von Vereinen		Porgy & Bess	verein für experimentelle improvisierte musik (veim)
Verein für experimentelle improvisierte Musik (VEIM)	[nicht dokumentiert]	4	MA7	Beschluss	2025	15000.0	Transparenzportal IFG 2025	Förderung Musik		Porgy & Bess	verein für experimentelle improvisierte musik (veim)
Salam Oida - Verein zur Förderung von Vielfalt in Kunst und Kultur , kurz: Salam\nOida	1781236046	16	MA7	Beschluss	2026	25000.0	Transparenzportal IFG 2026	Kulturinitiativen		Salam Oida	salam oida - verein zur förderung von vielfalt in kunst und kultur , kurz: salam\noida
SISTERS - Verein für queer feministische Kunst und Kultur	914774238	15	MA7	Beschluss	2026	20000.0	Transparenzportal IFG 2026	Musik: Förderung von Vereinen			sisters - verein für queer feministische kunst und kultur
SISTERS - Verein für queer feministische Kunst und Kultur	914774238	15	MA7	Beschluss	2026	100000.0	Transparenzportal IFG 2026	Förderung Musik			sisters - verein für queer feministische kunst und kultur
SISTERS - Verein für queer feministische Kunst und Kultur	914774238	15	MA7	Beschluss	2026	50000.0	Transparenzportal IFG 2026	Förderung freier Gruppen Darstellende Kunst			sisters - verein für queer feministische kunst und kultur
SISTERS - Verein für queer feministische Kunst und Kultur	914774238	15	BMKöS	Beschluss	2025	15000.0	Transparenzportal IFG 2025	"Förderung Festspiele und ähnlichen Saisonveranstaltungen Förderungen			
"			sisters - verein für queer feministische kunst und kultur
SISTERS - Verein für queer feministische Kunst und Kultur	914774238	15	MA7	Beschluss	2025	100000.0	Transparenzportal IFG 2025	Förderung Musik			sisters - verein für queer feministische kunst und kultur
SISTERS - Verein für queer feministische Kunst und Kultur	914774238	15	MA7	Beschluss	2025	40000.0	Transparenzportal IFG 2025	Förderung freier Gruppen Darstellende Kunst			sisters - verein für queer feministische kunst und kultur
SISTERS - Verein für queer feministische Kunst und Kultur	914774238	15	MA7	Beschluss	2025	12000.0	Transparenzportal IFG 2025	Darstellende Kunst: Förderung von Vereinen			sisters - verein für queer feministische kunst und kultur
Reconsil - Verein zur Förderung zeitgenössischer Musik	90914757	5	MA7	Beschluss	2026	6000.0	Transparenzportal IFG 2026	Musik: Förderung von Vereinen			reconsil - verein zur förderung zeitgenössischer musik
Reconsil - Verein zur Förderung zeitgenössischer Musik	90914757	5	MA7	Beschluss	2026	4000.0	Transparenzportal IFG 2026	Förderung Musik			reconsil - verein zur förderung zeitgenössischer musik
Reconsil - Verein zur Förderung zeitgenössischer Musik	90914757	5	MA7	Beschluss	2025	6000.0	Transparenzportal IFG 2025	Musik: Förderung von Vereinen			reconsil - verein zur förderung zeitgenössischer musik
Reconsil - Verein zur Förderung zeitgenössischer Musik	90914757	5	MA7	Beschluss	2025	5000.0	Transparenzportal IFG 2025	Förderung Musik			reconsil - verein zur förderung zeitgenössischer musik
Rantasa + Rantasa GmbH	GmbH	8	MA7	Beschluss	2026	50000.0	Transparenzportal IFG 2026	Musik: Förderung von Vereinen. GmbH		rhiz	rantasa + rantasa gmbh
Rantasa + Rantasa GmbH	GmbH	8	MA7	Beschluss	2026	18500.0	Transparenzportal IFG 2026	Förderung Musik. GmbH		rhiz	rantasa + rantasa gmbh
Rantasa + Rantasa GmbH	GmbH	8	MA7	Beschluss	2025	25000.0	Transparenzportal IFG 2025	Musik: Förderung von Vereinen. GmbH		rhiz	rantasa + rantasa gmbh
Rantasa + Rantasa GmbH	GmbH	8	MA7	Beschluss	2025	20000.0	Transparenzportal IFG 2025	Förderung Musik. GmbH		rhiz	rantasa + rantasa gmbh
RRRIOT - Verein zur Förderung und Vermittlung feministischen Kulturschaffens	176821539	10	MA7	Beschluss	2025	42000.0	Transparenzportal IFG 2025	Förderung freier Gruppen Darstellende Kunst			rrriot - verein zur förderung und vermittlung feministischen kulturschaffens
RRRIOT - Verein zur Förderung und Vermittlung feministischen Kulturschaffens	176821539	10	MA7	Beschluss	2025	10000.0	Transparenzportal IFG 2025	Darstellende Kunst: Förderung von Vereinen			rrriot - verein zur förderung und vermittlung feministischen kulturschaffens
RESONANCES+TRANSITIONS - VEREIN ZUR FÖRDERUNG UND VERBREITUNG INNOVATIVER KLÄNGE	1525847130	9	MA7	Beschluss	2026	7000.0	Transparenzportal IFG 2026	Musik: Förderung von Vereinen			resonances+transitions - verein zur förderung und verbreitung innovativer klänge
RESONANCES+TRANSITIONS - VEREIN ZUR FÖRDERUNG UND VERBREITUNG INNOVATIVER KLÄNGE	1525847130	9	MA7	Beschluss	2026	27500.0	Transparenzportal IFG 2026	Förderung Musik			resonances+transitions - verein zur förderung und verbreitung innovativer klänge
RESONANCES+TRANSITIONS - VEREIN ZUR FÖRDERUNG UND VERBREITUNG INNOVATIVER KLÄNGE	1525847130	9	MA7	Beschluss	2025	3500.0	Transparenzportal IFG 2025	Musik: Förderung von Vereinen			resonances+transitions - verein zur förderung und verbreitung innovativer klänge
RESONANCES+TRANSITIONS - VEREIN ZUR FÖRDERUNG UND VERBREITUNG INNOVATIVER KLÄNGE	1525847130	9	MA7	Beschluss	2025	30000.0	Transparenzportal IFG 2025	Förderung Musik			resonances+transitions - verein zur förderung und verbreitung innovativer klänge
PHACE - Ensemble für neue Musik	366181964	15	MA7	Beschluss	2026	100000.0	Transparenzportal IFG 2026	Förderung von Einzelnvorhaben und Jahrestätigkeiten im Bereich der Musik			phace - ensemble für neue musik
PHACE - Ensemble für neue Musik	366181964	15	BMKöS	Beschluss	2026	100000.0	Transparenzportal IFG 2025	Musik: Förderung von Vereinen, vergleichbaren Einrichtungen und Einzelpersonen			phace - ensemble für neue musik
PHACE - Ensemble für neue Musik	366181964	15	BMKöS	Beschluss	2025	100000.0	Transparenzportal IFG 2025	Musik: Förderung von Vereinen, vergleichbaren Einrichtungen und Einzelpersonen			phace - ensemble für neue musik
PHACE - Ensemble für neue Musik	366181964	15	MA7	Beschluss	2025	130000.0	Transparenzportal IFG 2026	Förderung von Einzelnvorhaben und Jahrestätigkeiten im Bereich der Musik			phace - ensemble für neue musik
On the Couch - zur Förderung von Kunst und Kultur in der Gesellschaft	1742094788	3	MA7	Beschluss	2026	7000.0	Transparenzportal IFG 2026	Förderung Musik		On the Couch	on the couch - zur förderung von kunst und kultur in der gesellschaft
On the Couch - zur Förderung von Kunst und Kultur in der Gesellschaft	1742094788	3	MA7	Beschluss	2025	5000.0	Transparenzportal IFG 2025	Musik: Förderung von Vereinen		On the Couch	on the couch - zur förderung von kunst und kultur in der gesellschaft
On the Couch - zur Förderung von Kunst und Kultur in der Gesellschaft	1742094788	3	MA7	Beschluss	2025	7000.0	Transparenzportal IFG 2025	Förderung Musik		On the Couch	on the couch - zur förderung von kunst und kultur in der gesellschaft
On the Couch - zur Förderung von Kunst und Kultur in der Gesellschaft	1742094788	3	Bezirkskultur	Beschluss	2025	3000.0	Transparenzportal IFG 2025	Bezirkskulturförderung		On the Couch	on the couch - zur förderung von kunst und kultur in der gesellschaft
MOOZAK - VEREIN FÜR EXPERIMENTELLE MUSIK	817982407	19	MA7	Beschluss	2026	6000.0	Transparenzportal IFG 2026	Musik: Förderung von Vereinen		Moozak	moozak - verein für experimentelle musik
MOOZAK - VEREIN FÜR EXPERIMENTELLE MUSIK	817982407	19	MA7	Beschluss	2026	5000.0	Transparenzportal IFG 2026	Förderung Musik		Moozak	moozak - verein für experimentelle musik
Verein zur Erweiterung des kulturellen und künstlerischen Spektrums (VEKKS)	743276021	15	MA7	Beschluss	2025	18000.0	Transparenzportal IFG 2025	Förderung Musik		Vekks	verein zur erweiterung des kulturellen und künstlerischen spektrums (vekks)
Verein zur Erweiterung des kulturellen und künstlerischen Spektrums (VEKKS)	743276021	15	MA7	Beschluss	2025	8000.0	Transparenzportal IFG 2025	Musik: Förderung von Vereinen		Vekks	verein zur erweiterung des kulturellen und künstlerischen spektrums (vekks)
Verein zur Erweiterung des kulturellen und künstlerischen Spektrums (VEKKS)	743276021	15	MA7	Beschluss	2026	18000.0	Transparenzportal IFG 2026	Förderung Musik		Vekks	verein zur erweiterung des kulturellen und künstlerischen spektrums (vekks)
Verein zur Erweiterung des kulturellen und künstlerischen Spektrums (VEKKS)	743276021	15	MA7	Beschluss	2026	16000.0	Transparenzportal IFG 2026	Musik: Förderung von Vereinen		Vekks	verein zur erweiterung des kulturellen und künstlerischen spektrums (vekks)
"


""Ventil"" - Verein zur Freisetzung klanglicher Innovation und Dynamik Kurztitel:\nVenti"	462456728	18	MA7	Beschluss	2025	13000.0	Transparenzportal IFG 2025	Förderung Musik		Ventil Records	"


""Ventil"" - Verein zur Freisetzung klanglicher Innovation und Dynamik Kurztitel:\nVenti"
"


""Ventil"" - Verein zur Freisetzung klanglicher Innovation und Dynamik Kurztitel:\nVenti"	462456728	18	MA7	Beschluss	2025	8000.0	Transparenzportal IFG 2025	Musik: Förderung von Vereinen		Ventil Records	"


""Ventil"" - Verein zur Freisetzung klanglicher Innovation und Dynamik Kurztitel:\nVenti"
Verein Kulturzentrum FLUCC	1842290121	2	MA7	Beschluss	2025	110000.0	Transparenzportal IFG 2025	Kulturinitiativen		FLUCC	verein kulturzentrum flucc
Verein Kulturzentrum FLUCC	1842290121	2	MA7	Beschluss	2025	30000.0	Transparenzportal IFG 2025	Video- Medienkunst: Förderung von Vereinen		FLUCC	verein kulturzentrum flucc
Verein für elektroakustische Musik Kurztitel VELAK	229137709	5	MA7	Beschluss	2025	6000.0	Transparenzportal IFG 2025	Förderung Musik			verein für elektroakustische musik kurztitel velak
Verein für elektroakustische Musik Kurztitel VELAK	229137709	5	MA7	Beschluss	2025	13500.0	Transparenzportal IFG 2025	Musik: Förderung von Vereinen			verein für elektroakustische musik kurztitel velak
Verein für elektroakustische Musik Kurztitel VELAK	229137709	5	MA7	Beschluss	2026	5000.0	Transparenzportal IFG 2026	Förderung Musik			verein für elektroakustische musik kurztitel velak
Verein für elektroakustische Musik Kurztitel VELAK	229137709	5	MA7	Beschluss	2026	27000.0	Transparenzportal IFG 2026	Musik: Förderung von Vereinen			verein für elektroakustische musik kurztitel velak
Verein zur Förderung der Neuen Musik im Kirchenraum	812262237	15	MA7	Beschluss	2025	10500.0	Transparenzportal IFG 2025	Musik: Förderung von Vereinen			verein zur förderung der neuen musik im kirchenraum
Verein zur Förderung der Neuen Musik im Kirchenraum	812262237	15	MA7	Beschluss	2026	7500.0	Transparenzportal IFG 2026	Förderung Musik			verein zur förderung der neuen musik im kirchenraum
Verein zur Förderung der Neuen Musik im Kirchenraum	812262237	15	MA7	Beschluss	2026	21000.0	Transparenzportal IFG 2026	Musik: Förderung von Vereinen			verein zur förderung der neuen musik im kirchenraum
"""Vienna.ACTS"", Verein zur Förderung von Kunst"""	130944845	7	MA7	Beschluss	2025	45000.0	Transparenzportal IFG 2025	Kulturinitiativen			"""vienna.acts"", verein zur förderung von kunst"
"""Vienna.ACTS"", Verein zur Förderung von Kunst"""	130944845	7	MA7	Beschluss	2025	10000.0	Transparenzportal IFG 2025	Förderung Musik			"""vienna.acts"", verein zur förderung von kunst"
"""Vienna.ACTS"", Verein zur Förderung von Kunst"""	130944845	7	BMKöS	Beschluss	2025	5000.0	Transparenzportal IFG 2025	"Förderung Festspiele und ähnlichen Saisonveranstaltungen Förderungen			
"			"""vienna.acts"", verein zur förderung von kunst"
"""Vienna.ACTS"", Verein zur Förderung von Kunst"""	130944845	7	MA7	Beschluss	2025	56000.0	Transparenzportal IFG 2025	Regionale Kulturinitiativen			"""vienna.acts"", verein zur förderung von kunst"
"""Vienna.ACTS"", Verein zur Förderung von Kunst"""	130944845	7	MA7	Beschluss	2026	40000.0	Transparenzportal IFG 2026	Kulturinitiativen			"""vienna.acts"", verein zur förderung von kunst"
XOK - Interessensgemeinschaft der experimentellen Musik- und Klangkunstszene\nWiens	1792507501	2	MA7	Beschluss	2026	12000.0	Transparenzportal IFG 2026	Förderung Musik		XOK	xok - interessensgemeinschaft der experimentellen musik- und klangkunstszene\nwiens
czirp czirp - experimental and sonic arts. Verein zur Förderung Experimenteller und\nKlang-Kunst	460617721	8	Bezirkskultur	Beschluss	2025	2900.0	Transparenzportal IFG 2025	Bezirkskulturförderung			czirp czirp - experimental and sonic arts. verein zur förderung experimenteller und\nklang-kunst
czirp czirp - experimental and sonic arts. Verein zur Förderung Experimenteller und\nKlang-Kunst	460617721	8	MA7	Beschluss	2025	20000.0	Transparenzportal IFG 2025	Förderung Musik			czirp czirp - experimental and sonic arts. verein zur förderung experimenteller und\nklang-kunst
Verein Kulturzentrum FLUCC	1842290121	2	MA7	Beschluss	2026	160000.0	Transparenzportal IFG 2026	Kulturinitiativen		FLUCC	verein kulturzentrum flucc
Verein Kulturzentrum FLUCC	1842290121	2	MA7	Beschluss	2026	30000.0	Transparenzportal IFG 2026	Video- Medienkunst: Förderung von Vereinen		FLUCC	verein kulturzentrum flucc
Verein zur Förderung der Neuen Musik im Kirchenraum	812262237	15	Bezirkskultur	Beschluss	2025	3000.0	Transparenzportal IFG 2025	Bezirkskulturförderung			verein zur förderung der neuen musik im kirchenraum
Verein zur Förderung der Neuen Musik im Kirchenraum	812262237	15	MA7	Beschluss	2025	8000.0	Transparenzportal IFG 2025	Förderung Musik			verein zur förderung der neuen musik im kirchenraum
Jazz & Musicclub Porgy & Bess	79072322	4	MA7	Beschluss	2025	170000.0	Transparenzportal IFG 2025	Förderung Musik		Porgy & Bess	jazz & musicclub porgy & bess
Jazz & Musicclub Porgy & Bess	79072322	4	MA7	Beschluss	2026	85000.0	Transparenzportal IFG 2026	Förderung Musik		Porgy & Bess	jazz & musicclub porgy & bess
Wien Modern, Verein für neue Musik	678661440	3	BMKöS	Beschluss	2025	350000.0	Transparenzportal IFG 2025	"Förderung Festspiele und ähnlichen Saisonveranstaltungen Förderungen			
"		Wien Modern	wien modern, verein für neue musik
Wien Modern, Verein für neue Musik	678661440	3	MA7	Beschluss	2025	1050000.0	Transparenzportal IFG 2025	Förderung von Einzelvorhaben und Jahrestätigkeiten im Bereich der Musik		Wien Modern	wien modern, verein für neue musik
Wien Modern, Verein für neue Musik	678661440	3	MA7	Beschluss	2026	900000.0	Transparenzportal IFG 2026	Förderung Musik		Wien Modern	wien modern, verein für neue musik
snim - spontanes Netzwerk für improvisierte Musik	461480763	15	MA7	Beschluss	2025	4000.0	Transparenzportal IFG 2025	Musik: Förderung von Vereinen			snim - spontanes netzwerk für improvisierte musik
snim - spontanes Netzwerk für improvisierte Musik	461480763	15	MA7	Beschluss	2026	4000.0	Transparenzportal IFG 2026	Musik: Förderung von Vereinen			snim - spontanes netzwerk für improvisierte musik
sp ce. Verein zur Förderung von Kunst und Transdisziplinarität	752869720	19	MA7	Beschluss	2025	8000.0	Transparenzportal IFG 2025	Musik: Förderung von Vereinen			sp ce. verein zur förderung von kunst und transdisziplinarität
sp ce. Verein zur Förderung von Kunst und Transdisziplinarität	752869720	19	MA7	Beschluss	2025	4000.0	Transparenzportal IFG 2025	Video- Medienkunst: Förderung von Vereinen			sp ce. verein zur förderung von kunst und transdisziplinarität
small forms - Verein zur Förderung und Verbreitung von zeitgenössischen Musikformen	503262449	16	MA7	Beschluss	2025	15000.0	Transparenzportal IFG 2025	Förderung Musik		Smallforms	small forms - verein zur förderung und verbreitung von zeitgenössischen musikformen
small forms - Verein zur Förderung und Verbreitung von zeitgenössischen Musikformen	503262449	16	MA7	Beschluss	2025	10000.0	Transparenzportal IFG 2025	Musik: Förderung von Vereinen		Smallforms	small forms - verein zur förderung und verbreitung von zeitgenössischen musikformen
small forms - Verein zur Förderung und Verbreitung von zeitgenössischen Musikformen	503262449	16	MA7	Beschluss	2026	15000.0	Transparenzportal IFG 2026	Förderung Musik		Smallforms	small forms - verein zur förderung und verbreitung von zeitgenössischen musikformen
small forms - Verein zur Förderung und Verbreitung von zeitgenössischen Musikformen	503262449	16	MA7	Beschluss	2026	10000.0	Transparenzportal IFG 2026	Musik: Förderung von Vereinen		Smallforms	small forms - verein zur förderung und verbreitung von zeitgenössischen musikformen
moment collective - Verein für experimentelle Musik, audio-visuelle und\nperformative Kuns	839307922	14	MA7	Beschluss	2026	25000.0	Transparenzportal IFG 2026	Musik: Förderung von Vereinen			moment collective - verein für experimentelle musik, audio-visuelle und\nperformative kuns
moment collective - Verein für experimentelle Musik, audio-visuelle und\nperformative Kuns	839307922	14	MA7	Beschluss	2025	30000.0	Transparenzportal IFG 2025	Musik: Förderung von Vereinen			moment collective - verein für experimentelle musik, audio-visuelle und\nperformative kuns
moment collective - Verein für experimentelle Musik, audio-visuelle und\nperformative Kuns	839307922	14	MA7	Beschluss	2025	27000.0	Transparenzportal IFG 2025	Förderung Musik			moment collective - verein für experimentelle musik, audio-visuelle und\nperformative kuns
punctum collective, Verein zur Förderung zeitgenössischer Musik und\ntransmedialer Kunstformate	1310873198	5	MA7	Beschluss	2026	7000.0	Transparenzportal IFG 2026	Musik: Förderung von Vereinen			punctum collective, verein zur förderung zeitgenössischer musik und\ntransmedialer kunstformate
punctum collective, Verein zur Förderung zeitgenössischer Musik und\ntransmedialer Kunstformate	1310873198	5	MA7	Beschluss	2026	8000.0	Transparenzportal IFG 2026	Förderung Musik			punctum collective, verein zur förderung zeitgenössischer musik und\ntransmedialer kunstformate
punctum collective, Verein zur Förderung zeitgenössischer Musik und\ntransmedialer Kunstformate	1310873198	5	MA7	Beschluss	2025	9000.0	Transparenzportal IFG 2025	Musik: Förderung von Vereinen			punctum collective, verein zur förderung zeitgenössischer musik und\ntransmedialer kunstformate
punctum collective, Verein zur Förderung zeitgenössischer Musik und\ntransmedialer Kunstformate	1310873198	5	Bezirkskultur	Beschluss	2025	1500.0	Transparenzportal IFG 2025	Bezirkskulturförderung			punctum collective, verein zur förderung zeitgenössischer musik und\ntransmedialer kunstformate
ensemble N - Verein und Ensemble für zeitgenössische Musik	[nicht dokumentiert]	[nicht dokumentiert]	MA7	Beschluss	2026	15000.0	Transparenzportal IFG 2026	Musik: Förderung von Vereinen			ensemble n - verein und ensemble für zeitgenössische musik
ensemble N - Verein und Ensemble für zeitgenössische Musik	[nicht dokumentiert]	[nicht dokumentiert]	MA7	Beschluss	2026	8000.0	Transparenzportal IFG 2026	Förderung Musik			ensemble n - verein und ensemble für zeitgenössische musik
ensemble N - Verein und Ensemble für zeitgenössische Musik	[nicht dokumentiert]	[nicht dokumentiert]	MA7	Beschluss	2025	15000.0	Transparenzportal IFG 2025	Musik: Förderung von Vereinen			ensemble n - verein und ensemble für zeitgenössische musik
ensemble N - Verein und Ensemble für zeitgenössische Musik	[nicht dokumentiert]	[nicht dokumentiert]	MA7	Beschluss	2025	8000.0	Transparenzportal IFG 2025	Förderung Musik			ensemble n - verein und ensemble für zeitgenössische musik
czirp czirp - experimental and sonic arts. Verein zur Förderung Experimenteller und\nKlang-Kunst	460617721	8	MA7	Beschluss	2025	15000.0	Transparenzportal IFG 2025	Musik: Förderung von Vereinen			czirp czirp - experimental and sonic arts. verein zur förderung experimenteller und\nklang-kunst
czirp czirp - experimental and sonic arts. Verein zur Förderung Experimenteller und\nKlang-Kunst	460617721	8	MA7	Beschluss	2025	5000.0	Transparenzportal IFG 2025	Video- Medienkunst: Förderung von Vereinen			czirp czirp - experimental and sonic arts. verein zur förderung experimenteller und\nklang-kunst
czirp czirp - experimental and sonic arts. Verein zur Förderung Experimenteller und\nKlang-Kunst	460617721	8	MA7	Beschluss	2026	10000.0	Transparenzportal IFG 2026	Förderung Musik			czirp czirp - experimental and sonic arts. verein zur förderung experimenteller und\nklang-kunst
czirp czirp - experimental and sonic arts. Verein zur Förderung Experimenteller und\nKlang-Kunst	460617721	8	MA7	Beschluss	2026	30000.0	Transparenzportal IFG 2026	Musik: Förderung von Vereinen			czirp czirp - experimental and sonic arts. verein zur förderung experimenteller und\nklang-kunst
The Acousmatic Project - Verein zur Förderung Akusmatischer Musik	874404447	2	MA7	Beschluss	2025	15000.0	Transparenzportal IFG 2025	Förderung Musik			the acousmatic project - verein zur förderung akusmatischer musik
The Acousmatic Project - Verein zur Förderung Akusmatischer Musik	874404447	2	MA7	Beschluss	2025	16000.0	Transparenzportal IFG 2025	Musik: Förderung von Vereinen			the acousmatic project - verein zur förderung akusmatischer musik
id/l Agentur für Kunst und Kultur	214732532	18	MA7	Beschluss	2026	50000.0	Transparenzportal IFG 2026	Kulturinitiativen		id/l	id/l agentur für kunst und kultur
id/l Agentur für Kunst und Kultur	214732532	18	MA7	Beschluss	2026	23000.0	Transparenzportal IFG 2026	Musik: Förderung von Vereinen		id/l	id/l agentur für kunst und kultur
id/l Agentur für Kunst und Kultur	214732532	18	Bezirkskultur	Beschluss	2025	5900.0	Transparenzportal IFG 2025	Bezirkskulturförderung		id/l	id/l agentur für kunst und kultur
id/l Agentur für Kunst und Kultur	214732532	18	MA7	Beschluss	2025	50000.0	Transparenzportal IFG 2025	Kulturinitiativen		id/l	id/l agentur für kunst und kultur
id/l Agentur für Kunst und Kultur	214732532	18	BMKöS	Beschluss	2025	23000.0	Transparenzportal IFG 2025	"Förderung Festspiele und ähnlichen Saisonveranstaltungen Förderungen			
"		id/l	id/l agentur für kunst und kultur
liccht - kulturverein für nischenmusik und populärkultur	1472352125	3	MA7	Beschluss	2025	13000.0	Transparenzportal IFG 2025	Förderung Musik		liccht	liccht - kulturverein für nischenmusik und populärkultur
echoraum Vereinigung zur Förderung der Kulturkommunikation	884318065	15	MA7	Beschluss	2026	60000.0	Transparenzportal IFG 2026	Förderung Musik		echoraum	echoraum vereinigung zur förderung der kulturkommunikation
echoraum Vereinigung zur Förderung der Kulturkommunikation	884318065	15	MA7	Beschluss	2026	20000.0	Transparenzportal IFG 2026	Musik: Förderung von Vereinen		echoraum	echoraum vereinigung zur förderung der kulturkommunikation
echoraum Vereinigung zur Förderung der Kulturkommunikation	884318065	15	Bezirkskultur	Beschluss	2025	3500.0	Transparenzportal IFG 2025	Bezirkskulturförderung		echoraum	echoraum vereinigung zur förderung der kulturkommunikation
echoraum Vereinigung zur Förderung der Kulturkommunikation	884318065	15	MA7	Beschluss	2025	110000.0	Transparenzportal IFG 2025	Förderung Musik		echoraum	echoraum vereinigung zur förderung der kulturkommunikation
echoraum Vereinigung zur Förderung der Kulturkommunikation	884318065	15	MA7	Beschluss	2025	12000.0	Transparenzportal IFG 2025	Musik: Förderung von Vereinen		echoraum	echoraum vereinigung zur förderung der kulturkommunikation
The Acousmatic Project - Verein zur Förderung Akusmatischer Musik	874404447	2	MA7	Beschluss	2026	10000.0	Transparenzportal IFG 2026	Förderung Musik			the acousmatic project - verein zur förderung akusmatischer musik
The Acousmatic Project - Verein zur Förderung Akusmatischer Musik	874404447	2	MA7	Beschluss	2026	16000.0	Transparenzportal IFG 2026	Musik: Förderung von Vereinen			the acousmatic project - verein zur förderung akusmatischer musik
liccht - kulturverein für nischenmusik und populärkultur	1472352125	3	MA7	Beschluss	2026	12000.0	Transparenzportal IFG 2026	Förderung Musik		liccht	liccht - kulturverein für nischenmusik und populärkultur
Studio Dan - Verein für Neue Musik	408034688	20	MA7	Beschluss	2025	54000.0	Transparenzportal IFG 2025	Musik: Förderung von Vereinen		Studio Dan	studio dan - verein für neue musik
Studio Dan - Verein für Neue Musik	408034688	20	MA7	Beschluss	2025	2217.0	Transparenzportal IFG 2025	IG Netz		Studio Dan	studio dan - verein für neue musik
Studio Dan - Verein für Neue Musik	408034688	20	MA7	Beschluss	2026	60000.0	Transparenzportal IFG 2026	Musik: Förderung von Vereinen. verificar duplicado*		Studio Dan	studio dan - verein für neue musik
WUK - Verein zur Schaffung offener Kultur- und Werkstättenhäuser,\nKurzbezeichnung WUK Werkstätten- und Kulturhaus	535133641	9	MA7	Beschluss	2026	30000.0	Transparenzportal IFG 2026	Bildende Kunst und Medienkunst		WUK	wuk - verein zur schaffung offener kultur- und werkstättenhäuser,\nkurzbezeichnung wuk werkstätten- und kulturhaus
WUK - Verein zur Schaffung offener Kultur- und Werkstättenhäuser,\nKurzbezeichnung WUK Werkstätten- und Kulturhaus	535133641	9	MA7	Beschluss	2026	200000.0	Transparenzportal IFG 2026	Darstellende Kunst		WUK	wuk - verein zur schaffung offener kultur- und werkstättenhäuser,\nkurzbezeichnung wuk werkstätten- und kulturhaus
Jazz & Musicclub Porgy & Bess	79072322	4	MA7	Beschluss	2025	350000.0	Transparenzportal IFG 2025	Musik: Förderung von Vereinen		Porgy & Bess	jazz & musicclub porgy & bess
Peer to Peer - Verein zur Förderung und Verbreitung experimenteller Musik  interdisziplinärer Kunstformate und Diskurs	1254357283	20	BMKöS	Beschluss	2026	27000.0	Transparenzportal IFG 2026	ausbezahlt: Musik: Förderung von Vereinen, vergleichbaren Einrichtungen und Einzelpersonen			peer to peer - verein zur förderung und verbreitung experimenteller musik  interdisziplinärer kunstformate und diskurs
Peer to Peer - Verein zur Förderung und Verbreitung experimenteller Musik  interdisziplinärer Kunstformate und Diskurs	1254357283	20	MA7	Beschluss	2025	55000.0	Transparenzportal IFG 2025	ausbezahlt: Föderung von Einzelvorhaben und Jahrestätigkeiten im Bereich der Musik			peer to peer - verein zur förderung und verbreitung experimenteller musik  interdisziplinärer kunstformate und diskurs
Peer to Peer - Verein zur Förderung und Verbreitung experimenteller Musik  interdisziplinärer Kunstformate und Diskurs	1254357283	20	BMKöS	Beschluss	2025	25000.0	Transparenzportal IFG 2026	ausbezahlt: Musik: Förderung von Vereinen, vergleichbaren Einrichtungen und Einzelpersonen			peer to peer - verein zur förderung und verbreitung experimenteller musik  interdisziplinärer kunstformate und diskurs
Studio Dan - Verein für Neue Musik	408034688	20	MA7	Beschluss	2024	100000.0	Kunst- Kultur- und Wissenschaftsbericht der Stadt Wien 2024	ausbezahlt: Mehrjährige Gesamtförderung 2024-2025 (2024). Ensemble		Studio Dan	studio dan - verein für neue musik
SHIZZLE - Kunst- und Kulturverein	818583997	17	MA7	Beschluss	2023	35000.0	Kunst- Kultur- und Wissenschaftsbericht der Stadt Wien 2023	ausbezahlt: Kulturinitiativen			shizzle - kunst- und kulturverein
SHIZZLE - Kunst- und Kulturverein	818583997	17	MA7	Beschluss	2024	35000.0	Kunst- Kultur- und Wissenschaftsbericht der Stadt Wien 2024	ausbezahlt: Kulturinitiativen			shizzle - kunst- und kulturverein
Wien Modern, Verein für neue Musik	678661440	3	MA7	Beschluss	2024	1040000.0	Kunst- Kultur- und Wissenschaftsbericht der Stadt Wien 2024	ausbezahlt: Mehrjährige Gesamtförderung 2024-2025 (2024). Festival		Wien Modern	wien modern, verein für neue musik
Klang.Kunst.Etage - Verein für experimentelle Musik und Kunstprojekte	539978143	2	MA7	Beschluss	2024	24000.0	Kunst- Kultur- und Wissenschaftsbericht der Stadt Wien 2024	ausbezahlt: Gesamtförderung 2024. Ensemble			klang.kunst.etage - verein für experimentelle musik und kunstprojekte
moment collective - Verein für experimentelle Musik, audio-visuelle und\nperformative Kuns	839307922	14	MA7	Beschluss	2024	22000.0	Kunst- Kultur- und Wissenschaftsbericht der Stadt Wien 2024	ausbezahlt: Black Page Orchestra Konzerte. Ensemble	Black Page Orchestra Konzerte		moment collective - verein für experimentelle musik, audio-visuelle und\nperformative kuns
Verein für elektroakustische Musik Kurztitel VELAK	229137709	5	MA7	Beschluss	2024	6500.0	Kunst- Kultur- und Wissenschaftsbericht der Stadt Wien 2024	ausbezahlt: velak gala/export. Einzelförderung Projekte	VELAK Gala		verein für elektroakustische musik kurztitel velak
Verein für Kunstvermischung	448124582	17	MA7	Beschluss	2024	25000.0	Kunst- Kultur- und Wissenschaftsbericht der Stadt Wien 2024	ausbezahlt: Der blöde dritte Mittwoch. Einzelförderung Projekte	Der Blöde Dritte Mittwoch		verein für kunstvermischung
Verein zur Förderung der Neuen Musik im Kirchenraum	812262237	15	MA7	Beschluss	2024	8000.0	Kunst- Kultur- und Wissenschaftsbericht der Stadt Wien 2024	ausbezahlt: Neue Musik in St. Ruprecht. Einzelförderung Projekte	Neue Musik in St. Ruprecht		verein zur förderung der neuen musik im kirchenraum
Verein zur Förderung von Subkultur	815077150	12	MA7	Beschluss	2024	8000.0	Kunst- Kultur- und Wissenschaftsbericht der Stadt Wien 2024	ausbezahlt: Salon skug. Einzelförderung Projekte	Salon skug		verein zur förderung von subkultur
sp ce. Verein zur Förderung von Kunst und Transdisziplinarität	752869720	19	MA7	Beschluss	2024	8000.0	Kunst- Kultur- und Wissenschaftsbericht der Stadt Wien 2024	ausbezahlt: Festival SUAL. Festival	Festival SUAL		sp ce. verein zur förderung von kunst und transdisziplinarität
On the Couch - zur Förderung von Kunst und Kultur in der Gesellschaft	1742094788	3	MA7	Beschluss	2024	7000.0	Kunst- Kultur- und Wissenschaftsbericht der Stadt Wien 2024	ausbezahlt: On the Couch Studiokonzerte. Einzelförderung Projekte		On the Couch	on the couch - zur förderung von kunst und kultur in der gesellschaft
PARKEN, Verein zur Förderung experimenteller Musik im öffentlichem Raum	1294222714	16	MA7	Beschluss	2024	10000.0	Kunst- Kultur- und Wissenschaftsbericht der Stadt Wien 2024	ausbezahlt: PARKEN. Einzelförderung Projekte	PARKEN	PARKEN	parken, verein zur förderung experimenteller musik im öffentlichem raum
punctum collective, Verein zur Förderung zeitgenössischer Musik und\ntransmedialer Kunstformate	1310873198	5	MA7	Beschluss	2024	8000.0	Kunst- Kultur- und Wissenschaftsbericht der Stadt Wien 2024	ausbezahlt: Veranstaltungsreihe. Einzelförderung Projekte			punctum collective, verein zur förderung zeitgenössischer musik und\ntransmedialer kunstformate
Rantasa + Rantasa GmbH	GmbH	8	MA7	Beschluss	2024	25000.0	Kunst- Kultur- und Wissenschaftsbericht der Stadt Wien 2024	ausbezahlt: Künstlerisches Programm rhiz. Einzelförderung Projekte		rhiz	rantasa + rantasa gmbh
czirp czirp - experimental and sonic arts. Verein zur Förderung Experimenteller und\nKlang-Kunst	460617721	8	MA7	Beschluss	2023	10000.0	Kunst- Kultur- und Wissenschaftsbericht der Stadt Wien 2023	ausbezahlt: CLUB RADIOKOJE | HOLDING BREATH. Einzelförderung Projekte	CLUB RADIOKOJE		czirp czirp - experimental and sonic arts. verein zur förderung experimenteller und\nklang-kunst
Floating Sound Gallery Vienna, Verein zur Förderung von Kunst und Kultur	1534373870	18	MA7	Beschluss	2023	4500.0	Kunst- Kultur- und Wissenschaftsbericht der Stadt Wien 2023	ausbezahlt: ACOUSMONIUM. Einzelförderung Projekte	ACOUSMONIUM	Floating Sound Gallery Vienna	floating sound gallery vienna, verein zur förderung von kunst und kultur
Kulturverein WERK	140201457	9	MA7	Beschluss	2023	10000.0	Kunst- Kultur- und Wissenschaftsbericht der Stadt Wien 2023	ausbezahlt: Konzerte im 1. Halbjahr 2023. Einzelförderung Projekte			kulturverein werk
Kulturverein WERK	140201457	9	MA7	Beschluss	2023	5000.0	Kunst- Kultur- und Wissenschaftsbericht der Stadt Wien 2023	ausbezahlt: Konzerte im 2. Halbjahr 2023. Einzelförderung Projekte			kulturverein werk
Reconsil - Verein zur Förderung zeitgenössischer Musik	90914757	5	MA7	Beschluss	2022	5000.0	Kunst- Kultur- und Wissenschaftsbericht der Stadt Wien 2022	ausbezahlt: Konzertzyklus 3 Konzerte im REAKTOR. Ensemble			reconsil - verein zur förderung zeitgenössischer musik
Antunes de Menezes Melissa	[Einzelperson]	[nicht dokumentiert]	MA7	Beschluss	2023	6000.0	Kunst- Kultur- und Wissenschaftsbericht der Stadt Wien 2023	ausbezahlt: TENDER MATTER Konzertreihe. Einzelperson	TENDER MATTER Konzertreihe		antunes de menezes melissa
A M B I T U S – Gruppe für neue Musik	228515470	17	MA7	Beschluss	2022	4000.0	Kunst- Kultur- und Wissenschaftsbericht der Stadt Wien 2022	ausbezahlt: Konzerte mit zeitgenössischer Musik. Ensemble			a m b i t u s – gruppe für neue musik
Between Feathers	1931401223	14	MA7	Beschluss	2022	6000.0	Kunst- Kultur- und Wissenschaftsbericht der Stadt Wien 2022	ausbezahlt: Halbjahresprogramm Herbst 2022. Ensemble			between feathers
Klang.Kunst.Etage - Verein für experimentelle Musik und Kunstprojekte	539978143	2	MA7	Beschluss	2022	20000.0	Kunst- Kultur- und Wissenschaftsbericht der Stadt Wien 2022	ausbezahlt: Vienna Improvisers Orchestra / Raum Utopie Dynamik II. Ensemble	Vienna Improvisers Orchestra		klang.kunst.etage - verein für experimentelle musik und kunstprojekte
moment collective - Verein für experimentelle Musik, audio-visuelle und\nperformative Kuns	839307922	14	MA7	Beschluss	2022	15000.0	Kunst- Kultur- und Wissenschaftsbericht der Stadt Wien 2022	ausbezahlt: Black Page Orchestra Konzerte. Ensemble	Black Page Orchestra Konzerte		moment collective - verein für experimentelle musik, audio-visuelle und\nperformative kuns
PHACE - Ensemble für neue Musik	366181964	15	MA7	Beschluss	2022	75000.0	Kunst- Kultur- und Wissenschaftsbericht der Stadt Wien 2022	ausbezahlt: Gesamtförderung 2022. Ensemble			phace - ensemble für neue musik
Platypus - Verein für Neue Musik	881787755	5	MA7	Beschluss	2022	18000.0	Kunst- Kultur- und Wissenschaftsbericht der Stadt Wien 2022	ausbezahlt: Gesamtförderung 2022. Ensemble			platypus - verein für neue musik
Verein Künstlergruppe DYNAMO	332578538	2	MA7	Beschluss	2022	16000.0	Kunst- Kultur- und Wissenschaftsbericht der Stadt Wien 2022	ausbezahlt: Konzerttätigkeiten FLUCC und FLUC_WANNE 1. Halbjahr 2022. Einzelförderung Projekte	FLUCC Konzerttätigkeiten		verein künstlergruppe dynamo
Verein zur Förderung der Neuen Musik im Kirchenraum	812262237	15	MA7	Beschluss	2022	6500.0	Kunst- Kultur- und Wissenschaftsbericht der Stadt Wien 2022	ausbezahlt: Neue Musik in St. Ruprecht. Einzelförderung Projekte	Neue Musik in St. Ruprecht		verein zur förderung der neuen musik im kirchenraum
Verein zur Förderung von Subkultur	815077150	12	MA7	Beschluss	2022	8000.0	Kunst- Kultur- und Wissenschaftsbericht der Stadt Wien 2022	ausbezahlt: Salon skug. Einzelförderung Projekte	Salon skug		verein zur förderung von subkultur
Central Garden	17183473	2	MA7	Beschluss	2022	5000.0	Kunst- Kultur- und Wissenschaftsbericht der Stadt Wien 2022	ausbezahlt: Kanal #41.2. Festival	Kanal #41.2		central garden
MOOZAK - VEREIN FÜR EXPERIMENTELLE MUSIK	817982407	19	MA7	Beschluss	2022	15000.0	Kunst- Kultur- und Wissenschaftsbericht der Stadt Wien 2022	ausbezahlt: Jahresendzeitschokoladenhohlkörper Festival. Festival		Moozak	moozak - verein für experimentelle musik
SISTERS - Verein für queer feministische Kunst und Kultur	914774238	15	MA7	Beschluss	2022	75000.0	Kunst- Kultur- und Wissenschaftsbericht der Stadt Wien 2022	ausbezahlt: HYPERREALITY 2022. Festival	HYPERREALITY		sisters - verein für queer feministische kunst und kultur
Between Feathers	1931401223	14	MA7	Beschluss	2023	10000.0	Kunst- Kultur- und Wissenschaftsbericht der Stadt Wien 2023	ausbezahlt: Gesamtförderung 2023. Ensemble			between feathers
ensemble N - Verein und Ensemble für zeitgenössische Musik	[nicht dokumentiert]	[nicht dokumentiert]	MA7	Beschluss	2023	3500.0	Kunst- Kultur- und Wissenschaftsbericht der Stadt Wien 2023	ausbezahlt: Palimpsests. Ensemble	Palimpsests		ensemble n - verein und ensemble für zeitgenössische musik
ensemble N - Verein und Ensemble für zeitgenössische Musik	[nicht dokumentiert]	[nicht dokumentiert]	MA7	Beschluss	2023	4000.0	Kunst- Kultur- und Wissenschaftsbericht der Stadt Wien 2023	ausbezahlt: Konzertreihe 2. Halbjahr 2023. Ensemble			ensemble n - verein und ensemble für zeitgenössische musik
Verein für Kunstvermischung	448124582	17	MA7	Beschluss	2023	20000.0	Kunst- Kultur- und Wissenschaftsbericht der Stadt Wien 2023	ausbezahlt: Der blöde dritte Mittwoch. Einzelförderung Projekte	Der Blöde Dritte Mittwoch		verein für kunstvermischung
Verein für Kunstvermischung	448124582	17	MA7	Beschluss	2023	5000.0	Kunst- Kultur- und Wissenschaftsbericht der Stadt Wien 2023	ausbezahlt: Beatnik Manifesto. Einzelförderung Projekte	Beatnik Manifesto		verein für kunstvermischung
Verein für vegetabile Klangpraxis	913810634	16	MA7	Beschluss	2023	10000.0	Kunst- Kultur- und Wissenschaftsbericht der Stadt Wien 2023	ausbezahlt: 25 Jahre Jubiläumskonzert. Einzelförderung Projekte	25 Jahre Jubiläumskonzert		verein für vegetabile klangpraxis
Verein zur Förderung der Neuen Musik im Kirchenraum	812262237	15	MA7	Beschluss	2023	6500.0	Kunst- Kultur- und Wissenschaftsbericht der Stadt Wien 2023	ausbezahlt: Neue Musik in St. Ruprecht. Einzelförderung Projekte	Neue Musik in St. Ruprecht		verein zur förderung der neuen musik im kirchenraum
Verein zur Förderung von Subkultur	815077150	12	MA7	Beschluss	2023	8000.0	Kunst- Kultur- und Wissenschaftsbericht der Stadt Wien 2023	ausbezahlt: Salon skug. Einzelförderung Projekte	Salon skug		verein zur förderung von subkultur
The Acousmatic Project - Verein zur Förderung Akusmatischer Musik	874404447	2	MA7	Beschluss	2023	5000.0	Kunst- Kultur- und Wissenschaftsbericht der Stadt Wien 2023	ausbezahlt: Young Lion*ess of Acousmatic Music. Einzelförderung Projekte	Young Lion*ess of Acousmatic Music		the acousmatic project - verein zur förderung akusmatischer musik
The Acousmatic Project - Verein zur Förderung Akusmatischer Musik	874404447	2	MA7	Beschluss	2023	17000.0	Kunst- Kultur- und Wissenschaftsbericht der Stadt Wien 2023	ausbezahlt: Projektreihe und Festival Acousmatic Projekt. Einzelförderung Projekte			the acousmatic project - verein zur förderung akusmatischer musik
tonWerk - Forum für Neue Musik	708944665	14	MA7	Beschluss	2023	8000.0	Kunst- Kultur- und Wissenschaftsbericht der Stadt Wien 2023	ausbezahlt: Konzertreihe Wiener Hausmusik. Einzelförderung Projekte	Konzertreihe Wiener Hausmusik		tonwerk - forum für neue musik
Verein für elektroakustische Musik Kurztitel VELAK	229137709	5	MA7	Beschluss	2023	5000.0	Kunst- Kultur- und Wissenschaftsbericht der Stadt Wien 2023	ausbezahlt: Velak Gala Konzertreihe. Einzelförderung Projekte	VELAK Gala		verein für elektroakustische musik kurztitel velak
Rantasa + Rantasa GmbH	GmbH	8	MA7	Beschluss	2023	10000.0	Kunst- Kultur- und Wissenschaftsbericht der Stadt Wien 2023	ausbezahlt: Veranstaltungsreihe rhiz 1. Halbjahr 2023. Einzelförderung Projekte		rhiz	rantasa + rantasa gmbh
Rantasa + Rantasa GmbH	GmbH	8	MA7	Beschluss	2023	15000.0	Kunst- Kultur- und Wissenschaftsbericht der Stadt Wien 2023	ausbezahlt: Veranstaltungsreihe rhiz 2. Halbjahr 2023. Einzelförderung Projekte		rhiz	rantasa + rantasa gmbh
RRRIOT - Verein zur Förderung und Vermittlung feministischen Kulturschaffens	176821539	10	MA7	Beschluss	2023	15000.0	Kunst- Kultur- und Wissenschaftsbericht der Stadt Wien 2023	ausbezahlt: Dishes. Einzelförderung Projekte	Dishes		rrriot - verein zur förderung und vermittlung feministischen kulturschaffens
SAMA Kollektiv - Kunst & Kulturverein	1944532794	19	MA7	Beschluss	2023	4000.0	Kunst- Kultur- und Wissenschaftsbericht der Stadt Wien 2023	ausbezahlt: sama recordings. Einzelförderung Projekte	sama recordings		sama kollektiv - kunst & kulturverein
JazzWerkstatt Wien	59191016	20	MA7	Beschluss	2024	30000.0	Kunst- Kultur- und Wissenschaftsbericht der Stadt Wien 2024	ausbezahlt: 20 Jahre JazzWerkstatt Wien ALL THE THINGS YOU ARE. Einzelförderung Projekte		JazzWerkstatt Wien	jazzwerkstatt wien
JazzWerkstatt Wien	59191016	20	MA7	Beschluss	2024	5000.0	Kunst- Kultur- und Wissenschaftsbericht der Stadt Wien 2024	ausbezahlt: 20 Jahre JazzWerkstatt Wien Erhöhung. Einzelförderung Projekte		JazzWerkstatt Wien	jazzwerkstatt wien
Kunstverein das weisse haus	[nicht dokumentiert]	1	MA7	Beschluss	2024	2500.0	Kunst- Kultur- und Wissenschaftsbericht der Stadt Wien 2024	ausbezahlt: Reverberate. Einzelförderung Projekte	Reverberate		kunstverein das weisse haus
Kunstverein KLANGWERK	[nicht dokumentiert]	[nicht dokumentiert]	MA7	Beschluss	2024	3000.0	Kunst- Kultur- und Wissenschaftsbericht der Stadt Wien 2024	ausbezahlt: NoMaden des Seins in Wien. Einzelförderung Projekte	NoMaden des Seins in Wien		kunstverein klangwerk
Between Feathers	1931401223	14	MA7	Beschluss	2024	3000.0	Kunst- Kultur- und Wissenschaftsbericht der Stadt Wien 2024	ausbezahlt: Vol. 3 Finding a new voice. Einzelförderung Projekte	Vol. 3 Finding a new voice		between feathers
Central Garden	17183473	2	MA7	Beschluss	2024	4000.0	Kunst- Kultur- und Wissenschaftsbericht der Stadt Wien 2024	ausbezahlt: Kanal 41.3. Einzelförderung Projekte	Kanal 41.3		central garden
Joanna Coleman (KEINPONNY)	[Einzelperson]	[nicht dokumentiert]	MA7	Beschluss	2024	2000.0	Kunst- Kultur- und Wissenschaftsbericht der Stadt Wien 2024	ausbezahlt: KEINPONNY. Einzelperson	KEINPONNY		joanna coleman (keinponny)
Jazz & Musicclub Porgy & Bess	79072322	4	MA7	Beschluss	2024	170000.0	Kunst- Kultur- und Wissenschaftsbericht der Stadt Wien 2024	ausbezahlt: Gesamtförderung. Mehrjährige Gesamtförderung 2024-2025		Porgy & Bess	jazz & musicclub porgy & bess
minciospace Betriebs GmbH	GmbH	15	MA7	Beschluss	2024	100000.0	Kunst- Kultur- und Wissenschaftsbericht der Stadt Wien 2024	ausbezahlt: Gesamtförderung 2024. GmbH		Minciospace	minciospace betriebs gmbh
Hjalmar Al-Serori	[Einzelperson]	[nicht dokumentiert]	MA7	Beschluss	2024	12000.0	Kunst- Kultur- und Wissenschaftsbericht der Stadt Wien 2024	ausbezahlt: Celeste Programm. Einzelperson	Celeste Programm		hjalmar al-serori
PHACE - Ensemble für neue Musik	366181964	15	MA7	Beschluss	2023	130000.0	Kunst- Kultur- und Wissenschaftsbericht der Stadt Wien 2023	ausbezahlt: Gesamtförderung 2023. Ensemble			phace - ensemble für neue musik
Platypus - Verein für Neue Musik	881787755	5	MA7	Beschluss	2023	25000.0	Kunst- Kultur- und Wissenschaftsbericht der Stadt Wien 2023	ausbezahlt: Gesamtförderung 2023. Ensemble			platypus - verein für neue musik
Reconsil - Verein zur Förderung zeitgenössischer Musik	90914757	5	MA7	Beschluss	2023	5000.0	Kunst- Kultur- und Wissenschaftsbericht der Stadt Wien 2023	ausbezahlt: Konzertzyklus im REAKTOR. Ensemble			reconsil - verein zur förderung zeitgenössischer musik
Between Feathers	1931401223	14	MA7	Beschluss	2024	11000.0	Kunst- Kultur- und Wissenschaftsbericht der Stadt Wien 2024	ausbezahlt: Gesamtförderung			between feathers
czirp czirp - experimental and sonic arts. Verein zur Förderung Experimenteller und\nKlang-Kunst	460617721	8	MA7	Beschluss	2024	20000.0	Kunst- Kultur- und Wissenschaftsbericht der Stadt Wien 2024	ausbezahlt: Gesamtförderung			czirp czirp - experimental and sonic arts. verein zur förderung experimenteller und\nklang-kunst
echoraum Vereinigung zur Förderung der Kulturkommunikation	884318065	15	MA7	Beschluss	2024	110000.0	Kunst- Kultur- und Wissenschaftsbericht der Stadt Wien 2024	ausbezahlt: Gesamtförderung		echoraum	echoraum vereinigung zur förderung der kulturkommunikation
SAMA Kollektiv - Kunst & Kulturverein	1944532794	19	MA7	Beschluss	2022	5000.0	Kunst- Kultur- und Wissenschaftsbericht der Stadt Wien 2022	ausbezahlt: sama recordings pres. s c h w e b e n. Einzelförderung Projekte	sama recordings		sama kollektiv - kunst & kulturverein
"


""Ventil"" - Verein zur Freisetzung klanglicher Innovation und Dynamik Kurztitel:\nVenti"	462456728	18	MA7	Beschluss	2022	8000.0	Kunst- Kultur- und Wissenschaftsbericht der Stadt Wien 2022	ausbezahlt: Konzertveranstaltungen 2. Halbjahr 2022. Einzelförderung Projekte		Ventil Records	"


""Ventil"" - Verein zur Freisetzung klanglicher Innovation und Dynamik Kurztitel:\nVenti"
Verein für elektroakustische Musik Kurztitel VELAK	229137709	5	MA7	Beschluss	2022	4500.0	Kunst- Kultur- und Wissenschaftsbericht der Stadt Wien 2022	ausbezahlt: VELAK Gala. Einzelförderung Projekte	VELAK Gala		verein für elektroakustische musik kurztitel velak
Kulturverein WERK	140201457	9	MA7	Beschluss	2022	16000.0	Kunst- Kultur- und Wissenschaftsbericht der Stadt Wien 2022	ausbezahlt: Konzerte im 1. Halbjahr 2022. Einzelförderung Projekte			kulturverein werk
Kulturverein WERK	140201457	9	MA7	Beschluss	2022	10000.0	Kunst- Kultur- und Wissenschaftsbericht der Stadt Wien 2022	ausbezahlt: Konzerte im 2. Halbjahr 2022. Einzelförderung Projekte			kulturverein werk
Little Rosies Improvisationsgruppe – Verein für musikalische Improvisation und Zeitgeist	[nicht dokumentiert]	[nicht dokumentiert]	MA7	Beschluss	2022	14000.0	Kunst- Kultur- und Wissenschaftsbericht der Stadt Wien 2022	ausbezahlt: EXPLORATIONS Part II. Einzelförderung Projekte	EXPLORATIONS Part II		little rosies improvisationsgruppe – verein für musikalische improvisation und zeitgeist
MOOZAK - VEREIN FÜR EXPERIMENTELLE MUSIK	817982407	19	MA7	Beschluss	2022	8000.0	Kunst- Kultur- und Wissenschaftsbericht der Stadt Wien 2022	ausbezahlt: Moozak Multichannel Series. Einzelförderung Projekte	Moozak Multichannel Series	Moozak	moozak - verein für experimentelle musik
PARKEN, Verein zur Förderung experimenteller Musik im öffentlichem Raum	1294222714	16	MA7	Beschluss	2022	10000.0	Kunst- Kultur- und Wissenschaftsbericht der Stadt Wien 2022	ausbezahlt: Parken, Or Live in the Park. Einzelförderung Projekte	PARKEN	PARKEN	parken, verein zur förderung experimenteller musik im öffentlichem raum
rhizome audioart association - Verein zur Verbreitung und Förderung\nzeitgenössischer Ton-, Klang-, Musik-, Geräusch- und Audiokunst sowie von\naudiovisuellen, medienkünstlerischen, bildenden, literarischen und anderen\nkünstlerischen Ausdrucksformen, die sich mit Klang und Musik auseinandersetzen	317418575	13	MA7	Beschluss	2022	16000.0	Kunst- Kultur- und Wissenschaftsbericht der Stadt Wien 2022	ausbezahlt: Welcome to the rhizosphere. Einzelförderung Projekte	Welcome to the rhizosphere		rhizome audioart association - verein zur verbreitung und förderung\nzeitgenössischer ton-, klang-, musik-, geräusch- und audiokunst sowie von\naudiovisuellen, medienkünstlerischen, bildenden, literarischen und anderen\nkünstlerischen ausdrucksformen, die sich mit klang und musik auseinandersetzen
RRRIOT - Verein zur Förderung und Vermittlung feministischen Kulturschaffens	176821539	10	MA7	Beschluss	2022	20000.0	Kunst- Kultur- und Wissenschaftsbericht der Stadt Wien 2022	ausbezahlt: DISHES RRR. Einzelförderung Projekte	DISHES RRR		rrriot - verein zur förderung und vermittlung feministischen kulturschaffens
TONSPUR Kunstverein Wien	824358800	7	MA7	Beschluss	2022	9500.0	Kunst- Kultur- und Wissenschaftsbericht der Stadt Wien 2022	ausbezahlt: Gesamtförderung		TONSPUR	tonspur kunstverein wien
andother stage - Verein für künstlerische Forschung und transdiszplinäre Kunst	1140457008	5	MA7	Beschluss	2022	20000.0	Kunst- Kultur- und Wissenschaftsbericht der Stadt Wien 2022	ausbezahlt: We The People. Einzelförderung Projekte	We The People		andother stage - verein für künstlerische forschung und transdiszplinäre kunst
Between Feathers	1931401223	14	MA7	Beschluss	2022	4000.0	Kunst- Kultur- und Wissenschaftsbericht der Stadt Wien 2022	ausbezahlt: Alienation. Einzelförderung Projekte	Alienation		between feathers
czirp czirp - experimental and sonic arts. Verein zur Förderung Experimenteller und\nKlang-Kunst	460617721	8	MA7	Beschluss	2022	5000.0	Kunst- Kultur- und Wissenschaftsbericht der Stadt Wien 2022	ausbezahlt: CLUB RADIOKOJE. Einzelförderung Projekte	CLUB RADIOKOJE		czirp czirp - experimental and sonic arts. verein zur förderung experimenteller und\nklang-kunst
Alexander Eberhard	[Einzelperson]	3	MA7	Beschluss	2022	7500.0	Kunst- Kultur- und Wissenschaftsbericht der Stadt Wien 2022	ausbezahlt: On the Couch – Studiokonzerte. Einzelperson			alexander eberhard
IMPROPER WALLS – Kulturverein zur Förderung von Kunst und soziokulturellen Initiativen	97711962	15	MA7	Beschluss	2022	3000.0	Kunst- Kultur- und Wissenschaftsbericht der Stadt Wien 2022	ausbezahlt: IMPROPER SESSIONS. Einzelförderung Projekte	IMPROPER SESSIONS		improper walls – kulturverein zur förderung von kunst und soziokulturellen initiativen
Vincent Pongracz	[Einzelperson]	[nicht dokumentiert]	MA7	Beschluss	2022	8000.0	Kunst-, Kultur-, und Wissenschaftsbericht der Stadt Wien 2024	Projekte: Synthetic Wednesday	Synesthetic Wednesday		vincent pongracz
Vincent Pongracz	[Einzelperson]	[nicht dokumentiert]	MA7	Beschluss	2023	4000.0	Kunst-, Kultur-, und Wissenschaftsbericht der Stadt Wien 2024	Projekte: Synthetic Wednesday	Synesthetic Wednesday		vincent pongracz
Vincent Pongracz	[Einzelperson]	[nicht dokumentiert]	MA7	Beschluss	2024	5000.0	Kunst-, Kultur-, und Wissenschaftsbericht der Stadt Wien 2024	Projekte: Synthetic Wednesday	Synesthetic Wednesday		vincent pongracz
Vincent Pongracz	[Einzelperson]	[nicht dokumentiert]	MA7	Beschluss	2025	5000.0	Kunst-, Kultur-, und Wissenschaftsbericht der Stadt Wien 2024	Einzelnförderung Projekte: Synthetic Wednesday	Synesthetic Wednesday		vincent pongracz
Vincent Pongracz	[Einzelperson]	[nicht dokumentiert]	MA7	Beschluss	2026	3000.0	Kunst-, Kultur-, und Wissenschaftsbericht der Stadt Wien 2024	8. Bezirk:Synthetic Wednesday	Synesthetic Wednesday		vincent pongracz
Kunst- und Kulturverein Akusmonautikum	1533182155	23	MA7	Beschluss	2024	2000.0	Kunst-, Kultur-, und Wissenschaftsbericht der Stadt Wien 2024	Projekte: KEINPONNY	KEINPONNY		kunst- und kulturverein akusmonautikum
STRUMA+IODINE - Verein zur Erweiterung musikalischer Erfahrungsräume	1954454117	9	BMKöS	Beschluss	2022	3300.0	Kunst- und Kulturbericht des Bundes 2022	ausbezahlt: Mehrjahresförderung 2024-2025		Struma+Iodine	struma+iodine - verein zur erweiterung musikalischer erfahrungsräume
echoraum Vereinigung zur Förderung der Kulturkommunikation	884318065	15	BMKöS	Beschluss	2022	10400.0	Kunst- und Kulturbericht des Bundes 2022	ausbezahlt: Der blöde dritte Mittwoch	Der Blöde Dritte Mittwoch	echoraum	echoraum vereinigung zur förderung der kulturkommunikation
Studio Dan - Verein für Neue Musik	408034688	20	BMKöS	Beschluss	2022	40000.0	Kunst- und Kulturbericht des Bundes 2022	ausbezahlt: EARDRUMS	EARDRUMS	Studio Dan	studio dan - verein für neue musik
The Acousmatic Project - Verein zur Förderung Akusmatischer Musik	874404447	2	BMKöS	Beschluss	2022	13400.0	Kunst- und Kulturbericht des Bundes 2022	ausbezahlt: This is our Dancefloor	This is our Dancefloor		the acousmatic project - verein zur förderung akusmatischer musik
small forms - Verein zur Förderung und Verbreitung von zeitgenössischen Musikformen	503262449	16	BMKöS	Beschluss	2022	5400.0	Kunst- und Kulturbericht des Bundes 2022	ausbezahlt: Tätigkeiten 2024		Smallforms	small forms - verein zur förderung und verbreitung von zeitgenössischen musikformen
Kulturverein Free Music Forum mit dem Zusatz Forum für free Jazz & freie Improvisation	1121875739	5	BMKöS	Beschluss	2022	15000.0	Kunst- und Kulturbericht des Bundes 2022	ausbezahlt: Akusmonautik	Akusmonautik	Free Music Forum	kulturverein free music forum mit dem zusatz forum für free jazz & freie improvisation
SUENA - Verein zur Förderung und Verbreitung neuer Musik	1920809871	20	BMKöS	Beschluss	2022	4900.0	Kunst- und Kulturbericht des Bundes 2022	ausbezahlt:Jahresprogramme		SUENA	suena - verein zur förderung und verbreitung neuer musik
Wien Modern, Verein für neue Musik	678661440	3	BMKöS	Beschluss	2022	200000.0	Kunst- und Kulturbericht des Bundes 2022	ausbezahlt: Jahresprogramme		Wien Modern	wien modern, verein für neue musik
Verein für Kunstvermischung	448124582	17	BMKöS	Beschluss	2022	12000.0	Kunst- und Kulturbericht des Bundes 2022	ausbezahlt: Der Blöde Dritte Mittwoch	Der Blöde Dritte Mittwoch		verein für kunstvermischung
FAM Kulturverein	1490968765	Klagenfurt	BMKöS	Beschluss	2022	8000.0	Kunst- und Kulturbericht des Bundes 2022	ausbezahlt: Projekt: nawa music & film festival	NAWA Festival		fam kulturverein
Klangmanifeste - Verein für Klang-/Kunst-/Formen	771245267	5	BMKöS	Beschluss	2022	5500.0	Kunst- und Kulturbericht des Bundes 2022	ausbezahlt: Projekt			klangmanifeste - verein für klang-/kunst-/formen
Jazz & Musicclub Porgy & Bess	79072322	4	BMKöS	Beschluss	2022	163200.0	Kunst- und Kulturbericht des Bundes 2022	ausbezahlt:Jahresprogramme		Porgy & Bess	jazz & musicclub porgy & bess
WUK - Verein zur Schaffung offener Kultur- und Werkstättenhäuser,\nKurzbezeichnung WUK Werkstätten- und Kulturhaus	535133641	9	BMKöS	Beschluss	2022	410000.0	Kunst- und Kulturbericht des Bundes 2022	ausbezahlt		WUK	wuk - verein zur schaffung offener kultur- und werkstättenhäuser,\nkurzbezeichnung wuk werkstätten- und kulturhaus
Kulturverein Free Music Forum mit dem Zusatz Forum für free Jazz & freie Improvisation	1121875739	5	BMKöS	Beschluss	2023	16500.0	Kunst- und Kulturbericht des Bundes 2023	ausbezahlt: Reverberate	Reverberate	Free Music Forum	kulturverein free music forum mit dem zusatz forum für free jazz & freie improvisation
Studio Dan - Verein für Neue Musik	408034688	20	BMKöS	Beschluss	2023	40000.0	Kunst- und Kulturbericht des Bundes 2023	ausbezahlt: DE/SEMBLE	DE/SEMBLE Festival	Studio Dan	studio dan - verein für neue musik
Wien Modern, Verein für neue Musik	678661440	3	BMKöS	Beschluss	2023	275000.0	Kunst- und Kulturbericht des Bundes 2023	ausbezahlt		Wien Modern	wien modern, verein für neue musik
Klangmanifeste - Verein für Klang-/Kunst-/Formen	771245267	5	BMKöS	Beschluss	2023	6000.0	Kunst- und Kulturbericht des Bundes 2023	ausbezahlt: Para Klangmanifeste 2024	Klangmanifeste		klangmanifeste - verein für klang-/kunst-/formen
MOOZAK - VEREIN FÜR EXPERIMENTELLE MUSIK	817982407	19	BMKöS	Beschluss	2023	5000.0	Kunst- und Kulturbericht des Bundes 2023	ausbezahlt: sama recordings s c h w e b e n	sama recordings	Moozak	moozak - verein für experimentelle musik
small forms - Verein zur Förderung und Verbreitung von zeitgenössischen Musikformen	503262449	16	BMKöS	Beschluss	2023	8000.0	Kunst- und Kulturbericht des Bundes 2023	ausbezahlt: On the Couch Studiokonzerte		Smallforms	small forms - verein zur förderung und verbreitung von zeitgenössischen musikformen
STRUMA+IODINE - Verein zur Erweiterung musikalischer Erfahrungsräume	1954454117	9	BMKöS	Beschluss	2023	6000.0	Kunst- und Kulturbericht des Bundes 2023	ausbezahlt: Jahresbetrieb		Struma+Iodine	struma+iodine - verein zur erweiterung musikalischer erfahrungsräume
Floating Sound Gallery Vienna, Verein zur Förderung von Kunst und Kultur	1534373870	18	BMKöS	Beschluss	2023	4000.0	Kunst- und Kulturbericht des Bundes 2023	ausbezahlt		Floating Sound Gallery Vienna	floating sound gallery vienna, verein zur förderung von kunst und kultur
The Acousmatic Project - Verein zur Förderung Akusmatischer Musik	874404447	2	BMKöS	Beschluss	2023	15000.0	Kunst- und Kulturbericht des Bundes 2023	ausbezahlt: Augend&Addend Equation Echo			the acousmatic project - verein zur förderung akusmatischer musik
UNSAFE SOUNDS - Verein zur Verteidigung künstlerischer Grauzonen	1670187874	18	BMKöS	Beschluss	2023	7000.0	Kunst- und Kulturbericht des Bundes 2023	ausbezahlt: Jahresprogramm		Unsafe+Sounds	unsafe sounds - verein zur verteidigung künstlerischer grauzonen
echoraum Vereinigung zur Förderung der Kulturkommunikation	884318065	15	BMKöS	Beschluss	2023	12000.0	Kunst- und Kulturbericht des Bundes 2023	ausbezahlt: Neue Musik in St. Ruprecht	Neue Musik in St. Ruprecht	echoraum	echoraum vereinigung zur förderung der kulturkommunikation
FREIFALL - Verein zur Förderung interdisziplinärer Performancekunst	192897149	6	BMKöS	Beschluss	2023	11600.0	Kunst- und Kulturbericht des Bundes 2023	ausbezahlt: Contemporary Circus Visions #A			freifall - verein zur förderung interdisziplinärer performancekunst
WUK - Verein zur Schaffung offener Kultur- und Werkstättenhäuser,\nKurzbezeichnung WUK Werkstätten- und Kulturhaus	535133641	9	BMKöS	Beschluss	2023	450000.0	Kunst- und Kulturbericht des Bundes 2023	ausbezahlt		WUK	wuk - verein zur schaffung offener kultur- und werkstättenhäuser,\nkurzbezeichnung wuk werkstätten- und kulturhaus
SUENA - Verein zur Förderung und Verbreitung neuer Musik	1920809871	6	BMKöS	Beschluss	2023	1500.0	Kunst- und Kulturbericht des Bundes 2023	ausbezahlt: Kompositionsförderung		SUENA	suena - verein zur förderung und verbreitung neuer musik
Verein für Kunstvermischung	448124582	17	BMKöS	Beschluss	2023	13000.0	Kunst- und Kulturbericht des Bundes 2023	ausbezahlt: Der Blöde Dritte Mittwoch	Der Blöde Dritte Mittwoch		verein für kunstvermischung
Jazz & Musicclub Porgy & Bess	79072322	4	BMKöS	Beschluss	2023	175000.0	Kunst- und Kulturbericht des Bundes 2023	ausbezahlt:Jahresprogramme		Porgy & Bess	jazz & musicclub porgy & bess
"Vienna.ACTS"", Verein zur Förderung von Kunst"	130944845	7	BMKöS	Beschluss	2023	28000.0	Kunst- und Kulturbericht des Bundes 2023	ausbezahlt			"""vienna.acts"", verein zur förderung von kunst"
echoraum Vereinigung zur Förderung der Kulturkommunikation	884318065	15	MA7	Beschluss	2026	110000.0	Gemeinderatsbeschluss Wien (Sitzung 18.12.2025)	Jahresprogramm 2026		echoraum	echoraum vereinigung zur förderung der kulturkommunikation
Studio Dan - Verein für Neue Musik	408034688	20	MA7	Beschluss	2026	100000.0	Gemeinderatsbeschluss Wien (Sitzung 9.1.2026) AZ 1627283-2025-GKU	Jahrestätigkeit 2026		Studio Dan	studio dan - verein für neue musik
Jazz & Musicclub Porgy & Bess	79072322	4	MA7	Beschluss	2026	170000.0	Gemeinderatsbeschluss Wien (Sitzung 2.12.2025)	Jahresbetrieb 2026		Porgy & Bess	jazz & musicclub porgy & bess
echoraum Vereinigung zur Förderung der Kulturkommunikation	884318065	15	BMKöS	Beschluss	2024	24000.0	Kunst- und Kulturbericht des Bundes 2024	ausbezahlt: Jahresprogramme		echoraum	echoraum vereinigung zur förderung der kulturkommunikation
id/l Agentur für Kunst und Kultur	214732532	18	BMKöS	Beschluss	2024	23000.0	Kunst- und Kulturbericht des Bundes 2024	ausbezahlt: Jahresprogramme		id/l	id/l agentur für kunst und kultur
Klang.Kunst.Etage - Verein für experimentelle Musik und Kunstprojekte	539978143	2	BMKöS	Beschluss	2024	11000.0	Kunst- und Kulturbericht des Bundes 2024	ausbezahlt: Jahresprogramme			klang.kunst.etage - verein für experimentelle musik und kunstprojekte
Kulturverein Free Music Forum mit dem Zusatz Forum für free Jazz & freie Improvisation	1121875739	5	BMKöS	Beschluss	2024	17500.0	Kunst- und Kulturbericht des Bundes 2024	ausbezahlt: Jahresprogramme		Free Music Forum	kulturverein free music forum mit dem zusatz forum für free jazz & freie improvisation
JazzWerkstatt Wien	59191016	20	BMKöS	Beschluss	2024	38500.0	Kunst- und Kulturbericht des Bundes 2024	ausbezahlt: Jahresprogramme		JazzWerkstatt Wien	jazzwerkstatt wien
moment collective - Verein für experimentelle Musik, audio-visuelle und\nperformative Kuns	839307922	14	BMKöS	Beschluss	2024	15000.0	Kunst- und Kulturbericht des Bundes 2024	ausbezahlt: Jahresprogramme			moment collective - verein für experimentelle musik, audio-visuelle und\nperformative kuns
PARKEN, Verein zur Förderung experimenteller Musik im öffentlichem Raum	[nicht dokumentiert]	16	BMKöS	Beschluss	2024	10000.0	Kunst- und Kulturbericht des Bundes 2024	ausbezahlt: Jahresprogramme		PARKEN	parken, verein zur förderung experimenteller musik im öffentlichem raum
Jazz & Musicclub Porgy & Bess	79072322	4	BMKöS	Beschluss	2024	175000.0	Kunst- und Kulturbericht des Bundes 2024	ausbezahlt: Jahresprogramme		Porgy & Bess	jazz & musicclub porgy & bess
punctum collective, Verein zur Förderung zeitgenössischer Musik und\ntransmedialer Kunstformate	1310873198	5	BMKöS	Beschluss	2024	7000.0	Kunst- und Kulturbericht des Bundes 2024	ausbezahlt: Jahresprogramme			punctum collective, verein zur förderung zeitgenössischer musik und\ntransmedialer kunstformate
Rantasa + Rantasa GmbH	GmbH	8	BMKöS	Beschluss	2024	25000.0	Kunst- und Kulturbericht des Bundes 2024	ausbezahlt: Jahresprogramme		rhiz	rantasa + rantasa gmbh
small forms - Verein zur Förderung und Verbreitung von zeitgenössischen Musikformen	503262449	16	BMKöS	Beschluss	2024	10000.0	Kunst- und Kulturbericht des Bundes 2024	ausbezahlt: Jahresprogramme		Smallforms	small forms - verein zur förderung und verbreitung von zeitgenössischen musikformen
STRUMA+IODINE - Verein zur Erweiterung musikalischer Erfahrungsräume	1954454117	9	BMKöS	Beschluss	2024	7000.0	Kunst- und Kulturbericht des Bundes 2024	ausbezahlt: Jahresprogramme		Struma+Iodine	struma+iodine - verein zur erweiterung musikalischer erfahrungsräume
Studio Dan - Verein für Neue Musik	408034688	20	BMKöS	Beschluss	2024	50000.0	Kunst- und Kulturbericht des Bundes 2024	ausbezahlt: Jahresprogramme		Studio Dan	studio dan - verein für neue musik
The Acousmatic Project - Verein zur Förderung Akusmatischer Musik	874404447	2	BMKöS	Beschluss	2024	16000.0	Kunst- und Kulturbericht des Bundes 2024	ausbezahlt: Jahresprogramme			the acousmatic project - verein zur förderung akusmatischer musik
Verein für elektroakustische Musik Kurztitel VELAK	229137709	5	BMKöS	Beschluss	2024	13500.0	Kunst- und Kulturbericht des Bundes 2024	ausbezahlt: Jahresprogramme			verein für elektroakustische musik kurztitel velak
Verein für experimentelle improvisierte Musik (VEIM)	[nicht dokumentiert]	4	BMKöS	Beschluss	2024	5000.0	Kunst- und Kulturbericht des Bundes 2024	ausbezahlt: Jahresprogramme		Porgy & Bess	verein für experimentelle improvisierte musik (veim)
"""Ventil"" - Verein zur Freisetzung klanglicher Innovation und Dynamik Kurztitel:\nVenti"	462456728	18	BMKöS	Beschluss	2024	4000.0	Kunst- und Kulturbericht des Bundes 2024	ausbezahlt: Jahresprogramme		Ventil Records	"


""Ventil"" - Verein zur Freisetzung klanglicher Innovation und Dynamik Kurztitel:\nVenti"
czirp czirp - experimental and sonic arts. Verein zur Förderung Experimenteller und\nKlang-Kunst	460617721	8	BMKöS	Beschluss	2024	15000.0	Kunst- und Kulturbericht des Bundes 2024	ausbezahlt: Projekte			czirp czirp - experimental and sonic arts. verein zur förderung experimenteller und\nklang-kunst
Floating Sound Gallery Vienna, Verein zur Förderung von Kunst und Kultur	1534373870	20	BMKöS	Beschluss	2024	5000.0	Kunst- und Kulturbericht des Bundes 2024	ausbezahlt: Projekte		Floating Sound Gallery Vienna	floating sound gallery vienna, verein zur förderung von kunst und kultur
minciospace - Verein zur Förderung von künstlerischer Entwicklung unter besonderer Berücksichtigung gesellschaftsrelevanter Themen	[nicht dokumentiert]	15	BMKöS	Beschluss	2024	8000.0	Kunst- und Kulturbericht des Bundes 2024	ausbezahlt: Projekte		Minciospace	minciospace - verein zur förderung von künstlerischer entwicklung unter besonderer berücksichtigung gesellschaftsrelevanter themen
moment collective - Verein für experimentelle Musik, audio-visuelle und\nperformative Kuns	839307922	14	BMKöS	Beschluss	2024	16500.0	Kunst- und Kulturbericht des Bundes 2024	ausbezahlt: Kompositionsförderung 12.500 + Tourneekostenzuschuss 4.000			moment collective - verein für experimentelle musik, audio-visuelle und\nperformative kuns
On the Couch - zur Förderung von Kunst und Kultur in der Gesellschaft	1742094788	3	BMKöS	Beschluss	2024	5000.0	Kunst- und Kulturbericht des Bundes 2024	ausbezahlt:Projekte		On the Couch	on the couch - zur förderung von kunst und kultur in der gesellschaft
RRRIOT - Verein zur Förderung und Vermittlung feministischen Kulturschaffens	1768215396	10	BMKöS	Beschluss	2024	7500.0	Kunst- und Kulturbericht des Bundes 2024	ausbezahlt: Projekte			rrriot - verein zur förderung und vermittlung feministischen kulturschaffens
SISTERS - Verein für queer feministische Kunst und Kultur	914774238	15	BMKöS	Beschluss	2024	15000.0	Kunst- und Kulturbericht des Bundes 2024	ausbezahlt: Projekte			sisters - verein für queer feministische kunst und kultur
snim - spontanes Netzwerk für improvisierte Musik	461480763	15	BMKöS	Beschluss	2024	4000.0	Kunst- und Kulturbericht des Bundes 2024	ausbezahlt: Projekte			snim - spontanes netzwerk für improvisierte musik
sp ce. Verein zur Förderung von Kunst und Transdisziplinarität	752869720	19	BMKöS	Beschluss	2024	8000.0	Kunst- und Kulturbericht des Bundes 2024	ausbezahlt: Projekte			sp ce. verein zur förderung von kunst und transdisziplinarität
Studio Dan - Verein für Neue Musik	408034688	20	BMKöS	Beschluss	2024	1000.0	Kunst- und Kulturbericht des Bundes 2024	ausbezahlt: Projektkostenzuschuss adicional		Studio Dan	studio dan - verein für neue musik
SUENA - Verein zur Förderung und Verbreitung neuer Musik	1920809871	6	BMKöS	Beschluss	2024	12500.0	Kunst- und Kulturbericht des Bundes 2024	ausbezahlt: Projektkostenzuschuss 6.500 + Kompositionsförderung 6.000		SUENA	suena - verein zur förderung und verbreitung neuer musik
The Acousmatic Project - Verein zur Förderung Akusmatischer Musik	874404447	2	BMKöS	Beschluss	2024	6100.0	Kunst- und Kulturbericht des Bundes 2024	ausbezahlt: Projekt – Tourneekostenzuschuss			the acousmatic project - verein zur förderung akusmatischer musik
UNSAFE SOUNDS - Verein zur Verteidigung künstlerischer Grauzonen	1670187874	18	BMKöS	Beschluss	2024	12000.0	Kunst- und Kulturbericht des Bundes 2024	ausbezahlt: Projekte		Unsafe+Sounds	unsafe sounds - verein zur verteidigung künstlerischer grauzonen
Verein für elektroakustische Musik Kurztitel VELAK	229137709	2	BMKöS	Beschluss	2024	1500.0	Kunst- und Kulturbericht des Bundes 2024	ausbezahlt: Projekte – Tourneekostenzuschuss			verein für elektroakustische musik kurztitel velak
"Vienna.ACTS"", Verein zur Förderung von Kunst"	130944845	2	BMKöS	Beschluss	2024	5000.0	Kunst- und Kulturbericht des Bundes 2024	ausbezahlt: Projekte			"""vienna.acts"", verein zur förderung von kunst"
XOK - Interessensgemeinschaft der experimentellen Musik- und Klangkunstszene\nWiens	1792507501	2	BMKöS	Beschluss	2024	12000.0	Kunst- und Kulturbericht des Bundes 2024	ausbezahlt: Projekte		XOK	xok - interessensgemeinschaft der experimentellen musik- und klangkunstszene\nwiens
Studio Dan - Verein für Neue Musik	408034688	20	BMWKmS	Beschluss	2026	60000.0	BMWKmS Schreiben GZ 2026-0.020.894 (13.02.2026)	Zweijahrestätigkeit 2026-2027. Gesamtförderung EUR 120.000		Studio Dan	studio dan - verein für neue musik
Studio Dan - Verein für Neue Musik	408034688	20	BMWKmS	Beschluss	2027	60000.0	BMWKmS Schreiben GZ 2026-0.020.894 (13.02.2026)	Zweijahrestätigkeit 2026-2027. Gesamtförderung EUR 120.000		Studio Dan	studio dan - verein für neue musik
PHACE - Ensemble für neue Musik	366181964	15	BMWKmS	Beschluss	2026	100000.0	BMWKmS Schreiben GZ 2025-0.981.094	Jahrestätigkeit 2026. Musikbeirat Empfehlung Sitzung 26.11.2025			phace - ensemble für neue musik
PHACE - Ensemble für neue Musik	366181964	15	BMKöS	Beschluss	2022	50000.0	Kunst- und Kulturbericht des Bundes 2022	ausbezahlt: Jahresprogramme			phace - ensemble für neue musik
PHACE - Ensemble für neue Musik	366181964	15	BMKöS	Beschluss	2022	10000.0	Kunst- und Kulturbericht des Bundes 2022	ausbezahlt: Projekte			phace - ensemble für neue musik
rhizome audioart association - Verein zur Verbreitung und Förderung\nzeitgenössischer Ton-, Klang-, Musik-, Geräusch- und Audiokunst sowie von\naudiovisuellen, medienkünstlerischen, bildenden, literarischen und anderen\nkünstlerischen Ausdrucksformen, die sich mit Klang und Musik auseinandersetzen	317418575	13	BMKöS	Beschluss	2022	15000.0	Kunst- und Kulturbericht des Bundes 2022	ausbezahlt: Jahresprogramme			rhizome audioart association - verein zur verbreitung und förderung\nzeitgenössischer ton-, klang-, musik-, geräusch- und audiokunst sowie von\naudiovisuellen, medienkünstlerischen, bildenden, literarischen und anderen\nkünstlerischen ausdrucksformen, die sich mit klang und musik auseinandersetzen
moment collective - Verein für experimentelle Musik, audio-visuelle und\nperformative Kuns	839307922	14	BMKöS	Beschluss	2022	13630.0	Kunst- und Kulturbericht des Bundes 2022	ausbezahlt: House. Music. Europe	House. Music. Europe		moment collective - verein für experimentelle musik, audio-visuelle und\nperformative kuns
moment collective - Verein für experimentelle Musik, audio-visuelle und\nperformative Kuns	839307922	14	BMKöS	Beschluss	2022	10000.0	Kunst- und Kulturbericht des Bundes 2022	ausbezahlt: Jahresprogramme			moment collective - verein für experimentelle musik, audio-visuelle und\nperformative kuns
moment collective - Verein für experimentelle Musik, audio-visuelle und\nperformative Kuns	839307922	14	BMKöS	Beschluss	2022	6000.0	Kunst- und Kulturbericht des Bundes 2022	ausbezahlt: Projekte			moment collective - verein für experimentelle musik, audio-visuelle und\nperformative kuns
Platypus - Verein für Neue Musik	881787755	5	BMKöS	Beschluss	2022	23000.0	Kunst- und Kulturbericht des Bundes 2022	ausbezahlt: Jahresprogramme			platypus - verein für neue musik
Verein zur Erweiterung des kulturellen und künstlerischen Spektrums (VEKKS)	743276021	15	BMKöS	Beschluss	2022	7000.0	Kunst- und Kulturbericht des Bundes 2022	ausbezahlt: Jahresprogramme		Vekks	verein zur erweiterung des kulturellen und künstlerischen spektrums (vekks)
Verein für elektroakustische Musik Kurztitel VELAK	229137709	5	BMKöS	Beschluss	2022	11800.0	Kunst- und Kulturbericht des Bundes 2022	ausbezahlt: Jahresprogramme			verein für elektroakustische musik kurztitel velak
Reconsil - Verein zur Förderung zeitgenössischer Musik	90914757	5	BMKöS	Beschluss	2022	6000.0	Kunst- und Kulturbericht des Bundes 2022	ausbezahlt: Jahresprogramme			reconsil - verein zur förderung zeitgenössischer musik
andother stage - Verein für künstlerische Forschung und transdiszplinäre Kunst	1140457008	5	BMKöS	Beschluss	2022	6000.0	Kunst- und Kulturbericht des Bundes 2022	ausbezahlt: Projekte			andother stage - verein für künstlerische forschung und transdiszplinäre kunst
Between Feathers	1931401223	14	BMKöS	Beschluss	2022	6000.0	Kunst- und Kulturbericht des Bundes 2022	ausbezahlt: Jahresprogramme			between feathers
Between Feathers	1931401223	14	BMKöS	Beschluss	2022	7500.0	Kunst- und Kulturbericht des Bundes 2022	ausbezahlt: Projekte			between feathers
ensemble N - Verein und Ensemble für zeitgenössische Musik	[nicht dokumentiert]	[nicht dokumentiert]	BMKöS	Beschluss	2022	6000.0	Kunst- und Kulturbericht des Bundes 2022	ausbezahlt: Jahresprogramme			ensemble n - verein und ensemble für zeitgenössische musik
ensemble N - Verein und Ensemble für zeitgenössische Musik	[nicht dokumentiert]	[nicht dokumentiert]	BMKöS	Beschluss	2022	2500.0	Kunst- und Kulturbericht des Bundes 2022	ausbezahlt: Projekte			ensemble n - verein und ensemble für zeitgenössische musik
RRRIOT - Verein zur Förderung und Vermittlung feministischen Kulturschaffens	176821539	10	BMKöS	Beschluss	2022	7000.0	Kunst- und Kulturbericht des Bundes 2022	ausbezahlt: Jahresprogramme			rrriot - verein zur förderung und vermittlung feministischen kulturschaffens
WUK - Verein zur Schaffung offener Kultur- und Werkstättenhäuser,\nKurzbezeichnung WUK Werkstätten- und Kulturhaus	535133641	9	BMKöS	Beschluss	2022	2000.0	Kunst- und Kulturbericht des Bundes 2022	ausbezahlt: EUROPAVOX	EUROPAVOX	WUK	wuk - verein zur schaffung offener kultur- und werkstättenhäuser,\nkurzbezeichnung wuk werkstätten- und kulturhaus
sp ce. Verein zur Förderung von Kunst und Transdisziplinarität	752869720	19	BMKöS	Beschluss	2022	7000.0	Kunst- und Kulturbericht des Bundes 2022	ausbezahlt: Festspiele			sp ce. verein zur förderung von kunst und transdisziplinarität
SISTERS - Verein für queer feministische Kunst und Kultur	914774238	15	BMKöS	Beschluss	2022	8000.0	Kunst- und Kulturbericht des Bundes 2022	ausbezahlt: Hyperreality	HYPERREALITY		sisters - verein für queer feministische kunst und kultur
id/l Agentur für Kunst und Kultur	214732532	18	BMKöS	Beschluss	2022	19000.0	Kunst- und Kulturbericht des Bundes 2022	ausbezahlt: Sonic Territories	Sonic Territories Festival	id/l	id/l agentur für kunst und kultur
Klang.Kunst.Etage - Verein für experimentelle Musik und Kunstprojekte	539978143	2	BMKöS	Beschluss	2022	4000.0	Kunst- und Kulturbericht des Bundes 2022	ausbezahlt: Jahresprogramme			klang.kunst.etage - verein für experimentelle musik und kunstprojekte
moment collective - Verein für experimentelle Musik, audio-visuelle und\nperformative Kuns	839307922	14	BMKöS	Beschluss	2023	13630.0	Kunst- und Kulturbericht des Bundes 2023	ausbezahlt: House. Music. Europe	House. Music. Europe		moment collective - verein für experimentelle musik, audio-visuelle und\nperformative kuns
moment collective - Verein für experimentelle Musik, audio-visuelle und\nperformative Kuns	839307922	14	BMKöS	Beschluss	2023	12000.0	Kunst- und Kulturbericht des Bundes 2023	ausbezahlt: Jahresprogramme			moment collective - verein für experimentelle musik, audio-visuelle und\nperformative kuns
Between Feathers	1931401223	14	BMKöS	Beschluss	2023	12000.0	Kunst- und Kulturbericht des Bundes 2023	ausbezahlt: Jahresprogramme			between feathers
Alexander Eberhard	[Einzelperson]	3	BMKöS	Beschluss	2023	5000.0	Kunst- und Kulturbericht des Bundes 2023	ausbezahlt: Jahresprogramme. Einzelperson			alexander eberhard
PHACE - Ensemble für neue Musik	366181964	15	BMKöS	Beschluss	2023	65000.0	Kunst- und Kulturbericht des Bundes 2023	ausbezahlt: Jahresprogramme			phace - ensemble für neue musik
Platypus - Verein für Neue Musik	881787755	5	BMKöS	Beschluss	2023	25000.0	Kunst- und Kulturbericht des Bundes 2023	ausbezahlt: Jahresprogramme			platypus - verein für neue musik
Verein für elektroakustische Musik Kurztitel VELAK	229137709	5	BMKöS	Beschluss	2023	13000.0	Kunst- und Kulturbericht des Bundes 2023	ausbezahlt: Jahresprogramme			verein für elektroakustische musik kurztitel velak
Verein für elektroakustische Musik Kurztitel VELAK	229137709	5	BMKöS	Beschluss	2023	9000.0	Kunst- und Kulturbericht des Bundes 2023	ausbezahlt: Projekte			verein für elektroakustische musik kurztitel velak
PARKEN, Verein zur Förderung experimenteller Musik im öffentlichem Raum	1294222714	16	BMKöS	Beschluss	2023	10000.0	Kunst- und Kulturbericht des Bundes 2023	ausbezahlt: Jahresprogramme		PARKEN	parken, verein zur förderung experimenteller musik im öffentlichem raum
Verein zur Erweiterung des kulturellen und künstlerischen Spektrums (VEKKS)	743276021	15	BMKöS	Beschluss	2023	6000.0	Kunst- und Kulturbericht des Bundes 2023	ausbezahlt: Jahresprogramme		Vekks	verein zur erweiterung des kulturellen und künstlerischen spektrums (vekks)
"


""Ventil"" - Verein zur Freisetzung klanglicher Innovation und Dynamik Kurztitel:\nVenti"	462456728	18	BMKöS	Beschluss	2023	6000.0	Kunst- und Kulturbericht des Bundes 2023	ausbezahlt: Jahresprogramme		Ventil Records	"


""Ventil"" - Verein zur Freisetzung klanglicher Innovation und Dynamik Kurztitel:\nVenti"
Verein zur Förderung der Neuen Musik im Kirchenraum	812262237	15	BMKöS	Beschluss	2023	10000.0	Kunst- und Kulturbericht des Bundes 2023	ausbezahlt: Projekte. Neue Musik in St. Ruprecht			verein zur förderung der neuen musik im kirchenraum
sp ce. Verein zur Förderung von Kunst und Transdisziplinarität	752869720	19	BMKöS	Beschluss	2023	7000.0	Kunst- und Kulturbericht des Bundes 2023	ausbezahlt: Projekte Medienkunst – Festival Sual			sp ce. verein zur förderung von kunst und transdisziplinarität
sp ce. Verein zur Förderung von Kunst und Transdisziplinarität	752869720	19	BMKöS	Beschluss	2023	2500.0	Kunst- und Kulturbericht des Bundes 2023	ausbezahlt: Festspiele, Großveranstaltungen – Musik und darstellende Kunst			sp ce. verein zur förderung von kunst und transdisziplinarität
id/l Agentur für Kunst und Kultur	214732532	18	BMKöS	Beschluss	2023	22000.0	Kunst- und Kulturbericht des Bundes 2023	ausbezahlt: Sonic Territories	Sonic Territories Festival	id/l	id/l agentur für kunst und kultur
Klang.Kunst.Etage - Verein für experimentelle Musik und Kunstprojekte	539978143	2	BMKöS	Beschluss	2023	10000.0	Kunst- und Kulturbericht des Bundes 2023	ausbezahlt: Jahresprogramme			klang.kunst.etage - verein für experimentelle musik und kunstprojekte
RRRIOT - Verein zur Förderung und Vermittlung feministischen Kulturschaffens	176821539	10	BMKöS	Beschluss	2024	7000.0	Kunst- und Kulturbericht des Bundes 2024	ausbezahlt: Jahresprogramme			rrriot - verein zur förderung und vermittlung feministischen kulturschaffens
FAM Kulturverein	[nicht dokumentiert]	[Klagenfurt]	BMKöS	Beschluss	2024	10000.0	Kunst- und Kulturbericht des Bundes 2024	ausbezahlt: nawa music & film festival	NAWA Festival		fam kulturverein
"Vienna.ACTS"", Verein zur Förderung von Kunst"	130944845	7	BMKöS	Beschluss	2024	28000.0	Kunst- und Kulturbericht des Bundes 2024	ausbezahlt: Jahresprogramme			"""vienna.acts"", verein zur förderung von kunst"
WUK - Verein zur Schaffung offener Kultur- und Werkstättenhäuser,\nKurzbezeichnung WUK Werkstätten- und Kulturhaus	535133641	9	BMKöS	Beschluss	2024	450000.0	Kunst- und Kulturbericht des Bundes 2024	ausbezahlt: Kulturinitiativen		WUK	wuk - verein zur schaffung offener kultur- und werkstättenhäuser,\nkurzbezeichnung wuk werkstätten- und kulturhaus
Wien Modern, Verein für neue Musik	678661440	3	BMKöS	Beschluss	2024	350000.0	Kunst- und Kulturbericht des Bundes 2024	ausbezahlt: Festspiele, Großveranstaltungen – Musik und darstellende Kunst		Wien Modern	wien modern, verein für neue musik
Central Garden	17183473	2	BMKöS	Beschluss	2024	2000.0	Kunst- und Kulturbericht des Bundes 2024	ausbezahlt: Little Donau III	Little Donau III		central garden
Central Garden	17183473	2	BMKöS	Beschluss	2024	2500.0	Kunst- und Kulturbericht des Bundes 2024	ausbezahlt: Little Donau	Little Donau		central garden
Verein für Kunstvermischung	448124582	17	BMKöS	Beschluss	2024	13650.0	Kunst- und Kulturbericht des Bundes 2024	ausbezahlt: Der Blöde Dritte Mittwoch	Der Blöde Dritte Mittwoch		verein für kunstvermischung
id/l Agentur für Kunst und Kultur	214732532	18	BMKöS	Beschluss	2024	22000.0	Kunst- und Kulturbericht des Bundes 2024	ausbezahlt: Sonic Territories	Sonic Territories Festival	id/l	id/l agentur für kunst und kultur
SISTERS - Verein für queer feministische Kunst und Kultur	914774238	15	BMKöS	Beschluss	2024	10000.0	Kunst- und Kulturbericht des Bundes 2024	ausbezahlt: Hyperreality	HYPERREALITY		sisters - verein für queer feministische kunst und kultur
Regina Fisch	[Einzelperson]	[nicht dokumentiert]	BMKöS	Beschluss	2024	3000.0	Kunst- und Kulturbericht des Bundes 2024	ausbezahlt: Festival for Jazz and Adventurous Music. Einzelperson	Festival for Jazz and Adventurous Music		regina fisch
Salam Oida - Verein zur Förderung von Vielfalt in Kunst und Kultur , kurz: Salam\nOida	1781236046	[nicht dokumentiert]	BMKöS	Beschluss			Kunst- und Kulturbericht des Bundes	Muslim*Contemporary. Betrag nicht dokumentiert		Salam Oida	salam oida - verein zur förderung von vielfalt in kunst und kultur , kurz: salam\noida
KUNSTVEREIN WIEN	255086602	1	MA7	[nicht dokumentiert]			[nicht dokumentiert]	"Venue im Corpus. Keine Förderdaten vorhanden. Im Impressum als ""Alte Schmiede Kunstverein Wien"" geführt und mit dem Logo der Stadt Wien"			kunstverein wien
TONSPUR Kunstverein Wien	824358800	7	MA7	Beschluss	2025	10000.0	Transparenzportal IFG 2025	Förderung Einzelvorhaben Bildende Kunst			tonspur kunstverein wien
TONSPUR Kunstverein Wien	824358800	7	MA7	Beschluss	2025	14000.0	Transparenzportal IFG 2025	Förderung Einzelvorhaben Musik			tonspur kunstverein wien
TONSPUR Kunstverein Wien	824358800	7	MA7	Beschluss	2025	25000.0	Transparenzportal IFG 2025	Video- Medienkunst Vereinsförderung			tonspur kunstverein wien
TONSPUR Kunstverein Wien	824358800	7	MA7	Beschluss	2025	5000.0	Transparenzportal IFG 2025	Förderung internationaler Projekte			tonspur kunstverein wien
TONSPUR Kunstverein Wien	824358800	7	MA7	Beschluss	2026	10000.0	Transparenzportal IFG 2026	Förderung Einzelvorhaben Bildende Kunst			tonspur kunstverein wien
TONSPUR Kunstverein Wien	824358800	7	MA7	Beschluss	2026	14000.0	Transparenzportal IFG 2026	Förderung Einzelvorhaben Musik			tonspur kunstverein wien
TONSPUR Kunstverein Wien	824358800	7	MA7	Beschluss	2026	25000.0	Transparenzportal IFG 2026	Video- Medienkunst Vereinsförderung			tonspur kunstverein wien
SUENA - Verein zur Förderung und Verbreitung neuer Musik	1920809871	6	MA7	Beschluss	2025	10000.0	Transparenzportal IFG 2025	Förderung Einzelvorhaben Musik			suena - verein zur förderung und verbreitung neuer musik
SUENA - Verein zur Förderung und Verbreitung neuer Musik	1920809871	6	BMKöS	Beschluss	2025	6500.0	Transparenzportal IFG 2025	"Förderung Festspiele und ähnlichen Saisonveranstaltungen Förderungen			
"			suena - verein zur förderung und verbreitung neuer musik
SUENA - Verein zur Förderung und Verbreitung neuer Musik	1920809871	6	MA7	Beschluss	2026	10000.0	Transparenzportal IFG 2026	Förderung Einzelvorhaben Musik			suena - verein zur förderung und verbreitung neuer musik
SUENA - Verein zur Förderung und Verbreitung neuer Musik	1920809871	6	MA7	Beschluss	2026	7000.0	Transparenzportal IFG 2026	Musik Vereinsförderung			suena - verein zur förderung und verbreitung neuer musik
Verein für elektroakustische Musik, Kurztitel VELAK	229137709	5	MA7	Beschluss	2025	6000.0	Transparenzportal IFG 2025	Förderung Einzelvorhaben Musik			verein für elektroakustische musik, kurztitel velak
Verein für elektroakustische Musik, Kurztitel VELAK	229137709	5	MA7	Beschluss	2025	13500.0	Transparenzportal IFG 2025	Musik Vereinsförderung			verein für elektroakustische musik, kurztitel velak
Verein für elektroakustische Musik, Kurztitel VELAK	229137709	5	MA7	Beschluss	2026	5000.0	Transparenzportal IFG 2026	Förderung Einzelvorhaben Musik			verein für elektroakustische musik, kurztitel velak
Verein für elektroakustische Musik, Kurztitel VELAK	229137709	5	MA7	Beschluss	2026	27000.0	Transparenzportal IFG 2026	Musik Vereinsförderung			verein für elektroakustische musik, kurztitel velak
Kulturverein Free Music Forum mit dem Zusatz Forum für free Jazz & freie Improvisation	1121875739	5	MA7	Beschluss	2025	20000.0	Transparenzportal IFG 2025	Förderung Einzelvorhaben Musik			kulturverein free music forum mit dem zusatz forum für free jazz & freie improvisation
Kulturverein Free Music Forum mit dem Zusatz Forum für free Jazz & freie Improvisation	1121875739	5	MA7	Beschluss	2025	17500.0	Transparenzportal IFG 2025	Musik Vereinsförderung			kulturverein free music forum mit dem zusatz forum für free jazz & freie improvisation
Kulturverein Free Music Forum mit dem Zusatz Forum für free Jazz & freie Improvisation	1121875739	5	MA7	Beschluss	2026	15000.0	Transparenzportal IFG 2026	Förderung Einzelvorhaben Musik			kulturverein free music forum mit dem zusatz forum für free jazz & freie improvisation
Kulturverein Free Music Forum mit dem Zusatz Forum für free Jazz & freie Improvisation	1121875739	5	MA7	Beschluss	2026	17500.0	Transparenzportal IFG 2026	Musik Vereinsförderung			kulturverein free music forum mit dem zusatz forum für free jazz & freie improvisation
Kulturverein Free Music Forum mit dem Zusatz Forum für free Jazz & freie Improvisation	1121875739	5	Bezirkskultur	Beschluss	2026	1800.0	Transparenzportal IFG 2026	Bezirkskulturförderung			kulturverein free music forum mit dem zusatz forum für free jazz & freie improvisation
AUGEND&ADDEND - Verein zur Förderung und Erweiterung transformativer\nKlangräume und queerer Clubkultur	1799027468	18	MA7	Beschluss	2025	16500.0	Transparenzportal IFG 2025	Förderung Einzelvorhaben Musik			augend&addend - verein zur förderung und erweiterung transformativer klangräume und queerer clubkultur
AUGEND&ADDEND - Verein zur Förderung und Erweiterung transformativer\nKlangräume und queerer Clubkultur	1799027468	18	MA7	Beschluss	2025	3700.0	Transparenzportal IFG 2025	Musik Vereinsförderung			augend&addend - verein zur förderung und erweiterung transformativer klangräume und queerer clubkultur
AUGEND&ADDEND - Verein zur Förderung und Erweiterung transformativer\nKlangräume und queerer Clubkultur	1799027468	18	MA7	Beschluss	2026	2000.0	Transparenzportal IFG 2026	Förderung Einzelvorhaben Kulturinitiativen			augend&addend - verein zur förderung und erweiterung transformativer klangräume und queerer clubkultur
PARKEN, Verein zur Förderung experimenteller Musik im öffentlichem Raum	1294222714	16	MA7	Beschluss	2025	12000.0	Transparenzportal IFG 2025	Förderung Einzelvorhaben Musik			parken, verein zur förderung experimenteller musik im öffentlichem raum
PARKEN, Verein zur Förderung experimenteller Musik im öffentlichem Raum	1294222714	16	MA7	Beschluss	2025	10000.0	Transparenzportal IFG 2025	Musik Vereinsförderung			parken, verein zur förderung experimenteller musik im öffentlichem raum
PARKEN, Verein zur Förderung experimenteller Musik im öffentlichem Raum	1294222714	16	MA7	Beschluss	2026	6000.0	Transparenzportal IFG 2026	Förderung Einzelvorhaben Musik			parken, verein zur förderung experimenteller musik im öffentlichem raum
PARKEN, Verein zur Förderung experimenteller Musik im öffentlichem Raum	1294222714	16	MA7	Beschluss	2026	20000.0	Transparenzportal IFG 2026	Musik Vereinsförderung			parken, verein zur förderung experimenteller musik im öffentlichem raum
SHIZZLE - Kunst- und Kulturverein	818583997	17	MA7	Beschluss	2025	30000.0	Transparenzportal IFG 2025	Förderung Einzelvorhaben Kulturinitiativen			shizzle - kunst- und kulturverein
SHIZZLE - Kunst- und Kulturverein	818583997	17	MA7	Beschluss	2025	14000.0	Transparenzportal IFG 2025	Regionale Kulturinitiativen			shizzle - kunst- und kulturverein
SHIZZLE - Kunst- und Kulturverein	818583997	17	Bezirkskultur	Beschluss	2025	8000.0	Transparenzportal IFG 2025	Bezirkskulturförderung			shizzle - kunst- und kulturverein
SHIZZLE - Kunst- und Kulturverein	818583997	17	MA7	Beschluss	2026	20000.0	Transparenzportal IFG 2026	Förderung Einzelvorhaben Kulturinitiativen			shizzle - kunst- und kulturverein
Setzkasten, Verein und Werkstatt zur Förderung intermedialer Kunst	314108954	17	MA7	Beschluss	2025	22000.0	Transparenzportal IFG 2025	Förderung Einzelvorhaben Kulturinitiativen			setzkasten, verein und werkstatt zur förderung intermedialer kunst
Setzkasten, Verein und Werkstatt zur Förderung intermedialer Kunst	314108954	17	MA7	Beschluss	2025	8000.0	Transparenzportal IFG 2025	Video- Medienkunst Vereinsförderung			setzkasten, verein und werkstatt zur förderung intermedialer kunst
Setzkasten, Verein und Werkstatt zur Förderung intermedialer Kunst	314108954	17	MA7	Beschluss	2026	15000.0	Transparenzportal IFG 2026	Förderung Einzelvorhaben Kulturinitiativen			setzkasten, verein und werkstatt zur förderung intermedialer kunst
Verein für Kunstvermischung	448124582	17	MA7	Beschluss	2025	26000.0	Transparenzportal IFG 2025	Förderung Einzelvorhaben Musik			verein für kunstvermischung
Verein für Kunstvermischung	448124582	17	MA7	Beschluss	2025	13000.0	Transparenzportal IFG 2025	Regionale Kulturinitiativen			verein für kunstvermischung
Verein für Kunstvermischung	448124582	17	MA7	Beschluss	2026	25000.0	Transparenzportal IFG 2026	Förderung Einzelvorhaben Musik			verein für kunstvermischung
Verein für Kunstvermischung	448124582	17	MA7	Beschluss	2026	13000.0	Transparenzportal IFG 2026	Regionale Kulturinitiativen			verein für kunstvermischung
Little Rosies Improvisationsgruppe – Verein für musikalische Improvisation und Zeitgeist	1773953936	20	MA7	Beschluss	2023	12000.0	Kunst- Kultur- und Wissenschaftsbericht der Stadt Wien 2023	Gesamtförderung 2023. Orchester & Ensembles			little rosies improvisationsgruppe – verein für musikalische improvisation und zeitgeist
Little Rosies Improvisationsgruppe – Verein für musikalische Improvisation und Zeitgeist	1773953937	20	BMKöS	Beschluss	2025	5000.0	Transparenzportal IFG 2025	Musik: Förderung von Vereinen, vergleichbaren Einrichtungen und Einzelpersonen			little rosies improvisationsgruppe – verein für musikalische improvisation und zeitgeist
Little Rosies Improvisationsgruppe – Verein für musikalische Improvisation und Zeitgeist	1773953938	20	MA7	Beschluss	2026	5000.0	Transparenzportal IFG 2026	Förderung von Einzelvorhaben und Jahrestätigkeiten im Bereich der Musik			little rosies improvisationsgruppe – verein für musikalische improvisation und zeitgeist
Little Rosies Improvisationsgruppe – Verein für musikalische Improvisation und Zeitgeist	1773953939	20	BMKöS	Beschluss	2026	5000.0	Transparenzportal IFG 2026	Musik: Förderung von Vereinen, vergleichbaren Einrichtungen und Einzelpersonen			little rosies improvisationsgruppe – verein für musikalische improvisation und zeitgeist
Antunes de Menezes Melissa	[Einzelperson]	3	MA7	Beschluss	2024	5000.0	Kunst- Kultur- und Wissenschaftsbericht der Stadt Wien 2024	ausbezahlt: TENDER MATTER Programm. Einzelperson, Mitbetreiberin von Tender Matter (mit Tony Wagner). Bezirk nicht ermittelbar	TENDER MATTER Programm		antunes de menezes melissa
Aufführungen Neuer Musik	291788114	3	MA7	Beschluss	2024	3500.0	Kunst- Kultur- und Wissenschaftsbericht der Stadt Wien 2024	cercle – konzertreihe für neue musik. Einzelförderung Projekte	cercle – konzertreihe für neue musik		aufführungen neuer musik
Aufführungen Neuer Musik	291788114	3	MA7	Beschluss	2025	3500.0	Transparenzportal IFG 2025	Förderung von Einzelvorhaben und Jahrestätigkeiten im Bereich der Musik	cercle – konzertreihe für neue musik		aufführungen neuer musik
Aufführungen Neuer Musik	291788114	3	BMKöS	Beschluss	2025	5000.0	Transparenzportal IFG 2025	Musik: Förderung von Vereinen, vergleichbaren Einrichtungen und Einzelpersonen	cercle – konzertreihe für neue musik		aufführungen neuer musik
Aufführungen Neuer Musik	291788114	3	MA7	Beschluss	2022	3500.0	Kunst- Kultur- und Wissenschaftsbericht der Stadt Wien 2022	cercle – konzertreihe für neue musik. Einzelförderung Projekte	cercle – konzertreihe für neue musik		aufführungen neuer musik
Aufführungen Neuer Musik	291788114	3	MA7	Beschluss	2023	3500.0	Kunst- Kultur- und Wissenschaftsbericht der Stadt Wien 2023	cercle – konzertreihe für neue musik. Einzelförderung Projekte	cercle – konzertreihe für neue musik		aufführungen neuer musik
Antunes de Menezes Melissa	[Einzelperson]	[nicht dokumentiert]	MA7	Beschluss	2022	4000.0	Kunst- Kultur- und Wissenschaftsbericht der Stadt Wien 2022	ausbezahlt: Tender Matter, The Future Konzertreihe. Einzelperson	Tender Matter, The Future Konzertreihe		antunes de menezes melissa
snim - spontanes Netzwerk für improvisierte Musik	461480763	15	MA7	Beschluss	2022	3000	Kunst- Kultur- und Wissenschaftsbericht der Stadt Wien 2022	das kleine symposion und snim-Abend. Festival			snim - spontanes netzwerk für improvisierte musik
sp ce. Verein zur Förderung von Kunst und Transdisziplinarität	752869720	19	MA7	Beschluss	2022	6000	Kunst- Kultur- und Wissenschaftsbericht der Stadt Wien 2022	Festival SUAL			sp ce. verein zur förderung von kunst und transdisziplinarität
andother stage - Verein für künstlerische Forschung und transdiszplinäre Kunst	1140457008	5	MA7	Beschluss	2023	20000	Kunst- Kultur- und Wissenschaftsbericht der Stadt Wien 2023	posthuman social club			andother stage - verein für künstlerische forschung und transdiszplinäre kunst
andother stage - Verein für künstlerische Forschung und transdiszplinäre Kunst	1140457008	5	MA7	Beschluss	2023	10000	Kunst- Kultur- und Wissenschaftsbericht der Stadt Wien 2023	when we play			andother stage - verein für künstlerische forschung und transdiszplinäre kunst
andother stage - Verein für künstlerische Forschung und transdiszplinäre Kunst	1140457008	5	MA7	Beschluss	2024	15000	Kunst- Kultur- und Wissenschaftsbericht der Stadt Wien 2024	Posthuman social club Vol. 3 – in the dark			andother stage - verein für künstlerische forschung und transdiszplinäre kunst
Kunstverein KLANGWERK	[nicht dokumentiert]	[nicht dokumentiert]	MA7	Beschluss	2023	3000	Kunst- Kultur- und Wissenschaftsbericht der Stadt Wien 2023	NoMaden des Seins in Wien			kunstverein klangwerk
Verein zur Verbreitung zeitgenössischer österreichischer Bigbandmusik	60291069	4	MA7	Beschluss	2023	9000	Kunst- Kultur- und Wissenschaftsbericht der Stadt Wien 2023	Projektförderung Christoph Cech Jazz Orchestra Project (CCJOP) / Stageband im Porgy & Bess			verein zur verbreitung zeitgenössischer österreichischer bigbandmusik
ensemble N - Verein und Ensemble für zeitgenössische Musik	[nicht dokumentiert]	[nicht dokumentiert]	MA7	Beschluss	2024	4000	Kunst- Kultur- und Wissenschaftsbericht der Stadt Wien 2024	ILLUSIONEN – Konzertreihe im 1. Halbjahr 2024			ensemble n - verein und ensemble für zeitgenössische musik
ensemble N - Verein und Ensemble für zeitgenössische Musik	[nicht dokumentiert]	[nicht dokumentiert]	MA7	Beschluss	2024	4000	Kunst- Kultur- und Wissenschaftsbericht der Stadt Wien 2024	RECURRENCES – Konzertreihe im 2. Halbjahr 2024			ensemble n - verein und ensemble für zeitgenössische musik
