Datum,Venue,Event_Name,Event_Typ,Bezirk,Kuenstler:innen,Veranstalter,Verein,Foerderung_ref,Quelle,Programm
2022-01-14,Alte Schmiede,"Areal, Filip, Malfatti",Konzert,1,Gabriela Areal | Klaus Filip | Radu Malfatti,Alte Schmiede,KUNSTVEREIN WIEN,MA7,https://klingt.org/gro.tgnilk/events/12683/index.html?sid=14298401013344652,
2022-01-15,echoraum,Anna Koch: BASSticcio,Konzert,15,Anna Koch | Petra Stump | Hunter Long | Bruno Liberda | Ken Thomson,echoraum,echoraum Vereinigung zur Förderung der Kulturkommunikation,MA7 | BMKöS | SKE,https://klingt.org/gro.tgnilk/events/12661/index.html?sid=14298401013344652,echoraum
2022-01-18,echoraum,Vernissage Anat Stainberg: An everlasting performance,Vernissage,15,Vinicius Cajado | Anna Anderluh | Stephanie Cumming | Artu Palmio | Andreas Joska | Daniel Biegger,echoraum,echoraum Vereinigung zur Förderung der Kulturkommunikation,MA7 | BMKöS | SKE,https://klingt.org/gro.tgnilk/events/12665/index.html?sid=14298401013344652,echoraum
2022-01-19,Ateliertheater,derbloededrittemittwoch#114,Konzert | Performance | Konzertreihe,7,Elise Mori | Sara Zlanabitnig | Charlotta Ruth | Singer Zangerle | Matze,klingt.org,Verein für Kunstvermischung,MA7 | BMKöS | SKE,https://klingt.org/gro.tgnilk/events/12640/index.html?sid=14298401013344652,Der Blöde Dritte Mittwoch
2022-01-19,Bezirksmuseum Leopoldstadt,Weiping Lin Solo,Konzert,2,Weiping Lin,Apostroph IGNM,IGNM – Internationale Gesellschaft für Neue Musik Österreich,MA7 | BMKöS | SKE | AKM | Bezirkskultur Leopoldstadt (2. Bezirk),https://klingt.org/gro.tgnilk/events/12674/index.html?sid=14298401013344652,
2022-01-20,IM SPITZER,22 Jahre loewenhertz labelnights,Konzertreihe,2,ensemblehertz | Thomas Berghammer | LSZ | Hannes Löschel | Paul Skrepek | Martin Zrost | BZSS | Oliver Steger | Fellowsoph,Loewenhertz,[nicht dokumentiert],MA7 | SKE,https://klingt.org/gro.tgnilk/events/12688/index.html?sid=14298401013344652,
2022-01-21,AIL Angewandte,(live stream) SOUNDS OF THE LIVING: Angelica Castello / Christian Schröder,Konzert | Performance | Konzertreihe,1,Angelica Castello | Christian Schröder,Angewandte Innovation Lab,Universität für angewandte Kunst Wien,Universität für angewandte Kunst Wien (BMBWF),https://klingt.org/gro.tgnilk/events/12556/index.html?sid=14298401013344652,
2022-01-21,IM SPITZER,22 Jahre loewenhertz labelnights,Konzertreihe,2,Elisabeth Flunger | Schall und Schein | Josef Novotny | Tonhammer | Burkhard Stangl,Loewenhertz,[nicht dokumentiert],MA7 | SKE,https://klingt.org/gro.tgnilk/events/12688/index.html?sid=14298401013344652,
2022-01-22,IM SPITZER,22 Jahre loewenhertz labelnights,Konzertreihe,2,Sylvie Lacroix | Alexander Stankovski | Wolfgang Vinzenz Wizlsperger | Martina Zinner | Paul Skrepek | Hannes Löschel | Franz Hautzinger | Attensam Quartett | Annette Bik | Gunde Jäch | Ingrid Eder | Michael Öttl,Loewenhertz,[nicht dokumentiert],MA7 | SKE,https://klingt.org/gro.tgnilk/events/12688/index.html?sid=14298401013344652,
2022-01-25,Westbahnstudios,20h studio session #0,Konzert,7,Theresa Dinkhauser | Damaris Richerts | Daniel Riegler | Raphael Meinhart | Sophia Goidinger-Koch | Veronika Mayer | Werner Angerer,Studio Dan | Westbahnstudios,echoraum Vereinigung zur Förderung der Kulturkommunikation,MA7 | BMKöS | SKE,https://klingt.org/gro.tgnilk/events/12687/index.html?sid=14298401013344652,20h studio session
2022-01-26,echoraum,XX Y X: Rdeca Raketa + Patrick K-H,Konzert,15,Rdeca Raketa | Patrick K-H,RDEČA RAKETA | Echoraum,echoraum Vereinigung zur Förderung der Kulturkommunikation,MA7 | BMKöS | SKE,https://klingt.org/gro.tgnilk/events/12667/index.html?sid=14298401013344652,echoraum
2022-01-28,echoraum,Fluctuations & Josef Ka,Konzert,15,Michael Fischer | Franciszek Araszkiewicz | Josef Ka,echoraum,echoraum Vereinigung zur Förderung der Kulturkommunikation,MA7 | BMKöS | SKE,https://klingt.org/gro.tgnilk/events/12668/index.html?sid=14298401013344652,echoraum
2022-01-28,Anitta-Müller-Cohen-Platz,TONSPUR festival - Streamers — a COVID Sculpture / Burkhard Stangl solo,Performance | Open Air,2,Burkhard Stangl | Benoît Maubrey,TONSPUR,TONSPUR Kunstverein Wien,MA7 | BMKöS | WKO | Q21/MQ,https://klingt.org/gro.tgnilk/events/12692/index.html?sid=14298401013344652,TONSPUR festival
2022-01-28,Studio Eberhard,On the Couch #66 - Berndt Thurner,Konzert,3,SteaBerndt Thurner | Stewart Saunders Smith,KulturvereinOn the Couch – zur Förderung von Kunst und Kultur in der Gesellschaft.,On the Couch - zur Förderung von Kunst und Kultur in der Gesellschaft,MA7 | BMKöS | SKE,https://klingt.org/gro.tgnilk/locations/2533/index.html?sid=14298401013344652,On the Couch
2022-01-30,Echoraeume,Plateau Partagee #2: lost & found,Konzertreihe,[kein Bezirk],Ebrahim Amini | Helal Kashefi | Luc Gut | Philipp Ramspeck | Martin Fritz | Alexander Iwanov | Jana Kilbertus | Charlotte Le May | Johnny Mhanna | Martina Stapf | Verena Schneider,Freifall ONLINE,Verein Freifall,[nicht verifizierbar - vor IFG],https://klingt.org/gro.tgnilk/events/12698/index.html?sid=14298401013344652,Plateau Partagee
2022-01-31,Echoraeume,Plateau Partagee #2: lost & found,Konzertreihe,[kein Bezirk],Ebrahim Amini | Helal Kashefi | Luc Gut | Philipp Ramspeck | Martin Fritz | Alexander Iwanov | Jana Kilbertus | Charlotte Le May | Johnny Mhanna | Martina Stapf | Verena Schneider,Freifall ONLINE,Verein Freifall,[nicht verifizierbar - vor IFG],https://klingt.org/gro.tgnilk/events/12699/index.html?sid=14298401013344652,Plateau Partagee
2022-02-02,[nicht dokumentiert],Räume für Notizen // nach Ulysses,Konzert,[kein Bezirk],keine Info,Echoraume,Verein zur Förderung virtueller und hybrider Kunstformen,MA7 | BMKöS,https://klingt.org/gro.tgnilk/events/12638/index.html?sid=14298401013344652,
2022-02-02,echoraum,Finissage Anat Stainberg: An everlasting performance,Finissage | Performance,15,Anat Stainberg,echoraum,echoraum Vereinigung zur Förderung der Kulturkommunikation,MA7 | BMKöS | SKE,https://klingt.org/gro.tgnilk/events/12670/index.html?sid=14298401013344652,echoraum
2022-02-02,Studio Eberhard,On the Couch #67 - Trio Affogato,Konzert,3,Trio Affogato,Studio Eberhard,On the Couch - zur Förderung von Kunst und Kultur in der Gesellschaft,MA7 | BMKöS | Bezirk Landstrasse (3. Bezirk),https://klingt.org/gro.tgnilk/events/12708/index.html?sid=14298401013344652,On the Couch
2022-02-02,Porgy & Bess Jazz& Music Club,Anthropods,Konzert,1,Mark Holub | Clemens Sainitzer | Irene Kepl | Susanna Gartmayer | Jakob Gnigler,Porgy & Bess,Jazz & Musicclub Porgy & Bess,MA7 | BMKöS,https://klingt.org/gro.tgnilk/events/12709/index.html?sid=14298401013344652,Porgy & Bess
2022-02-11,Alte Schmiede,Hammer im Staub - Berkson/Bruckmayr/Fuchs/Schiller,Konzert,1,Judith Berkson | Didi Bruckmayr | Wolfgang Fuchs,Alte Schmiede,KUNSTVEREIN WIEN,MA7,https://klingt.org/gro.tgnilk/events/12719/index.html?sid=14298401013344652,Hammer im Staub
2022-02-23,Porgy & Bess Jazz& Music Club,So Sner - REIME Plattenpräsentation,Konzert,1,Susanna Gartmayer | Stefan Schneider,Porgy & Bess,Jazz & Musicclub Porgy & Bess,MA7,https://klingt.org/gro.tgnilk/events/12718/index.html?sid=14298401013344652,So Sner
2022-03-01,Westbahnstudios,Studio Session #1 - Studio Dan,Konzert,7,Studio Dan | Damaris Richerts | Domnik Fuss | Werner Angerer,Westbahnstudios,Studio Dan - Verein für Neue Musik,MA7,https://klingt.org/gro.tgnilk/events/12722/index.html?sid=14298401013344652,Studio Session #1
2022-03-03,Porgy & Bess Jazz& Music Club,For Poets & Writers - Monumentum Marina Zwetajewa,Konzertreihe,1,Angelica Castello | Tobias Leibetseder | Renald Deppe | Anna Hauf,Porgy & Bess,Jazz & Musicclub Porgy & Bess,MA7,https://klingt.org/gro.tgnilk/events/12748/index.html?sid=14298401013344652,For Poets & Writers
2022-03-04,Porgy & Bess Jazz& Music Club,For Poets & Writers - Monumentum Agnes Heller,Konzertreihe,1,Judith Ferstl | Tobias Leibetseder | Renald Deppe | Ulla Pilz,Porgy & Bess,Jazz & Musicclub Porgy & Bess,MA7,https://klingt.org/gro.tgnilk/events/12749/index.html?sid=14298401013344652,For Poets & Writers
2022-03-06,Porgy & Bess Jazz& Music Club,For Poets & Writers - In memoriam Wislawa Szymborska,Konzertreihe,1,Isabella Forciniti | Tobias Leibetseder | Renald Deppe | Johanna von der Deken,Porgy & Bess,Jazz & Musicclub Porgy & Bess,MA7,https://klingt.org/gro.tgnilk/events/12750/index.html?sid=14298401013344652,For Poets & Writers
2022-03-09,Alte Schmiede,Zimt - CD Presentation,Konzert,1,Angelica Castello | Barbara Romen | Kai Fagaschinski | Burkhard Stangl | Gunter Schneider,Alte Schmiede,KUNSTVEREIN WIEN,MA7,https://klingt.org/gro.tgnilk/events/12671/index.html?sid=14298401013344652,Zimt
2022-03-10,Alte Schmiede,Auf der Welle von Frau Stohr,Performance,1,Lisa Spalt | Sabine Marte | Oliver Stotz,Alte Schmiede,KUNSTVEREIN WIEN,MA7,https://klingt.org/gro.tgnilk/events/12759/index.html?sid=14298401013344652,
2022-03-14,Celeste,Monday Improvisers Session,Konzertreihe,6,Didi Kern | Laura Pudelek,Celeste,Verein für experimentelle improvisierte Musik (VEIM),MA7 | BMKöS | SKE,https://klingt.org/gro.tgnilk/events/12763/index.html?sid=14298401013344652,Monday Improvisers Session
2022-03-16,Replugged,10 Jahre Bloeder 3. Mittwoch,Konzertreihe,7,Tim Shaw | dieb13 | Katharina Ernst | Doris Uhlich | Bernhard Breuer | Ralf Tronstoner | Christoph Kurzmann,Replugged,Verein für Kunstvermischung,MA7 | BMKöS | SKE,https://klingt.org/gro.tgnilk/events/12762/index.html?sid=14298401013344652,
2022-03-18,Setzkasten Wien,Kastenkonzert #37,Konzertreihe,17,Ferro Taylor | Julie C. Stamm | Fließgewässer | Lukas Kannemann,Setzkasten Wien,"Setzkasten, Verein und Werkstatt zur Förderung intermedialer Kunst",MA7 | BMKöS | SKE,https://klingt.org/gro.tgnilk/events/12791/index.html?sid=14298401013344652,Kastenkonzert
2022-03-21,Celeste,Monday Improvisers Session,Konzertreihe,6,Thomas Berghammer | Phillip Quehenberger | Nik Hummer,Celeste,Verein für experimentelle improvisierte Musik (VEIM),MA7,https://klingt.org/gro.tgnilk/events/12764/index.html?sid=14298401013344652,Monday Improvisers Session
2022-03-24,Replugged,Quehenberger-Kern - Uz Jsme Doma - Fil OK,Konzert,7,Quehenberger | Didi Kern | Uz Jsme Doma,liccht,liccht - kulturverein für nischenmusik und populärkultur,MA7 | SKE,https://klingt.org/gro.tgnilk/events/12828/index.html?sid=14298401013344652,Quehenberger-Kern
2022-03-25,Porgy & Bess Jazz& Music Club,Charhizma presents - KONK PACK,Konzert,1,Tim Hodgkinson | Roger Turner | Thomas Lehn,Porgy & Bess,Jazz & Musicclub Porgy & Bess,MA7,https://klingt.org/gro.tgnilk/events/12788/index.html?sid=14298401013344652,Charhizma presents
2022-03-25,echoraum,Schmoliner-Breuer - Harnik-Kern,Konzert,15,Ingrid Schmoliner | Bernhard Breuer | Elisabeth Harnik | Didi Kern,echoraum,liccht - kulturverein für nischenmusik und populärkultur,MA7,https://klingt.org/gro.tgnilk/events/12830/index.html?sid=14298401013344652,Schmoliner-Breuer
2022-03-27,Kulturcafé Max,KNH-Sonntagskind23 - Alex Miksch + Band,Konzert,2,Alex Miksch | Anna Anderluh | Philipp Moosbrugger | Andreas Hellweger,Kulturnetz Hernals,echoraum Vereinigung zur Förderung der Kulturkommunikation,MA7 | BMKöS | SKE,https://klingt.org/gro.tgnilk/events/12802/index.html?sid=14298401013344652,KNH-Sonntagskind23
2022-03-27,Anitta-Müller-Cohen-Platz,TONSPUR festival - Streamers — Festival - Martin Siewert - Maja Osojnik,Festival,2,Martin Siewert | Maja Osojnik,TONSPUR,TONSPUR Kunstverein Wien,MA7 | BMKöS,https://klingt.org/gro.tgnilk/events/12843/index.html?sid=14298401013344652,TONSPUR festival
2022-03-28,rhiz,Klara Lewis - Fru Fru - Subletvis,Konzert,8,Klara Lewis | Maja Osojnik | Angelica Castello,rhiz,KÖR Wien / Kunst im öffentlichen Raum Wien,MA7 | BMKöS | KÖR,https://klingt.org/gro.tgnilk/events/12677/index.html?sid=14298401013344652,Klara Lewis
2022-03-28,Celeste,Monday Improvisers Session,Konzertreihe,6,Susanna Gartmayer | Jake Mann | Martin Burk | Markus Schneider,Celeste,Verein für experimentelle improvisierte Musik (VEIM),MA7,https://klingt.org/gro.tgnilk/events/12765/index.html?sid=14298401013344652,Monday Improvisers Session
2022-03-31,Westbahnstudios,Studio Session #2 - Studio Dan plays Pauline Oliveros,Konzert,7,Studio Dan,Westbahnstudios,Studio Dan - Verein für Neue Musik,MA7 | BMKöS | SKE,https://klingt.org/gro.tgnilk/events/12787/index.html?sid=14298401013344652,Studio Session #2
2022-04-01,echoraum,FÄNGE - simulacrumbs modulated,Konzert,15,Daniel Lercher | David Schweighart | Vinzenz Schwab | Klemens Kohlweis | Andreas Zißler,echoraum,echoraum Vereinigung zur Förderung der Kulturkommunikation,MA7 | BMKöS,https://klingt.org/gro.tgnilk/events/12844/index.html?sid=14298401013344652,FÄNGE
2022-04-04,Celeste,Monday Improvisers Session,Konzertreihe,6,Susanna Gartmayer | Violeta Garcia | Javier Areal Vélez,Celeste,Verein für experimentelle improvisierte Musik (VEIM),MA7 | BMKöS | SKE,https://klingt.org/gro.tgnilk/events/12795/index.html?sid=14298401013344652,Monday Improvisers Session
2022-04-06,Porgy & Bess Jazz& Music Club,Kern - Holub - Fischerlehner - 3 Drum Solos,Konzert,1,Didi Kern | Mark Holub | Rudi Fischerlehner,Porgy & Bess,echoraum Vereinigung zur Förderung der Kulturkommunikation,MA7 | BMKöS | SKE,https://klingt.org/gro.tgnilk/events/12766/index.html?sid=14298401013344652,Kern
2022-04-07,Celeste,FMF presents - Thieke & Göregen,Konzertreihe,6,Michael Thieke | Hogir Göregen | Christoph Kurzmann,Free Music Forum,Kulturverein Free Music Forum mit dem Zusatz Forum für free Jazz & freie Improvisation,MA7 | BMKöS | SKE,https://klingt.org/gro.tgnilk/events/12848/index.html?sid=14298401013344652,FMF presents
2022-04-08,Rote Bar im Volkstheater,DISHES,Club,7,Alpha Maid | Pope Sangreta | 3C 273 | Susanna Gartmayer | Toxe | Kim Leclerc | Olmatri,DISHES,Jazz & Musicclub Porgy & Bess,MA7,https://klingt.org/gro.tgnilk/events/12801/index.html?sid=14298401013344652,
2022-04-10,Anitta-Müller-Cohen-Platz,TONSPUR festival - Streamers —Bertoncini-Lehn & Wolfgang Mitterer,Festival,2,Tiziana Bertoncini | Thomas Lehn | Wolfgang Mitterer,TONSPUR,TONSPUR Kunstverein Wien,MA7 | BMKöS,https://klingt.org/gro.tgnilk/events/12879/index.html?sid=14298401013344652,TONSPUR festival
2022-04-11,Celeste,Monday Improvisers Session,Konzertreihe,6,Thomas Berghammer | Thomas Lehn | Tiziana Bertoncini,Celeste,Verein für experimentelle improvisierte Musik (VEIM),MA7,https://klingt.org/gro.tgnilk/events/12796/index.html?sid=14298401013344652,Monday Improvisers Session
2022-04-13,Akademie der Bildenden Künste Wien,Cauliflower Sound Festival - Tag 1,Festival,6,Angela Lau | Kisling | Mad Lane | Nana Dahlin,Cauliflower Power Sound Festival,The Acousmatic Project - Verein zur Förderung Akusmatischer Musik,BMKöS,https://klingt.org/gro.tgnilk/events/12875/index.html?sid=14298401013344652,Cauliflower Sound Festival
2022-04-14,Akademie der Bildenden Künste Wien,Cauliflower Sound Festival - Tag 2,Festival,6,Vinzenz Schwab | Frederic Stritter | Nina Bauer | Thomas Gorbach | Gischt,Cauliflower Power Sound Festival,The Acousmatic Project - Verein zur Förderung Akusmatischer Musik,BMKöS,https://klingt.org/gro.tgnilk/events/12874/index.html?sid=14298401013344652,Cauliflower Sound Festival
2022-04-15,Akademie der Bildenden Künste Wien,Cauliflower Sound Festival - Tag 3,Festival,6,Rdeca Raketa | Patrick K-H | Paul Gründorfer | Eduardo Triviño Cely | Milena Georgieva,Cauliflower Power Sound Festival,The Acousmatic Project - Verein zur Förderung Akusmatischer Musik,BMKöS,https://klingt.org/gro.tgnilk/events/12871/index.html?sid=14298401013344652,Cauliflower Sound Festival
2022-04-18,Celeste,Monday Improvisers Session,Konzertreihe,6,Susanna Gartmayer | Philipp Kienberger | Patrick Lechner | Niki Dolp,Celeste,Verein für experimentelle improvisierte Musik (VEIM),MA7,https://klingt.org/gro.tgnilk/events/12797/index.html?sid=14298401013344652,Monday Improvisers Session
2022-04-20,Künstlerhaus,Der Blöde Dritte Mittwoch #117,Konzertreihe,1,Lan Sticker | Robert Prosser | The New Constellation | NicoNote | WANG Inc.,Der Blöde Dritte Mittwoch,Verein für Kunstvermischung,BMKöS,https://klingt.org/gro.tgnilk/events/12870/index.html?sid=14298401013344652,Der Blöde Dritte Mittwoch
2022-04-21,Celeste,FMF presents - Jasna Jovićević & Annette Giesriegl,Konzertreihe,6,Jasna Jovićević | Annette Giesriegl | Didi Kern,Free Music Forum,Kulturverein Free Music Forum mit dem Zusatz Forum für free Jazz & freie Improvisation,MA7 | BMKöS,https://klingt.org/gro.tgnilk/events/12888/index.html?sid=14298401013344652,FMF presents
2022-04-22,Studio Eberhard,On the Couch #66 - Eberhard-Gross-Owczarek,Konzertreihe,3,Paulina Owczarek | Igor Gross | Alexander J. Eberhard,Studio Eberhard,On the Couch - zur Förderung von Kunst und Kultur in der Gesellschaft,MA7 | BMKöS | SKE,https://klingt.org/gro.tgnilk/events/12899/index.html?sid=14298401013344652,On the Couch
2022-04-24,St. Ruprecht,Antonietta Loffredo - Toy Piano,Konzert,1,Antonietta Loffredo,Neue Musik St. Ruprecht,Verein zur Förderung der Neuen Musik im Kirchenraum,MA7 | BMKöS,https://klingt.org/gro.tgnilk/events/12647/index.html?sid=14298401013344652,Antonietta Loffredo
2022-04-24,Kulturcafé Max,KNH-Sonntagskind24 - Gruber,Konzertreihe,2,Gruber,Kulturnetz Hernals,SHIZZLE - Kunst- und Kulturverein,MA7 | BMKöS,https://klingt.org/gro.tgnilk/events/12803/index.html?sid=14298401013344652,KNH-Sonntagskind24
2022-04-25,Celeste,Monday Improvisers Session,Konzertreihe,6,Didi Kern,Celeste,Verein für experimentelle improvisierte Musik (VEIM),MA7,https://klingt.org/gro.tgnilk/events/12800/index.html?sid=14298401013344652,Monday Improvisers Session
2022-04-25,Kulturcafé Max,KNH-Darkroom9,Konzert,2,Helmut Jasbar | Matthias Schinnerl,Kulturnetz Hernals,SHIZZLE - Kunst- und Kulturverein,MA7 | BMKöS,https://klingt.org/gro.tgnilk/events/12805/index.html?sid=14298401013344652,
2022-04-29,Alte Schmiede,Bertoncini - Gnigler - Lebrat,Konzert,1,Tiziana Bertoncini | Jakob Gnigler | Soizic Lebrat,Alte Schmiede,KUNSTVEREIN WIEN,MA7,https://klingt.org/gro.tgnilk/events/12914/index.html?sid=14298401013344652,Bertoncini
2022-04-30,FLUCC,Stefan Geissler Trio - 20 Jahre Fluc,Konzert,2,Stefan Geissler | Katharina Klein | Philipp Wesener,flucc,Verein Kulturzentrum FLUCC,MA7,https://klingt.org/gro.tgnilk/events/12910/index.html?sid=14298401013344652,Stefan Geissler Trio
2022-04-30,echoraum,Salongarnison7 - Judith Unterpertinger,Konzertreihe,15,Judith Unterpertinger,echoraum,echoraum Vereinigung zur Förderung der Kulturkommunikation,MA7 | BMKöS | SKE,https://klingt.org/gro.tgnilk/events/12925/index.html?sid=14298401013344652,Salongarnison7
2022-04-30,Sargfabrik,JSB Trio,Konzert,14,Jürgen Berlakovich | Stefan Voglsinger,Sargfabrik,Verein für Integrative Lebensgestaltung,MA7 | BMKöS | SKE | Bezirk Penzing (14. Bezirk) | AKM,https://klingt.org/gro.tgnilk/events/12926/index.html?sid=14298401013344652,
2022-05-01,St. Ruprecht,AiR - Artists in Residence - Duo Ar,Konzert,1,[nicht dokumentiert],Neue Musik St. Ruprecht,KUNSTVEREIN WIEN,MA7,https://klingt.org/gro.tgnilk/events/12648/index.html?sid=14298401013344652,AiR
2022-05-01,Anitta-Müller-Cohen-Platz,TONSPUR festival - Streamers —Castelló - Stangl - Fennesz - Kutin,Festival,2,Angelica Castello | Burkhard Stangl | Peter Kutin | Christian Fennesz,TONSPUR,TONSPUR Kunstverein Wien,MA7 | BMKöS,https://klingt.org/gro.tgnilk/events/12849/index.html?sid=14298401013344652,TONSPUR festival
2022-05-02,Celeste,Monday Improvisers Session,Konzertreihe,6,Susanna Gartmayer | Florent Dupuit | Jake Mann,Celeste,Verein für experimentelle improvisierte Musik (VEIM),MA7 | BMKöS | SKE,https://klingt.org/gro.tgnilk/events/12890/index.html?sid=14298401013344652,Monday Improvisers Session
2022-05-03,echoraum,XX Y X - soundsongnoisesilence,Konzert | Screening,15,Karø Goldt | Annja Krautgasser | Tatiana Lecomte | Michaela Schwentner | Yasmina Haddad | Andrea Lumplecker,echoraum,echoraum Vereinigung zur Förderung der Kulturkommunikation,MA7 | BMKöS | SKE,https://klingt.org/gro.tgnilk/events/12932/index.html?sid=14298401013344652,XX Y X
2022-05-05,Celeste,FMF presents - obdo - Blondy & Lehn,Konzertreihe,6,Frédéric Blondy | Thomas Lehn | Martin Siewert,Free Music Forum,Kulturverein Free Music Forum mit dem Zusatz Forum für free Jazz & freie Improvisation,MA7 | BMKöS,https://klingt.org/gro.tgnilk/events/12889/index.html?sid=14298401013344652,FMF presents
2022-05-06,Salon Garnison,Katharina Klement solo - Spiegel,Konzert,17,Katharina Klement,Salon Garnison,[nicht dokumentiert],[nicht dokumentiert],https://klingt.org/gro.tgnilk/events/12927/index.html?sid=14298401013344652,Katharina Klement solo
2022-05-08,Porgy & Bess Jazz& Music Club,Elisabeth Harnik Earscratcher,Konzert,1,Elisabeth Harnik | Dave Rempis | Fred Lonberg-Holm | Tim Daisy,charhizma,Jazz & Musicclub Porgy & Bess,MA7,https://klingt.org/gro.tgnilk/events/12814/index.html?sid=14298401013344652,Porgy & Bess
2022-05-09,Celeste,Monday Improvisers Session,Konzertreihe,6,Didi Kern | Tahereh Nourani | Yoram Rosilio,Celeste,Verein für experimentelle improvisierte Musik (VEIM),MA7 | BMKöS | SKE,https://klingt.org/gro.tgnilk/events/12891/index.html?sid=14298401013344652,Monday Improvisers Session
2022-05-10,Instituto Cervantes Wien,SUENA Festival - Ensemble N,Festival,1,Audrey G. Perreault | Anna Koch | Luca Lavuri | Jon Svinghammar,SUENA Festival,SUENA - Verein zur Förderung und Verbreitung neuer Musik,MA7 | BMKöS | SKE,https://klingt.org/gro.tgnilk/events/12956/index.html?sid=14298401013344652,SUENA Festival
2022-05-11,Instituto Cervantes Wien,SUENA Festival - andother stage Ensemble,Festival,1,Alfredo Ovalles | Jorge Sánchez-Chiong | Samuel Toro Pérez | Brigitte Wilfing,SUENA Festival,SUENA - Verein zur Förderung und Verbreitung neuer Musik,MA7 | BMKöS | SKE,https://klingt.org/gro.tgnilk/events/12957/index.html?sid=14298401013344652,SUENA Festival
2022-05-12,Replugged,Rhys Chatham - David Fenech - Martin Siewert - Christian Reiner,Konzert,7,Rhys Chatham | David Fenech | Martin Siewert | Christian Reiner,Replugged,[nicht dokumentiert],[nicht dokumentiert],https://klingt.org/gro.tgnilk/events/12833/index.html?sid=14298401013344652,Rhys Chatham
2022-05-12,Instituto Cervantes Wien,SUENA Festival - Vertixe Sonora Ensemble,Festival,1,Angelica Castello | Clara Saleiro | Carlos Cordeiro | Pablo Coello,SUENA Festival,SUENA - Verein zur Förderung und Verbreitung neuer Musik,MA7 | BMKöS | SKE,https://klingt.org/gro.tgnilk/events/12958/index.html?sid=14298401013344652,SUENA Festival
2022-05-13,Ateliertheater,VELAK Gala #119,Konzertreihe,7,Conny Frischauf | Marcin Morga | Janneke van der Putten,velak,Verein für elektroakustische Musik; Kurztitel VELAK,Kurztitel VELAK,MA7 | BMKöS,VELAK Gala
2022-10-08,Celeste,Eric Arn - Eyal Maoz Album Release,Konzert,6,Eric Arn | Eyal Maoz | Lukas Ligeti | Yedda Chunyu Lin,Psychic Vienna,[nicht dokumentiert],[nicht dokumentiert],https://klingt.org/gro.tgnilk/events/13220/,Eric Arn
2022-10-11,echoraum,Nachhall #3 - Noetinger & Vrba,Konzert,15,Jérôme Noetinger | Peter Vrba,echoraum,echoraum Vereinigung zur Förderung der Kulturkommunikation,MA7 | BMKöS | SKE,https://klingt.org/gro.tgnilk/events/13158/,Nachhall #3
2022-10-21,Klangtheater MDW,Moozak Multichannel Series #02 - ELAK Concerts #05,Konzert | Installation,3,Sara Pinheiro | Robert Schwarz | Veronika Mayer | Tasos Stamou,moozak,MOOZAK - VEREIN FÜR EXPERIMENTELLE MUSIK,MA7 | BMKöS,https://klingt.org/gro.tgnilk/events/13275/,Moozak Multichannel Series #02
2022-10-22,Château Rouge,Smallforms,Konzert,8,Nicholas Hoffman | Katrin Plavčak | Katrin Euller | Christian Schröder | Charlotte Jefferies,smallforms,small forms - Verein zur Förderung und Verbreitung von zeitgenössischen Musikformen,MA7 | BMKöS | SKE,https://klingt.org/gro.tgnilk/events/13297/,Smallforms
2022-11-11,REAKTOR,BRAUCHEN - Wien Modern Premiere,Konzert | Performance,17,ensemble]h[iatus | Géraldine Keller | Isabelle Duthoit | Tiziana Bertoncini | Thomas Lehn,Konnektom,"Wien Modern, Verein für neue Musik",MA7 | BMKöS,https://klingt.org/gro.tgnilk/events/13331/,BRAUCHEN
2022-09-23,Zacherlfabrik,Unsafe+Sounds 2022 - Tainted Futures Day 1,Festival,19,Haskii | Inou Ki Endo | Rent | Stine Janvin | SØS Gunver Ryberg,Unsafe+Sounds,Peer to Peer - Verein zur Förderung und Verbreitung experimenteller Musik interdisziplinärer Kunstformate und Diskurs,MA7 | SKE,https://ntry.at/unsafeandsoundsfestival2022,Unsafe+Sounds
2022-09-23,Das WERK,Unsafe+Sounds 2022 - Tainted Futures Night 1,Festival,9,Christia Ingemann | Ebhardy | Elin | Flower Crime | Kim Leclerc | Rrose | UFO95,Unsafe+Sounds,Peer to Peer - Verein zur Förderung und Verbreitung experimenteller Musik interdisziplinärer Kunstformate und Diskurs,MA7 | SKE,https://ntry.at/unsafeandsoundsfestival2022,Unsafe+Sounds
2022-09-24,Das WERK,Unsafe+Sounds 2022 - Tainted Futures Night 2,Festival,9,Amblio | Anthea | Kenji Araki | Astrid Gnosis | Bootlicker | DJ Diamond | In My Talons | Sentimental Rave | Vich Mind,Unsafe+Sounds,Peer to Peer - Verein zur Förderung und Verbreitung experimenteller Musik interdisziplinärer Kunstformate und Diskurs,MA7 | SKE,https://ntry.at/unsafeandsoundsfestival2022,Unsafe+Sounds
2022-09-28,Zacherlfabrik,Unsafe+Sounds 2022 - Tainted Futures Day 2,Festival,19,Cedrik Fermont | Kristina Pia Hofer | No Bra | Mattin | Privat,Unsafe+Sounds,Peer to Peer - Verein zur Förderung und Verbreitung experimenteller Musik interdisziplinärer Kunstformate und Diskurs,MA7 | SKE,https://ntry.at/unsafeandsoundsfestival2022,Unsafe+Sounds
2022-09-29,Zacherlfabrik,Unsafe+Sounds 2022 - Tainted Futures Day 3 (Struma+Iodine),Festival,19,Kutin | Mattin | Snake Boots | Yuzu,Unsafe+Sounds,Peer to Peer - Verein zur Förderung und Verbreitung experimenteller Musik interdisziplinärer Kunstformate und Diskurs,MA7 | SKE,https://ntry.at/unsafeandsoundsfestival2022,Unsafe+Sounds
2022-09-30,Zacherlfabrik,Unsafe+Sounds 2022 - Tainted Futures Day 4 (Ventil Records),Festival,19,Electric Indigo | Eugenia Seriakov | Pia Palme | Sonja Leipold | Rojin Sharafi | Wolfgang Sterneck,Unsafe+Sounds,Peer to Peer - Verein zur Förderung und Verbreitung experimenteller Musik interdisziplinärer Kunstformate und Diskurs,MA7 | SKE,https://ntry.at/unsafeandsoundsfestival2022,Unsafe+Sounds
2022-09-30,Das WERK,Unsafe+Sounds 2022 - Tainted Futures Night 3,Festival,9,Alpha Tracks | Bushra | DJ Haram | Ewa Justka | Ezy | High Future | Jung An Tagen | Cam Deas | Mikkel Rev | Oprofessionell,Unsafe+Sounds,Peer to Peer - Verein zur Förderung und Verbreitung experimenteller Musik interdisziplinärer Kunstformate und Diskurs,MA7 | SKE,https://ntry.at/unsafeandsoundsfestival2022,Unsafe+Sounds
2022-10-01,Zacherlfabrik,Unsafe+Sounds 2022 - Tainted Futures Day 5 (Struma+Iodine),Festival,19,Ingrid | Luis Manuel Garcia | Omformer | Pure | Robert Schwarz | Tina393,Unsafe+Sounds,Peer to Peer - Verein zur Förderung und Verbreitung experimenteller Musik interdisziplinärer Kunstformate und Diskurs,MA7 | SKE,https://ntry.at/unsafeandsoundsfestival2022,Unsafe+Sounds
2022-10-01,Das WERK,Unsafe+Sounds 2022 - Tainted Futures Night 4,Festival,9,Abu Gabi | DJ Warzone | Ehrenschwesta | Distortina | Misonica | Nkisi | Prison Religion | Safa,Unsafe+Sounds,Peer to Peer - Verein zur Förderung und Verbreitung experimenteller Musik interdisziplinärer Kunstformate und Diskurs,MA7 | SKE,https://ntry.at/unsafeandsoundsfestival2022,Unsafe+Sounds
2023-09-07,AIL Angewandte,Unsafe+Sounds 2023 - Hope - Apertura,Festival,1,Inou Ki Endo | Nimikry | Audrey Chen | Mariam Rezaei | Lyra Pramuk | isocialbutterflyy,Unsafe+Sounds,Peer to Peer - Verein zur Förderung und Verbreitung experimenteller Musik interdisziplinärer Kunstformate und Diskurs,MA7 | BMKöS | AIL,https://kulturpool.at/suche?query=unsafe+sounds,Unsafe+Sounds
2023-09-08,Arena Wien,Unsafe+Sounds 2023 - Hope - Arena Kleine Halle,Festival,3,Aki Traar | In My Talons | W1ze | Namasenda,Unsafe+Sounds,Peer to Peer - Verein zur Förderung und Verbreitung experimenteller Musik interdisziplinärer Kunstformate und Diskurs,MA7 | BMKöS | SKE,https://kulturpool.at/suche?query=unsafe+sounds,Unsafe+Sounds
2023-09-08,Arena Wien,Unsafe+Sounds 2023 - Hope - Arena Dreiraum,Festival,3,Welia | Zosia Holubowska | Pope Sangreta | bela,Unsafe+Sounds,Peer to Peer - Verein zur Förderung und Verbreitung experimenteller Musik interdisziplinärer Kunstformate und Diskurs,MA7 | BMKöS | SKE,https://kulturpool.at/suche?query=unsafe+sounds,Unsafe+Sounds
2023-09-09,FLUCC,Unsafe+Sounds 2023 - Hope - Noche Flucc,Festival,2,Kisling | Asifeh | Firas Shehadeh | Emma DJ | Moesha 13 | Swan Meat | DJ Diamond | Die Klar | MARAws | Yynona | DJ Shinsekai | Diana Azzuz | Vich Mind,Unsafe+Sounds,Peer to Peer - Verein zur Förderung und Verbreitung experimenteller Musik interdisziplinärer Kunstformate und Diskurs,MA7 | BMKöS | SKE,https://kulturpool.at/suche?query=unsafe+sounds,Unsafe+Sounds
2023-09-10,Brunnenpassage,Unsafe+Sounds 2023 - Hope - Diskurs Diaspora,Festival | Diskurs,16,Mursal | Wandapanda | Tiger | Susanne Songi Griem,Unsafe+Sounds,Peer to Peer - Verein zur Förderung und Verbreitung experimenteller Musik interdisziplinärer Kunstformate und Diskurs,MA7 | BMKöS | SKE,https://kulturpool.at/suche?query=unsafe+sounds,Unsafe+Sounds
2023-09-12,Echo Correspondence,Unsafe+Sounds 2023 - Hope - Sonic Politics Panel,Festival | Diskurs,19,Pisitakun | Hui Ye | Firas Shehadeh | Shilla Strelka,Unsafe+Sounds,Peer to Peer - Verein zur Förderung und Verbreitung experimenteller Musik interdisziplinärer Kunstformate und Diskurs,MA7 | BMKöS | SKE,https://kulturpool.at/suche?query=unsafe+sounds,Unsafe+Sounds
2023-09-13,Zacherlfabrik,Unsafe+Sounds 2023 - Hope - Open Air,Festival,19,Nova Lux,Unsafe+Sounds,Peer to Peer - Verein zur Förderung und Verbreitung experimenteller Musik interdisziplinärer Kunstformate und Diskurs,MA7 | BMKöS | SKE,https://kulturpool.at/suche?query=unsafe+sounds,Unsafe+Sounds
2023-09-14,Zacherlfabrik,Unsafe+Sounds 2023 - Hope - Panel Clubräume,Festival | Diskurs,19,Mirabella Dziruni | Sadia Walizade | Sandro Nicolussi | Ania Gleich,Unsafe+Sounds,Peer to Peer - Verein zur Förderung und Verbreitung experimenteller Musik interdisziplinärer Kunstformate und Diskurs,MA7 | BMKöS | SKE,https://kulturpool.at/suche?query=unsafe+sounds,Unsafe+Sounds
2023-09-14,Zacherlfabrik,Unsafe+Sounds 2023 - Hope - Noche Zacherlfabrik,Festival,19,Helm | Neo Geodesia | Kenji Araki | Guta! | Farr | Zoë Mc Pherson | Object Blue | Why Be,Unsafe+Sounds,Peer to Peer - Verein zur Förderung und Verbreitung experimenteller Musik interdisziplinärer Kunstformate und Diskurs,MA7 | BMKöS | SKE,https://kulturpool.at/suche?query=unsafe+sounds,Unsafe+Sounds
2023-09-15,FLUCC,Unsafe+Sounds 2023 - Hope - Panel Building Community,Festival | Diskurs,2,Saphy Vong | Yuko Asanuma | Tobias Lee | Christine Kakaire | মm.,Unsafe+Sounds,Peer to Peer - Verein zur Förderung und Verbreitung experimenteller Musik interdisziplinärer Kunstformate und Diskurs,MA7 | BMKöS | SKE,https://kulturpool.at/suche?query=unsafe+sounds,Unsafe+Sounds
2023-09-15,FLUCC,Unsafe+Sounds 2023 - Hope - Noche Flucc 2,Festival,2,Thao | Xing | DJ Olinclusive | Zey | S.verin | Coco Cobra,Unsafe+Sounds,Peer to Peer - Verein zur Förderung und Verbreitung experimenteller Musik interdisziplinärer Kunstformate und Diskurs,MA7 | BMKöS | SKE,https://kulturpool.at/suche?query=unsafe+sounds,Unsafe+Sounds
2023-09-15,Zacherlfabrik,Unsafe+Sounds 2023 - Hope - Noche Zacherlfabrik 2,Festival,19,Neo Geodesia | Kenji Araki | Farr | Zoë Mc Pherson | Object Blue,Unsafe+Sounds,Peer to Peer - Verein zur Förderung und Verbreitung experimenteller Musik interdisziplinärer Kunstformate und Diskurs,MA7 | BMKöS | SKE,https://kulturpool.at/suche?query=unsafe+sounds,Unsafe+Sounds
2023-09-17,Zacherlfabrik,Unsafe+Sounds 2023 - Hope - Cierre,Festival,19,Daniel Blumberg,Unsafe+Sounds,Peer to Peer - Verein zur Förderung und Verbreitung experimenteller Musik interdisziplinärer Kunstformate und Diskurs,MA7 | BMKöS | SKE,https://kulturpool.at/suche?query=unsafe+sounds,Unsafe+Sounds
2024-09-05,AIL Angewandte,Unsafe+Sounds 2024 - Of Many Worlds - Apertura,Festival,1,Miriam Adefris | Dorian Concept | Inou Ki Endo,Unsafe+Sounds,Peer to Peer - Verein zur Förderung und Verbreitung experimenteller Musik interdisziplinärer Kunstformate und Diskurs,MA7 | BMKöS | SKE,https://flucc.at/events/AaMRcZ-10-years-of-unsafesounds-of-many-worlds-festival-day-2/  | https://strumandiodine.com/article/unsafesounds-festival-2024-first-programme-details/,Unsafe+Sounds
2024-09-06,FLUCC,Unsafe+Sounds 2024 - Of Many Worlds - Noche Flucc Wanne,Festival,2,Ursula Sereghy | MIRA新伝統 | ABADIR | HUUUM | Van Boom | DJ Loser | Talita Otović | DJ Diamond,Unsafe+Sounds,Peer to Peer - Verein zur Förderung und Verbreitung experimenteller Musik interdisziplinärer Kunstformate und Diskurs,MA7 | BMKöS | SKE,https://flucc.at/events/AaMRcZ-10-years-of-unsafesounds-of-many-worlds-festival-day-2/  | https://strumandiodine.com/article/unsafesounds-festival-2024-first-programme-details/,Unsafe+Sounds
2024-09-06,FLUCC,Unsafe+Sounds 2024 - Of Many Worlds - Noche Flucc Deck,Festival,2,Olgica | DJ Hybris | মm. | DJ GÄP | Toupaz,Unsafe+Sounds,Peer to Peer - Verein zur Förderung und Verbreitung experimenteller Musik interdisziplinärer Kunstformate und Diskurs,MA7 | BMKöS | SKE,https://flucc.at/events/AaMRcZ-10-years-of-unsafesounds-of-many-worlds-festival-day-2/  | https://strumandiodine.com/article/unsafesounds-festival-2024-first-programme-details/,Unsafe+Sounds
2024-09-07,Arena Wien,Unsafe+Sounds 2024 - Of Many Worlds - Arena,Festival,3,Senyawa | Safety Trance | Blood of Aza | Susu Laroche | Morast,Unsafe+Sounds,Peer to Peer - Verein zur Förderung und Verbreitung experimenteller Musik interdisziplinärer Kunstformate und Diskurs,MA7 | BMKöS | SKE,https://flucc.at/events/AaMRcZ-10-years-of-unsafesounds-of-many-worlds-festival-day-2/  | https://strumandiodine.com/article/unsafesounds-festival-2024-first-programme-details/,Unsafe+Sounds
2024-09-10,WUK,Unsafe+Sounds 2024 - Of Many Worlds - Diskurs Tag 1,Festival | Diskurs,9,Luna Al-Mousli | Negin Rezaie | Thomas Burkhalter,Unsafe+Sounds,Peer to Peer - Verein zur Förderung und Verbreitung experimenteller Musik interdisziplinärer Kunstformate und Diskurs,MA7 | BMKöS | SKE,https://flucc.at/events/AaMRcZ-10-years-of-unsafesounds-of-many-worlds-festival-day-2/  | https://strumandiodine.com/article/unsafesounds-festival-2024-first-programme-details/,Unsafe+Sounds
2024-09-11,WUK,Unsafe+Sounds 2024 - Of Many Worlds - Diskurs Tag 2,Festival | Diskurs,9,Annie Goh | Ata Ebtekar | Brooklyn Pakathi | Isabella Forciniti,Unsafe+Sounds,Peer to Peer - Verein zur Förderung und Verbreitung experimenteller Musik interdisziplinärer Kunstformate und Diskurs,MA7 | BMKöS | SKE,https://flucc.at/events/AaMRcZ-10-years-of-unsafesounds-of-many-worlds-festival-day-2/  | https://strumandiodine.com/article/unsafesounds-festival-2024-first-programme-details/,Unsafe+Sounds
2024-09-12,WUK,Unsafe+Sounds 2024 - Of Many Worlds - Diskurs Tag 3,Festival | Diskurs,9,Lain Iwakura | Nkisi | Rashad Becker | Salomé Voegelin,Unsafe+Sounds,Peer to Peer - Verein zur Förderung und Verbreitung experimenteller Musik interdisziplinärer Kunstformate und Diskurs,MA7 | BMKöS | SKE,https://flucc.at/events/AaMRcZ-10-years-of-unsafesounds-of-many-worlds-festival-day-2/  | https://strumandiodine.com/article/unsafesounds-festival-2024-first-programme-details/,Unsafe+Sounds
2024-09-12,4lthangrund,Unsafe+Sounds 2024 - Of Many Worlds - Panel Clubspaces,Festival | Diskurs,9,Meha Jhajharia | Mena Huber | Samo Zeichen,Unsafe+Sounds,Peer to Peer - Verein zur Förderung und Verbreitung experimenteller Musik interdisziplinärer Kunstformate und Diskurs,MA7 | BMKöS | SKE,https://flucc.at/events/AaMRcZ-10-years-of-unsafesounds-of-many-worlds-festival-day-2/  | https://strumandiodine.com/article/unsafesounds-festival-2024-first-programme-details/,Unsafe+Sounds
2024-09-13,Westbahnstudios,Unsafe+Sounds 2024 - Of Many Worlds - Diskurs Tag 4,Festival | Diskurs,7,Daphne Xanthopoulou | Felipe Maia | Holger Schulze | Stas Sharifulla,Unsafe+Sounds,Peer to Peer - Verein zur Förderung und Verbreitung experimenteller Musik interdisziplinärer Kunstformate und Diskurs,MA7 | BMKöS | SKE,https://flucc.at/events/AaMRcZ-10-years-of-unsafesounds-of-many-worlds-festival-day-2/  | https://strumandiodine.com/article/unsafesounds-festival-2024-first-programme-details/,Unsafe+Sounds
2024-09-14,Zacherlfabrik,Unsafe+Sounds 2024 - Of Many Worlds - Noche Club,Festival,19,Iceboy Violet | Frankie | Mopcut | Rashad Becker | Evicshen,Unsafe+Sounds,Peer to Peer - Verein zur Förderung und Verbreitung experimenteller Musik interdisziplinärer Kunstformate und Diskurs,MA7 | BMKöS | SKE,https://flucc.at/events/AaMRcZ-10-years-of-unsafesounds-of-many-worlds-festival-day-2/  | https://strumandiodine.com/article/unsafesounds-festival-2024-first-programme-details/,Unsafe+Sounds
2024-09-15,Zacherlfabrik,Unsafe+Sounds 2024 - Of Many Worlds - Cierre BPO,Festival,19,Black Page Orchestra | Mirela Ivičević | Matthias Kranebitter,Unsafe+Sounds,Peer to Peer - Verein zur Förderung und Verbreitung experimenteller Musik interdisziplinärer Kunstformate und Diskurs,MA7 | BMKöS | SKE,https://flucc.at/events/AaMRcZ-10-years-of-unsafesounds-of-many-worlds-festival-day-2/  | https://strumandiodine.com/article/unsafesounds-festival-2024-first-programme-details/,Unsafe+Sounds
2025-09-02,AIL Angewandte,Unsafe+Sounds 2025 - Collapsed Star,Festival,1,Inou Ki Endo | Zosia Holubowska | HxH | ROTOЯ | Rosa Anschütz,Unsafe+Sounds,Peer to Peer - Verein zur Förderung und Verbreitung experimenteller Musik interdisziplinärer Kunstformate und Diskurs,MA7 | BMKöS | SKE,https://unsafeandsounds.com/archive/,Unsafe+Sounds
2025-09-03,ifk,Unsafe+Sounds 2025 - Exhibition Past Tense Opening,Festival | Ausstellung,1,Brooklyn Pakathi,Unsafe+Sounds,Peer to Peer - Verein zur Förderung und Verbreitung experimenteller Musik interdisziplinärer Kunstformate und Diskurs,MA7 | BMKöS | SKE,https://unsafeandsounds.com/archive/,Unsafe+Sounds
2025-09-03,WUK,Unsafe+Sounds 2025 - Lucid Ghosts,Festival,9,Kampan | Rogine | Gajek | Ludwig Wandinger | Yves B. Golden,Unsafe+Sounds,Peer to Peer - Verein zur Förderung und Verbreitung experimenteller Musik interdisziplinärer Kunstformate und Diskurs,MA7 | BMKöS | SKE,https://unsafeandsounds.com/archive/,Unsafe+Sounds
2025-09-04,Porgy & Bess Jazz& Music Club,Unsafe+Sounds 2025 - Time Infolding,Festival,1,Lukas König | Kasho Chualan | MA.MOYO | Coby Sey | Mara Never,Unsafe+Sounds,Peer to Peer - Verein zur Förderung und Verbreitung experimenteller Musik interdisziplinärer Kunstformate und Diskurs,MA7 | BMKöS | SKE,https://unsafeandsounds.com/archive/,Unsafe+Sounds
2025-09-05,WUK,Unsafe+Sounds 2025 - Lightspeed Back Hereafter,Festival,9,Annie High | Sophia Eisenhut | Das Wettbüro | CEL | Autor,Unsafe+Sounds,Peer to Peer - Verein zur Förderung und Verbreitung experimenteller Musik interdisziplinärer Kunstformate und Diskurs,MA7 | BMKöS | SKE,https://unsafeandsounds.com/archive/,Unsafe+Sounds
2025-09-05,FLUCC,Unsafe+Sounds 2025 - Phase Shift,Festival,2,Lain Iwakura | b1unt b1ade | ephemer | Dasychira | Vanyfox,Unsafe+Sounds,Peer to Peer - Verein zur Förderung und Verbreitung experimenteller Musik interdisziplinärer Kunstformate und Diskurs,MA7 | BMKöS | SKE,https://unsafeandsounds.com/archive/,Unsafe+Sounds
2025-09-06,WUK,Unsafe+Sounds 2025 - Editions Mego 30 Day 1,Festival,9,Philipp Quehenberger | Klara Lewis | General Magic | Tina Frank | Nik Colk Void,Unsafe+Sounds,Peer to Peer - Verein zur Förderung und Verbreitung experimenteller Musik interdisziplinärer Kunstformate und Diskurs,MA7 | BMKöS | SKE,https://unsafeandsounds.com/archive/,Unsafe+Sounds
2025-09-06,Pratersauna,Unsafe+Sounds 2025 - Becoming,Festival,2,Luca Carlotta | Fingers of God | Nkisi | S.verin | Superskin | Flower Crime,Unsafe+Sounds,Peer to Peer - Verein zur Förderung und Verbreitung experimenteller Musik interdisziplinärer Kunstformate und Diskurs,MA7 | BMKöS | SKE,https://unsafeandsounds.com/archive/,Unsafe+Sounds
2025-09-07,WUK,Unsafe+Sounds 2025 - Editions Mego 30 Day 2,Festival,9,Chra | Jung An Tagen | Ilpo Väisänen | Hüma Utku | Finlay Shakespeare,Unsafe+Sounds,Peer to Peer - Verein zur Förderung und Verbreitung experimenteller Musik interdisziplinärer Kunstformate und Diskurs,MA7 | BMKöS | SKE,https://unsafeandsounds.com/archive/,Unsafe+Sounds
2022-03-10,rhiz,Struma+Iodine - Gábor Lázár | Jung An Tagen | Augsburger Messer | Inou Ki Endo,Konzert,8,Gábor Lázár | Jung An Tagen | Augsburger Messer | Inou Ki Endo,Struma+Iodine,STRUMA+IODINE - Verein zur Erweiterung musikalischer Erfahrungsräume,MA7 | BMKöS,https://strumaiodine.com/,Struma+Iodine
2022-03-28,rhiz,Struma+Iodine - Klara Lewis | Fru Fru | the concept horse | Subletvis,Konzert,8,Klara Lewis | Maja Osojnik | Angélica Castelló | Subletvis,Struma+Iodine,STRUMA+IODINE - Verein zur Erweiterung musikalischer Erfahrungsräume,MA7 | BMKöS,https://strumaiodine.com/,Struma+Iodine
2022-04-16,Das WERK,Struma+Iodine - Somniac One | Kilbourne | Flower Crime,Konzert,9,Somniac One | Kilbourne | Flower Crime | Schirin | DJ Warzone | DJ Ebhardy,Struma+Iodine,STRUMA+IODINE - Verein zur Erweiterung musikalischer Erfahrungsräume,MA7 | BMKöS,https://strumaiodine.com/,Struma+Iodine
2022-04-27,Venster99,Struma+Iodine x Cut Surface - CIA Debutante | MMe Psychosis,Konzert,16,CIA Debutante | MMe Psychosis | Anne Pedersdotter | Inou Ki Endo,Struma+Iodine,STRUMA+IODINE - Verein zur Erweiterung musikalischer Erfahrungsräume,MA7 | BMKöS,https://strumaiodine.com/,Struma+Iodine | Cut Surface
2022-05-05,rhiz,Struma+Iodine - Poly Chain | Fingers of God | Rent | Grace Schella,Konzert,8,Poly Chain | Fingers of God | Rent | Grace Schella,Struma+Iodine,STRUMA+IODINE - Verein zur Erweiterung musikalischer Erfahrungsräume,MA7 | BMKöS | SKE,https://strumaiodine.com/,Struma+Iodine
2022-06-10,rhiz,Struma+Iodine - Animistic Beliefs | Authentically Plastic | Jung An Tagen,Konzert,8,Animistic Beliefs | Authentically Plastic | Jung An Tagen | Augsburger Messer | Yuzu,Struma+Iodine,STRUMA+IODINE - Verein zur Erweiterung musikalischer Erfahrungsräume,MA7 | BMKöS | SKE,https://strumaiodine.com/,Struma+Iodine
2022-06-22,Venster99,Struma+Iodine x Ventil Records - Venus Ex Machina | Schtum | Gischt,Konzert,16,Venus Ex Machina | Schtum | Gischt | Inou Ki Endo,Struma+Iodine,STRUMA+IODINE - Verein zur Erweiterung musikalischer Erfahrungsräume,MA7 | BMKöS | SKE,https://strumaiodine.com/,Struma+Iodine | Ventil Records
2022-07-02,Das WERK,Struma+Iodine - DJ Loser | Matriark | Superskin,Konzert,9,DJ Loser | Matriark | Yard Springer | Superskin | DJ Warzone | DJ Diamond | Bootlicker,Struma+Iodine,STRUMA+IODINE - Verein zur Erweiterung musikalischer Erfahrungsräume,MA7 | BMKöS | SKE,https://strumaiodine.com/,Struma+Iodine
2022-09-01,rhiz,Struma+Iodine x Unsafe+Sounds - DeForrest Brown Jr. | Speaker Music,Konzert | Diskurs,8,DeForrest Brown Jr. | Speaker Music | Blaq Hammer | Marie Vermont | Sami Nagasaki,Struma+Iodine,STRUMA+IODINE - Verein zur Erweiterung musikalischer Erfahrungsräume,MA7 | BMKöS | SKE,https://strumaiodine.com/,Struma+Iodine | Unsafe+Sounds
2022-10-22,Das LOT,Struma+Iodine - Mary Lattimore | Daphne X | Stefan Fraunberger,Konzert,11,Mary Lattimore | Daphne X | Stefan Fraunberger | Maraws,Struma+Iodine,STRUMA+IODINE - Verein zur Erweiterung musikalischer Erfahrungsräume,MA7 | BMKöS | SKE,https://strumaiodine.com/,Struma+Iodine
2022-11-28,Venster99,Struma+Iodine - Divide and Dissolve | Age of Strange Cults,Konzert,16,Divide and Dissolve | Age of Strange Cults | DJ Pechmarie,Struma+Iodine,STRUMA+IODINE - Verein zur Erweiterung musikalischer Erfahrungsräume,MA7 | BMKöS | SKE,https://strumaiodine.com/,Struma+Iodine
2022-12-13,rhiz,Struma+Iodine - Cucina Povera | Conny Frischauf | Misonica | Firmament,Konzert,8,Cucina Povera | Conny Frischauf | Misonica | Firmament,Struma+Iodine,STRUMA+IODINE - Verein zur Erweiterung musikalischer Erfahrungsräume,MA7 | BMKöS | SKE,https://strumaiodine.com/,Struma+Iodine
2023-01-14,Das WERK,Struma+Iodine - DÆMON | Yantan Ministry | Europa | Electric Indigo,Konzert,9,DÆMON | Yantan Ministry | Europa | Hunt | Electric Indigo | DJ Hauswein | Gretchen Bazooka,Struma+Iodine,STRUMA+IODINE - Verein zur Erweiterung musikalischer Erfahrungsräume,MA7 | BMKöS | SKE,https://strumaiodine.com/,Struma+Iodine
2023-01-30,rhiz,Struma+Iodine - Grand River | Gajek | Akrüül | Sucre Sucre,Konzert,8,Grand River | Gajek | Akrüül | Sucre Sucre,Struma+Iodine,STRUMA+IODINE - Verein zur Erweiterung musikalischer Erfahrungsräume,MA7 | BMKöS | SKE,https://strumaiodine.com/,Struma+Iodine
2023-02-24,Das WERK,Struma+Iodine = 10 Years - Buttechno | Spekki Webu | Elvin Brandhi,Konzert,9,Buttechno | Spekki Webu | Elvin Brandhi | Battle-Ax | Jung An Tagen | In My Talons | Alpha Tracks | Schirin | Isabella Forciniti,Struma+Iodine,STRUMA+IODINE - Verein zur Erweiterung musikalischer Erfahrungsräume,MA7 | BMKöS | SKE,https://strumaiodine.com/,Struma+Iodine
2023-03-08,rhiz,Struma+Iodine - Bobby Would Release-Show | Leila Bordreuil,Konzert,8,Bobby Would | Leila Bordreuil | Daniella Ljungsberg | Andrea Ida,Struma+Iodine,STRUMA+IODINE - Verein zur Erweiterung musikalischer Erfahrungsräume,MA7 | BMKöS | SKE,https://strumaiodine.com/,Struma+Iodine
2023-03-31,Flex,Struma+Iodine - Mama Snake | Hieroglyphic Being | Tin Man,Konzert,1,Mama Snake | Hieroglyphic Being | Tin Man | Alpha Tracks | Inou Ki Endo,Struma+Iodine,STRUMA+IODINE - Verein zur Erweiterung musikalischer Erfahrungsräume,MA7 | BMKöS | SKE,https://strumaiodine.com/,Struma+Iodine
2023-04-06,rhiz,Struma+Iodine - AGF | Palmovka | Chra | Guta! - EastBloC-ism Panel,Konzert | Diskurs,8,AGF | Palmovka | Chra | Guta!,Struma+Iodine,STRUMA+IODINE - Verein zur Erweiterung musikalischer Erfahrungsräume,MA7 | BMKöS | SKE,https://strumaiodine.com/,Struma+Iodine
2023-04-22,Das WERK,Struma+Iodine - Evicshen | Jana Woodstock | Codex Empire,Konzert,9,Evicshen | Jana Woodstock | Codex Empire | Mike Nylons | Greensequence | Distortina,Struma+Iodine,STRUMA+IODINE - Verein zur Erweiterung musikalischer Erfahrungsräume,MA7 | BMKöS | SKE,https://strumaiodine.com/,Struma+Iodine
2023-05-13,Venster99,Struma+Iodine x LICCHT - HIDE | Morast | Drug Searching Dogs,Konzert,16,HIDE | Morast | Drug Searching Dogs | Inou Ki Endo,Struma+Iodine,STRUMA+IODINE - Verein zur Erweiterung musikalischer Erfahrungsräume,MA7 | BMKöS | SKE,https://strumaiodine.com/,Struma+Iodine | LICCHT
2023-05-26,rrr bar to reinforce electrical colors,Struma+Iodine - ATIKKA | Transki | Vich Mind | Alpha Tracks,Konzert,16,ATIKKA | Transki | Vich Mind | Alpha Tracks | Inou Ki Endo,Struma+Iodine,STRUMA+IODINE - Verein zur Erweiterung musikalischer Erfahrungsräume,MA7 | BMKöS | SKE,https://strumaiodine.com/,Struma+Iodine
2023-06-24,Das WERK,Struma+Iodine - Ute.Rec Showcase,Konzert,9,Oprofessionell | Mikkel Rev | Marius Bø | Alpha Tracks | DJ Valentimes | DJ Warzone | Ehrenschwesta,Struma+Iodine,STRUMA+IODINE - Verein zur Erweiterung musikalischer Erfahrungsräume,MA7 | BMKöS | SKE,https://strumaiodine.com/,Struma+Iodine
2023-10-04,AIL Angewandte,Struma+Iodine x AIL - Sonic Specters I - KMRU | Misonica,Konzert,1,KMRU | Misonica | Inou Ki Endo,Struma+Iodine,STRUMA+IODINE - Verein zur Erweiterung musikalischer Erfahrungsräume,MA7 | BMKöS | SKE,https://strumaiodine.com/,Struma+Iodine | AIL
2023-10-13,rhiz,Struma+Iodine - Islands of Resilience - Mabe Fratti | DJ Maria.,Konzert,8,Mabe Fratti | DJ Maria. | Geier Aus Stahl | Alpha Tracks | Nino Stelzl | Inou Ki Endo,Struma+Iodine,STRUMA+IODINE - Verein zur Erweiterung musikalischer Erfahrungsräume,MA7 | BMKöS | SKE,https://strumaiodine.com/,Struma+Iodine
2023-11-06,rhiz,Struma+Iodine - YL Hooi | Hylut | Windtal | Lucia Kagramanyan,Konzert,8,YL Hooi | Hylut | Windtal | Lucia Kagramanyan,Struma+Iodine,STRUMA+IODINE - Verein zur Erweiterung musikalischer Erfahrungsräume,MA7 | BMKöS | SKE,https://strumaiodine.com/,Struma+Iodine
2023-11-08,AIL Angewandte,Struma+Iodine x AIL - Sonic Specters II - Perila | Afrodeo,Konzert,1,Perila | Afrodeo,Struma+Iodine,STRUMA+IODINE - Verein zur Erweiterung musikalischer Erfahrungsräume,MA7 | BMKöS | SKE,https://strumaiodine.com/,Struma+Iodine | AIL
2023-11-23,Venster99,Struma+Iodine x Augend&Addend - Rắn Cạp Đuôi | Florence Sinclair,Konzert,16,Rắn Cạp Đuôi | Florence Sinclair | S280F | Rent,Struma+Iodine,STRUMA+IODINE - Verein zur Erweiterung musikalischer Erfahrungsräume,MA7 | BMKöS | SKE,https://strumaiodine.com/,Struma+Iodine | Augend&Addend
2023-11-26,FLUCC,Struma+Iodine x Urban Lurk - Spark for Kharkiv,Konzert | Benefiz,2,DJ Sacred | Chief Roccka | Xepaces | Dacid Go8lin,Struma+Iodine,STRUMA+IODINE - Verein zur Erweiterung musikalischer Erfahrungsräume,MA7 | BMKöS | SKE,https://strumaiodine.com/,Struma+Iodine | Urban Lurk
2023-12-15,AIL Angewandte,Struma+Iodine x AIL - Sonic Specters III - Katatonic Silentio | dieb13,Konzert,1,Katatonic Silentio | dieb13,Struma+Iodine,STRUMA+IODINE - Verein zur Erweiterung musikalischer Erfahrungsräume,MA7 | BMKöS | SKE,https://strumaiodine.com/,Struma+Iodine | AIL
2024-01-16,AIL Angewandte,Struma+Iodine x AIL - Sonic Specters IV - Richard Skelton | Jung An Tagen,Konzert,1,Richard Skelton | Jung An Tagen | Firmament,Struma+Iodine,RESONANCES+TRANSITIONS - VEREIN ZUR FÖRDERUNG UND VERBREITUNG INNOVATIVER KLÄNGE,MA7 | BMKöS | SKE,https://strumaiodine.com/,Struma+Iodine | AIL
2024-01-20,Venster99,Struma+Iodine - GIL | Peter Kutin | zs zs,Konzert,16,GIL | Peter Kutin | zs zs,Struma+Iodine,RESONANCES+TRANSITIONS - VEREIN ZUR FÖRDERUNG UND VERBREITUNG INNOVATIVER KLÄNGE,MA7 | BMKöS | SKE,https://strumaiodine.com/,Struma+Iodine
2024-02-09,FLUCC,Struma+Iodine = 11 Years - Nkisi | Fitnesss | Huuum | Inou Ki Endo,Konzert,2,Nkisi | Fitnesss | Huuum | ssolve | MARAws | Inou Ki Endo | DJ Diamond,Struma+Iodine,RESONANCES+TRANSITIONS - VEREIN ZUR FÖRDERUNG UND VERBREITUNG INNOVATIVER KLÄNGE,MA7 | BMKöS | SKE,https://strumaiodine.com/,Struma+Iodine
2024-02-22,[nicht öffentlich],Struma+Iodine - Sonic Agency Listening Session I,Konzert | Listening Session,[nicht öffentlich],manuell rekonstruierbar,Struma+Iodine,RESONANCES+TRANSITIONS - VEREIN ZUR FÖRDERUNG UND VERBREITUNG INNOVATIVER KLÄNGE,MA7 | BMKöS | SKE,https://strumaiodine.com/,Struma+Iodine
2024-03-07,[nicht öffentlich],Struma+Iodine - Sonic Agency Listening Session II,Konzert | Listening Session,[nicht öffentlich],manuell rekonstruierbar,Struma+Iodine,RESONANCES+TRANSITIONS - VEREIN ZUR FÖRDERUNG UND VERBREITUNG INNOVATIVER KLÄNGE,MA7 | BMKöS | SKE,https://strumaiodine.com/,Struma+Iodine
2024-03-14,rhiz,Struma+Iodine - Sara Glaxia | DJ Warzone | Sami Mandee + Listening Session III,Konzert,8,Sara Glaxia | DJ Warzone | Sami Mandee,Struma+Iodine,RESONANCES+TRANSITIONS - VEREIN ZUR FÖRDERUNG UND VERBREITUNG INNOVATIVER KLÄNGE,MA7 | BMKöS | SKE,https://strumaiodine.com/,Struma+Iodine
2024-03-21,VE.SCH,Struma+Iodine - Sonic Agency Listening Session IV,Konzert | Listening Session,6,manuell rekonstruierbar,Struma+Iodine,RESONANCES+TRANSITIONS - VEREIN ZUR FÖRDERUNG UND VERBREITUNG INNOVATIVER KLÄNGE,MA7 | BMKöS | SKE,https://strumaiodine.com/,Struma+Iodine
2024-03-29,WAF Galerie,Struma+Iodine - Sonic Agency Listening Session V,Konzert | Listening Session,6,manuell rekonstruierbar,Struma+Iodine,RESONANCES+TRANSITIONS - VEREIN ZUR FÖRDERUNG UND VERBREITUNG INNOVATIVER KLÄNGE,MA7 | BMKöS | SKE,https://strumaiodine.com/,Struma+Iodine
2024-04-04,Kevin Space,Struma+Iodine - Sonic Agency Listening Session VI,Konzert | Listening Session,2,manuell rekonstruierbar,Struma+Iodine,RESONANCES+TRANSITIONS - VEREIN ZUR FÖRDERUNG UND VERBREITUNG INNOVATIVER KLÄNGE,MA7 | BMKöS | SKE,https://strumaiodine.com/,Struma+Iodine
2024-04-05,FLUCC,Struma+Iodine - TOUMBA | ASSYOUTI | GERTIE ADELAIDO,Konzert,2,TOUMBA | ASSYOUTI | GERTIE ADELAIDO | ENESI M. | মm. | TOUPAZ | YUZU,Struma+Iodine,RESONANCES+TRANSITIONS - VEREIN ZUR FÖRDERUNG UND VERBREITUNG INNOVATIVER KLÄNGE,MA7 | BMKöS | SKE,https://strumaiodine.com/,Struma+Iodine
2024-04-17,rhiz,Struma+Iodine - Liliane Chlela | Kasho Chualan | Andrea Lumplecker + Listening Session VII,Konzert,8,Liliane Chlela | Kasho Chualan | Andrea Lumplecker | Yasmina Haddad,Struma+Iodine,RESONANCES+TRANSITIONS - VEREIN ZUR FÖRDERUNG UND VERBREITUNG INNOVATIVER KLÄNGE,MA7 | BMKöS | SKE,https://strumaiodine.com/,Struma+Iodine
2024-04-25,Das LOT,Struma+Iodine - Sonic Agency Listening Session VIII,Konzert | Listening Session,11,manuell rekonstruierbar,Struma+Iodine,RESONANCES+TRANSITIONS - VEREIN ZUR FÖRDERUNG UND VERBREITUNG INNOVATIVER KLÄNGE,MA7 | BMKöS | SKE,https://strumaiodine.com/,Struma+Iodine
2024-05-09,FLUCC,Struma+Iodine - Sonic Agency Listening Session IX,Konzert | Listening Session,2,manuell rekonstruierbar,Struma+Iodine,RESONANCES+TRANSITIONS - VEREIN ZUR FÖRDERUNG UND VERBREITUNG INNOVATIVER KLÄNGE,MA7 | BMKöS | SKE,https://strumaiodine.com/,Struma+Iodine
2024-05-09,FLUCC,Struma+Iodine - Authentically Plastic | Bader | Zey | Afroninja,Konzert,2,Authentically Plastic | Bader | Zey | Afroninja,Struma+Iodine,RESONANCES+TRANSITIONS - VEREIN ZUR FÖRDERUNG UND VERBREITUNG INNOVATIVER KLÄNGE,MA7 | BMKöS | SKE,https://strumaiodine.com/,Struma+Iodine
2024-05-14,AIL Angewandte,Struma+Iodine - Qow | Asifeh | Inou Ki Endo + Listening Session X,Konzert,1,Qow | Asifeh | Inou Ki Endo,Struma+Iodine,RESONANCES+TRANSITIONS - VEREIN ZUR FÖRDERUNG UND VERBREITUNG INNOVATIVER KLÄNGE,MA7 | BMKöS | SKE,https://strumaiodine.com/,Struma+Iodine
2024-05-16,Depot – Kunst und Discussion,Struma+Iodine - Sonic Agency Listening Session XI,Konzert | Listening Session,7,manuell rekonstruierbar,Struma+Iodine,RESONANCES+TRANSITIONS - VEREIN ZUR FÖRDERUNG UND VERBREITUNG INNOVATIVER KLÄNGE,MA7 | BMKöS | SKE,https://strumaiodine.com/,Struma+Iodine
2024-05-23,FLUCC,Struma+Iodine - Sonic Agency Listening Session XII,Konzert | Listening Session,2,manuell rekonstruierbar,Struma+Iodine,RESONANCES+TRANSITIONS - VEREIN ZUR FÖRDERUNG UND VERBREITUNG INNOVATIVER KLÄNGE,MA7 | BMKöS | SKE,https://strumaiodine.com/,Struma+Iodine
2024-05-30,echoraum,Struma+Iodine - Sonic Agency Listening Session XIII,Konzert | Listening Session,15,manuell rekonstruierbar,Struma+Iodine,RESONANCES+TRANSITIONS - VEREIN ZUR FÖRDERUNG UND VERBREITUNG INNOVATIVER KLÄNGE,MA7 | BMKöS | SKE,https://strumaiodine.com/,Struma+Iodine
2024-06-06,CENTRAL GARDEN,Struma+Iodine - Sonic Agency Listening Session XIV,Konzert | Listening Session,2,manuell rekonstruierbar,Struma+Iodine,RESONANCES+TRANSITIONS - VEREIN ZUR FÖRDERUNG UND VERBREITUNG INNOVATIVER KLÄNGE,MA7 | BMKöS | SKE,https://strumaiodine.com/,Struma+Iodine
2024-06-14,Brunnenpassage,Struma+Iodine - Sonic Agency Listening Session XV,Konzert | Listening Session,16,manuell rekonstruierbar,Struma+Iodine,RESONANCES+TRANSITIONS - VEREIN ZUR FÖRDERUNG UND VERBREITUNG INNOVATIVER KLÄNGE,MA7 | BMKöS | SKE,https://strumaiodine.com/,Struma+Iodine
2024-06-21,FLUCC,Struma+Iodine - Nazar | 3phaz | Rent Release-Show | Rakita,Konzert,2,Nazar | 3phaz | Rent | Rakita | Patrik Lechner | Transki,Struma+Iodine,RESONANCES+TRANSITIONS - VEREIN ZUR FÖRDERUNG UND VERBREITUNG INNOVATIVER KLÄNGE,MA7 | BMKöS | SKE,https://strumaiodine.com/,Struma+Iodine
2024-06-28,Westbahnstudios,Struma+Iodine - Sonic Agency Listening Session XVI,Konzert | Listening Session,7,manuell rekonstruierbar,Struma+Iodine,RESONANCES+TRANSITIONS - VEREIN ZUR FÖRDERUNG UND VERBREITUNG INNOVATIVER KLÄNGE,MA7 | BMKöS | SKE,https://strumaiodine.com/,Struma+Iodine
2024-09-13,WUK,Struma+Iodine x Unsafe+Sounds - Iceboy Violet,Konzert,9,Iceboy Violet,Struma+Iodine,RESONANCES+TRANSITIONS - VEREIN ZUR FÖRDERUNG UND VERBREITUNG INNOVATIVER KLÄNGE,MA7 | BMKöS | SKE,https://strumaiodine.com/,Struma+Iodine | Unsafe+Sounds
2024-11-01,FLUCC,Struma+Iodine - Rabit | Nunguja | LUNG | Kein Ponny,Konzert,2,Rabit | Nunguja | LUNG | Kein Ponny | Yves | Call Me Daddy,Struma+Iodine,RESONANCES+TRANSITIONS - VEREIN ZUR FÖRDERUNG UND VERBREITUNG INNOVATIVER KLÄNGE,MA7 | BMKöS | SKE,https://strumaiodine.com/,Struma+Iodine
2024-11-17,rhiz,Struma+Iodine - Alex Zhang Hungtai | Claire Rousay | Natasha Moreno,Konzert,8,Alex Zhang Hungtai | Claire Rousay | Natasha Moreno | Misonica,Struma+Iodine,RESONANCES+TRANSITIONS - VEREIN ZUR FÖRDERUNG UND VERBREITUNG INNOVATIVER KLÄNGE,MA7 | BMKöS | SKE,https://strumaiodine.com/,Struma+Iodine
2024-12-13,rhiz,Struma+Iodine - Buttechno | Nino Stelzl | Lucia Kagramanyan,Konzert,8,Buttechno | Nino Stelzl | Lucia Kagramanyan | Maraws | Inou Ki Endo,Struma+Iodine,RESONANCES+TRANSITIONS - VEREIN ZUR FÖRDERUNG UND VERBREITUNG INNOVATIVER KLÄNGE,MA7 | BMKöS | SKE,https://strumaiodine.com/,Struma+Iodine
2025-02-27,rhiz,Struma+Iodine - DJ Spinn | Traxman | Sun People | zey,Konzert,8,DJ Spinn | Traxman | Sun People | zey | Jess_whereyouat,Struma+Iodine,RESONANCES+TRANSITIONS - VEREIN ZUR FÖRDERUNG UND VERBREITUNG INNOVATIVER KLÄNGE,MA7 | BMKöS | SKE,https://strumaiodine.com/,Struma+Iodine
2025-03-13,rhiz,Struma+Iodine x EXILES - Ábris Gryllus | Alley Catss | Zosia Hołubowska,Konzert,8,Ábris Gryllus | Alley Catss | Zosia Hołubowska | Inou Ki Endo,Struma+Iodine,RESONANCES+TRANSITIONS - VEREIN ZUR FÖRDERUNG UND VERBREITUNG INNOVATIVER KLÄNGE,MA7 | BMKöS | SKE,https://strumaiodine.com/,Struma+Iodine | EXILES
2025-04-18,FLUCC,Struma+Iodine - SLIKBACK | YAO BOBBY | SIMON GRAB | CHLOÉ RYO,Konzert,2,SLIKBACK | YAO BOBBY | SIMON GRAB | CHLOÉ RYO | ADINA CAMHY | MURSAL | LANDA | S.VERIN,Struma+Iodine,RESONANCES+TRANSITIONS - VEREIN ZUR FÖRDERUNG UND VERBREITUNG INNOVATIVER KLÄNGE,MA7 | BMKöS | SKE,https://strumaiodine.com/,Struma+Iodine
2025-05-08,rhiz,Struma+Iodine - mʊdʌki | STURMHERTA release-show | Lain Iwakura,Konzert,8,mʊdʌki | STURMHERTA | Daphne von Schrader | Lain Iwakura | Inou Ki Endo,Struma+Iodine,RESONANCES+TRANSITIONS - VEREIN ZUR FÖRDERUNG UND VERBREITUNG INNOVATIVER KLÄNGE,MA7 | BMKöS | SKE,https://strumaiodine.com/,Struma+Iodine
2025-05-31,FLUCC,Struma+Iodine - EM Guide Fest: Solidarize!,Festival,2,manuell rekonstruierbar,Struma+Iodine,RESONANCES+TRANSITIONS - VEREIN ZUR FÖRDERUNG UND VERBREITUNG INNOVATIVER KLÄNGE,MA7 | BMKöS | SKE,https://strumaiodine.com/,Struma+Iodine
2025-06-21,Westbahnstudios,Struma+Iodine - IMMINENT DEATH | LUKAS KÖNIG | DJ WARZONE,Konzert,7,IMMINENT DEATH | LUKAS KÖNIG | DJ WARZONE,Struma+Iodine,RESONANCES+TRANSITIONS - VEREIN ZUR FÖRDERUNG UND VERBREITUNG INNOVATIVER KLÄNGE,MA7 | BMKöS | SKE,https://strumaiodine.com/,Struma+Iodine
2025-10-17,FLUCC,Struma+Iodine - Hyperdub x Struma+Iodine - Kode9 | DJ Haram,Konzert,2,Kode9 | DJ Haram | ssolve | Lucia Kagramanyan | মm. | yarx | E the Artist,Struma+Iodine,RESONANCES+TRANSITIONS - VEREIN ZUR FÖRDERUNG UND VERBREITUNG INNOVATIVER KLÄNGE,MA7 | BMKöS | SKE,https://strumaiodine.com/,Struma+Iodine
2025-11-27,Westbahnstudios,Struma+Iodine - Chuck Roth | Tony Wagner | Morning Seance Release-Show,Konzert,7,Chuck Roth | Tony Wagner | Morning Seance,Struma+Iodine,RESONANCES+TRANSITIONS - VEREIN ZUR FÖRDERUNG UND VERBREITUNG INNOVATIVER KLÄNGE,MA7 | BMKöS | SKE,https://strumaiodine.com/,Struma+Iodine
2025-12-13,rhiz,Struma+Iodine - Able Noise | Kampan | Inou Ki Endo,Konzert,8,Able Noise | Kampan | Inou Ki Endo,Struma+Iodine,RESONANCES+TRANSITIONS - VEREIN ZUR FÖRDERUNG UND VERBREITUNG INNOVATIVER KLÄNGE,MA7 | BMKöS | SKE,https://strumaiodine.com/,Struma+Iodine
2025-12-18,FLUCC,Struma+Iodine - Gnoomes | Aki Traar Release-Show | Macrosoft,Konzert,2,Gnoomes | Aki Traar | Macrosoft,Struma+Iodine,RESONANCES+TRANSITIONS - VEREIN ZUR FÖRDERUNG UND VERBREITUNG INNOVATIVER KLÄNGE,MA7 | BMKöS | SKE,https://strumaiodine.com/,Struma+Iodine
2024-09-14,Westbahnstudios,Unsafe+Sounds 2024 - Of Many Worlds - Morning Seance,Festival,7,Simone Borghi,Unsafe+Sounds,"""Vienna.ACTS"", Verein zur Förderung von Kunst",MA7 | BMKöS,https://klingt.org/,Unsafe+Sounds
2024-09-14,Westbahnstudios,Unsafe+Sounds 2024 - Of Many Worlds - Yuko Araki,Festival,7,Yuko Araki,Unsafe+Sounds,"""Vienna.ACTS"", Verein zur Förderung von Kunst",MA7 | BMKöS,https://klingt.org/,Unsafe+Sounds
2024-09-14,Westbahnstudios,Unsafe+Sounds 2024 - Of Many Worlds - Evicshen x Mariam Rezaei,Festival,7,Evicshen | Mariam Rezaei,Unsafe+Sounds,"""Vienna.ACTS"", Verein zur Förderung von Kunst",MA7 | BMKöS | SKE,https://klingt.org/,Unsafe+Sounds
2023-06-10,Kunsttankstelle Ottakring,DE/SEMBLE - Come Play Me - Konzert,Festival,16,Duo Hofmaninger/Schwarz | Aylean | Klimentina Li,DE/SEMBLE,"""Vienna.ACTS"", Verein zur Förderung von Kunst",MA7 | BMKöS | SKE,https://www.de-semble.at/,DE/SEMBLE Festival
2023-06-10,Ponyhof,DE/SEMBLE - Come Play Me - Afterparty,Festival | Club,15,[manuell rekonstruierbar],DE/SEMBLE,"""Vienna.ACTS"", Verein zur Förderung von Kunst",MA7 | BMKöS | SKE,https://www.de-semble.at/,DE/SEMBLE Festival
2023-09-29,Theater Nestroyhof Hamakom,DE/SEMBLE - Play Date,Festival,2,Yvonne Moriel | Sweetlife Quartet | Klimentina Li | Damsel Elysium | Gischt,DE/SEMBLE,"""Vienna.ACTS"", Verein zur Förderung von Kunst",MA7 | BMKöS | SKE,https://www.de-semble.at/,DE/SEMBLE Festival
2023-10-27,REAKTOR,DE/SEMBLE - Playground 1.1,Festival,17,Alireza Toghiyan | Sofia Labropoulou | Anna Tsombanis | Adefris | Mona Matbou Riahi | Rdeča Raketa | Patrick K-H,DE/SEMBLE,"""Vienna.ACTS"", Verein zur Förderung von Kunst",MA7 | BMKöS | SKE,https://www.de-semble.at/,DE/SEMBLE Festival
2023-10-28,REAKTOR,DE/SEMBLE - Playground 1.2,Festival,17,Judith Ferstl | Avin Ahmadi | Morvarid Tahmasbi | Pamelia Stickney | Georg Vogel | FARCE | Beate Wiesinger | Viola Hammer,DE/SEMBLE,"""Vienna.ACTS"", Verein zur Förderung von Kunst",MA7 | BMKöS | SKE,https://www.de-semble.at/,DE/SEMBLE Festival
2023-12-01,REAKTOR,DE/SEMBLE - Players,Festival,17,Helēna Sorokina | Golnar Shahyar | Anja Obermayer | Ines Kolleritsch | Agnes Hvizdalek | Jakob Schneidewind,DE/SEMBLE,"""Vienna.ACTS"", Verein zur Förderung von Kunst",MA7 | BMKöS | SKE,https://www.de-semble.at/,DE/SEMBLE Festival
2024-03-14,The Loft,DE/SEMBLE - Playroom,Festival,16,Victoria Kirilova | Viola Falb | Pink Oculus | Shahin Entezami | Behrang Najafi,DE/SEMBLE,"""Vienna.ACTS"", Verein zur Förderung von Kunst",MA7 | BMKöS | SKE,https://www.de-semble.at/,DE/SEMBLE Festival
2024-04-20,Sargfabrik,DE/SEMBLE - Le Cri du Caire,Festival,14,Abdullah Miniawy | Peter Corser | Karsten Hochapfel,DE/SEMBLE,"""Vienna.ACTS"", Verein zur Förderung von Kunst",MA7 | BMKöS | SKE,https://www.de-semble.at/,DE/SEMBLE Festival
2024-11-14,REAKTOR,DE/SEMBLE Intl. Festival 2024 - Tag 1,Festival,17,Eyup Kuş | So Sner | Farida Amadou | Aquiles Navarro | Teresa Rotschopf Ensemble,DE/SEMBLE,"""Vienna.ACTS"", Verein zur Förderung von Kunst",MA7 | BMKöS | SKE,https://www.de-semble.at/,DE/SEMBLE Festival
2024-11-15,REAKTOR,DE/SEMBLE Intl. Festival 2024 - Tag 2,Festival,17,Eyup Kuş | Mamadou Diabaté | Nabou Clearhout | Lynn Cassiers | Dumama,DE/SEMBLE,"""Vienna.ACTS"", Verein zur Förderung von Kunst",MA7 | BMKöS | SKE,https://www.de-semble.at/,DE/SEMBLE Festival
2024-11-16,REAKTOR,DE/SEMBLE Intl. Festival 2024 - Tag 3,Festival,17,Eyup Kuş | GLAM | Azu Tiwaline | Cinna Peyghamy | Stemeseder | Lillinger,DE/SEMBLE,"""Vienna.ACTS"", Verein zur Förderung von Kunst",MA7 | BMKöS | SKE,https://www.de-semble.at/,DE/SEMBLE Festival
2024-11-16,Tagada Club,DE/SEMBLE Intl. Festival 2024 - Afterparty,Festival | Club,16,Didi Kern | Philipp Quehenberger,DE/SEMBLE,"""Vienna.ACTS"", Verein zur Förderung von Kunst",MA7 | BMKöS | SKE,https://www.de-semble.at/,DE/SEMBLE Festival
2025-06-20,Jazzclub ZWE,DE/SEMBLE - Yonglee & the DOLTANG,Konzert,2,Yonglee,DE/SEMBLE,"""Vienna.ACTS"", Verein zur Förderung von Kunst",MA7 | BMKöS | SKE,https://www.de-semble.at/,DE/SEMBLE Festival
2025-10-09,FLUCC,DE/SEMBLE Festival 2025 - Tag 1,Festival,2,Yvonne Moriel | Y-Otis | Dorian Concept | Lukas König,DE/SEMBLE,"""Vienna.ACTS"", Verein zur Förderung von Kunst",MA7 | BMKöS | SKE,https://www.de-semble.at/,DE/SEMBLE Festival
2025-10-11,Bears in the Park,DE/SEMBLE Festival 2025 - Tag 3,Festival,11,Helene Glüxam | Daphna Horenczyk | Los Sara Fontan | Giggidalessio,DE/SEMBLE,"""Vienna.ACTS"", Verein zur Förderung von Kunst",MA7 | BMKöS,https://www.de-semble.at/,DE/SEMBLE Festival
2025-10-12,REAKTOR,DE/SEMBLE Festival 2025 - Tag 4,Festival,17,Park Jiha,DE/SEMBLE,"""Vienna.ACTS"", Verein zur Förderung von Kunst",MA7 | BMKöS,https://www.de-semble.at/,DE/SEMBLE Festival
2024-04-24,FLUCC,Augend&Addend - Still House Plants | Donna Candy | Hypermobile,Konzert,2,Still House Plants | Donna Candy | Hypermobile | Al,Augend&Addend,AUGEND&ADDEND - Verein zur Förderung und Erweiterung transformativer Klangräume und queerer Clubkultur,MA7 | BMKöS,https//augendaddend.bandcamp.com/,Augend&Addend
2025-10-15,Westbahnstudios,Augend&Addend - Ryong | Lintd | Yasmina Haddad,Konzert,7,Ryong | Lintd | Yasmina Haddad,Augend&Addend,AUGEND&ADDEND - Verein zur Förderung und Erweiterung transformativer Klangräume und queerer Clubkultur,MA7 | BMKöS,https//kupfticket.com/en/events/augendaddend-oct25,Augend&Addend
2022-04-06,rhiz,Sonic Territories Extended 2022,Festival,8,Jakob Schauer | Rozi Mako | Chra | Selena Pommes | Subletvis | Tony Renaissance | Warrego Valles | Yuzu,id/l Agentur für Kunst und Kultur,id/l Agentur für Kunst und Kultur,MA7 | BMKöS,https://rhiz.wien/programm/event/sonic-territories-extended-2/,Sonic Territories Festival
2022-06-30,FABRIK Seestadt,Sonic Territories Festival 2022 – Soundness,Festival,22,Electric Indigo | Kate Carr | Yuzu | Aho Ssan | Julia Just | Jakob Hütter | Jakob Schauer | Monocolor | Hüma Utku | Kenji Araki | Outer Allmende | Black Burst Sound Generator | Patrik Lechner,id/l Agentur für Kunst und Kultur,id/l Agentur für Kunst und Kultur,MA7 | BMKöS,https://www.musicaustria.at/sonic-territories-2022/,Sonic Territories Festival
2023-04-21,rhiz,Sonic Territories Extended 2023,Festival,8,Subletvis | Klimentina Li | Global Fyre | Innominepatrix | Hyperbauch | Nuphory,id/l Agentur für Kunst und Kultur,id/l Agentur für Kunst und Kultur,MA7 | BMKöS,https://www.sonic-territories.at/archive/,Sonic Territories Festival
2023-08-18,Die Kleine Stadtfarm,Sonic Territories – Listening with Care 2023,Workshop | Konzert,22,Tomoko Sauvage | Julia Grillmayr | Christina Gruber | Sophia Rut | Mary Maggic | Karine Blanche | Paul Ebhart | Benjamin Tomasi | Daphne X,id/l Agentur für Kunst und Kultur,id/l Agentur für Kunst und Kultur,MA7 | BMKöS,https://esel.at/termin/120025/,Sonic Territories Festival
2023-11-10,VHS Kulturgarage Seestadt,Sonic Territories Festival 2023 – From Liminal Attraction to Intra-action,Festival,22,Asuna | Magdalena Forster | Milena Georgieva | Vica Pacheco | Stefan Maier | Thea Soti | Andras_2020 | Antonia XM | Klimentina Li | Emme | Laikka | Evita Manji | Martyyna | Tot Onyx | Sturmherta,id/l Agentur für Kunst und Kultur,id/l Agentur für Kunst und Kultur,MA7 | Bezirkskultur Donaustadt | Wiener Volkshochschulen,https://esel.at/termin/121544,Sonic Territories Festival
2024-11-12,VHS Kulturgarage Seestadt,Sonic Territories Festival 2024 – Breaking Free,Festival,22,Agnès M. | Monocolor | Andreas Lutz | Angry Blackmen | Antonina Nowacka | Asuna | Das Freie Energie Band | Hypercycle | MARAws | Yynona | James Welburn | SØS Gunver Ryberg | Sybil Montet | Zoë Mc Pherson | Alessandra Leone | TnC | Zbigniew Chojnacki | Claire Tolan | Lens Kühleitner | Olivia Hild | Rojin Sharafi | David Pridal,id/l Agentur für Kunst und Kultur,id/l Agentur für Kunst und Kultur,MA7 | BMKöS,https://www.sonic-territories.at/festival2024,Sonic Territories Festival
2024-11-12,AIL Angewandte,Sonic Territories Festival 2024 – Breaking Free,Festival,1,Agnès M. | Monocolor | Andreas Lutz | Angry Blackmen | Antonina Nowacka | Asuna | Das Freie Energie Band | Hypercycle | MARAws | Yynona | James Welburn | SØS Gunver Ryberg | Sybil Montet | Zoë Mc Pherson | Alessandra Leone | TnC | Zbigniew Chojnacki | Claire Tolan | Lens Kühleitner | Olivia Hild | Rojin Sharafi | David Pridal,id/l Agentur für Kunst und Kultur,id/l Agentur für Kunst und Kultur,MA7 | BMKöS,https://www.sonic-territories.at/festival2024,Sonic Territories Festival
2024-11-13,rhiz,Sonic Territories Festival 2024 – Breaking Free,Festival,8,Agnès M. | Monocolor | Andreas Lutz | Angry Blackmen | Antonina Nowacka | Asuna | Das Freie Energie Band | Hypercycle | MARAws | Yynona | James Welburn | SØS Gunver Ryberg | Sybil Montet | Zoë Mc Pherson | Alessandra Leone | TnC | Zbigniew Chojnacki | Claire Tolan | Lens Kühleitner | Olivia Hild | Rojin Sharafi | David Pridal,id/l Agentur für Kunst und Kultur,id/l Agentur für Kunst und Kultur,MA7 | BMKöS,https://www.sonic-territories.at/festival2024,Sonic Territories Festival
2024-11-13,Minus Offspace,Sonic Territories Festival 2024 – Breaking Free,Festival,18,Agnès M. | Monocolor | Andreas Lutz | Angry Blackmen | Antonina Nowacka | Asuna | Das Freie Energie Band | Hypercycle | MARAws | Yynona | James Welburn | SØS Gunver Ryberg | Sybil Montet | Zoë Mc Pherson | Alessandra Leone | TnC | Zbigniew Chojnacki | Claire Tolan | Lens Kühleitner | Olivia Hild | Rojin Sharafi | David Pridal,id/l Agentur für Kunst und Kultur,id/l Agentur für Kunst und Kultur,MA7 | BMKöS,https://www.sonic-territories.at/festival2024,Sonic Territories Festival
2024-11-14,Polnisches Institut,Sonic Territories Festival 2024 – Breaking Free,Festival,1,Agnès M. | Monocolor | Andreas Lutz | Angry Blackmen | Antonina Nowacka | Asuna | Das Freie Energie Band | Hypercycle | MARAws | Yynona | James Welburn | SØS Gunver Ryberg | Sybil Montet | Zoë Mc Pherson | Alessandra Leone | TnC | Zbigniew Chojnacki | Claire Tolan | Lens Kühleitner | Olivia Hild | Rojin Sharafi | David Pridal,id/l Agentur für Kunst und Kultur,id/l Agentur für Kunst und Kultur,MA7 | BMKöS,https://www.sonic-territories.at/festival2024,Sonic Territories Festival
2024-11-15,Seestadt Studios,Sonic Territories Festival 2024 – Breaking Free,Festival,22,Agnès M. | Monocolor | Andreas Lutz | Angry Blackmen | Antonina Nowacka | Asuna | Das Freie Energie Band | Hypercycle | MARAws | Yynona | James Welburn | SØS Gunver Ryberg | Sybil Montet | Zoë Mc Pherson | Alessandra Leone | TnC | Zbigniew Chojnacki | Claire Tolan | Lens Kühleitner | Olivia Hild | Rojin Sharafi | David Pridal,id/l Agentur für Kunst und Kultur,id/l Agentur für Kunst und Kultur,MA7 | BMKöS,https://www.sonic-territories.at/festival2024,Sonic Territories Festival
2024-11-16,Semmelweisklinik,Sonic Territories Festival 2024 – Breaking Free,Festival,18,Agnès M. | Monocolor | Andreas Lutz | Angry Blackmen | Antonina Nowacka | Asuna | Das Freie Energie Band | Hypercycle | MARAws | Yynona | James Welburn | SØS Gunver Ryberg | Sybil Montet | Zoë Mc Pherson | Alessandra Leone | TnC | Zbigniew Chojnacki | Claire Tolan | Lens Kühleitner | Olivia Hild | Rojin Sharafi | David Pridal,id/l Agentur für Kunst und Kultur,id/l Agentur für Kunst und Kultur,MA7 | BMKöS,https://www.sonic-territories.at/festival2024,Sonic Territories Festival
2024-11-16,Studio Praxistest,Sonic Territories Festival 2024 – Breaking Free,Festival,3,Agnès M. | Monocolor | Andreas Lutz | Angry Blackmen | Antonina Nowacka | Asuna | Das Freie Energie Band | Hypercycle | MARAws | Yynona | James Welburn | SØS Gunver Ryberg | Sybil Montet | Zoë Mc Pherson | Alessandra Leone | TnC | Zbigniew Chojnacki | Claire Tolan | Lens Kühleitner | Olivia Hild | Rojin Sharafi | David Pridal,id/l Agentur für Kunst und Kultur,id/l Agentur für Kunst und Kultur,MA7 | BMKöS,https://www.sonic-territories.at/festival2024,Sonic Territories Festival
2022-07-29,Vronihof,Circuit Fantôme – Temporada 1 (10 episodios),Konzertreihe,17,Daniel Teruggi | Luis Naón | Mario Mary | Philippe Mion | Pierre Henry | Sergey Khismatov | François Bayle | Christine Groult | Patrick K.-H. | Beatriz Ferreyra | Ksenia Bakhtina | Vera Bezrukova,Floating Sound Gallery Vienna,"Floating Sound Gallery Vienna, Verein zur Förderung von Kunst und Kultur",MA7,https://floatingsound.at/Circuit-Fantome,Circuit Fantôme
2023-06-02,Vronihof,Circuit Fantôme – Temporada 2 (episodios documentados),Konzertreihe,17,Anastasia Koroleva | Zeynep Sarıkartal | Todor Todoroff,Floating Sound Gallery Vienna,"Floating Sound Gallery Vienna, Verein zur Förderung von Kunst und Kultur",MA7,https://floatingsound.at/Circuit-Fantome-Koroleva_Sarikartal,Circuit Fantôme
2023-07-29,Vronihof,Circuit Fantôme – Temporada 3 Spatial Special,Konzert,17,François Bayle | Christine Groult | Daniel Teruggi | Patrick K.-H. | Zeynep Sarıkartal | Anne Germanique,Floating Sound Gallery Vienna,"Floating Sound Gallery Vienna, Verein zur Förderung von Kunst und Kultur",MA7,https://floatingsound.at/Circuit-Fantome-Spacial-Special,Circuit Fantôme
2024-02-23,Vronihof,Circuit Fantôme – Temporada 4 (episodios documentados),Konzertreihe,17,Patrick K.-H. | Daniel Teruggi | Christian Eloy | Watanabe Rui | Li Vivian | Sismann Valentin | Tu Yen-Hao,Floating Sound Gallery Vienna,"Floating Sound Gallery Vienna, Verein zur Förderung von Kunst und Kultur",MA7,https://floatingsound.at/Circuit-Fantome-Prelude-II,Circuit Fantôme
2022-01-09,Porgy & Bess Jazz& Music Club,Jazzwerkstatt Wien – Die Strottern & Jazzwerkstatt,Konzert,1,Klemens Lendl | David Müller | Clemens Salesny | Martin Eberle | Martin Ptak | Peter Rom | Clemens Wenger | Bernd Satzinger | Lukas König,JazzWerkstatt Wien,JazzWerkstatt Wien,MA7 | BMKöS | SKE | AKM | Bezirk Alsergrund (9. Berzik),https://porgy.at/events/10722/,JazzWerkstatt Wien
2022-09-17,Porgy & Bess Jazz& Music Club,Jazzwerkstatt Wien – Festival 2022,Festival,1,[nicht dokumentiert],JazzWerkstatt Wien,JazzWerkstatt Wien,MA7 | BMKöS | SKE | AKM | Bezirk Alsergrund (9. Berzik),http://jazzwerkstatt.at/en/,JazzWerkstatt Wien
2023-01-07,Porgy & Bess Jazz& Music Club,Jazzwerkstatt Wien – Die Strottern & Jazzwerkstatt,Konzert,1,Klemens Lendl | David Müller | Clemens Salesny | Martin Eberle | Martin Ptak | Peter Rom | Clemens Wenger | Bernd Satzinger | Lukas König,JazzWerkstatt Wien,JazzWerkstatt Wien,MA7 | BMKöS | SKE | AKM | Bezirk Alsergrund (9. Berzik),https://www.porgy.at/events/11132/,JazzWerkstatt Wien
2024-01-06,Porgy & Bess Jazz& Music Club,Jazzwerkstatt Wien – Die Strottern (20 Jahre),Konzert,1,Klemens Lendl | David Müller | Clemens Salesny | Martin Eberle | Martin Ptak | Peter Rom | Clemens Wenger | Bernd Satzinger | Lukas König,JazzWerkstatt Wien,JazzWerkstatt Wien,MA7 | BMKöS | SKE | AKM | Bezirk Alsergrund (9. Berzik),https://www.porgy.at/events/11654/,JazzWerkstatt Wien
2024-03-10,Porgy & Bess Jazz& Music Club,Jazzwerkstatt Wien – 10 Acts à 10 Min,Konzert,1,Zsófia Boros | Astrid Wiesinger | Beate Wiesinger | Willi Landl | Max Gaier | Terrea,JazzWerkstatt Wien,JazzWerkstatt Wien,MA7 | BMKöS | SKE | AKM | Bezirk Alsergrund (9. Berzik),https://www.porgy.at/events/11875/,JazzWerkstatt Wien
2024-04-11,Porgy & Bess Jazz& Music Club,Jazzwerkstatt Wien – Embracing Shitstorm,Konzert | Performance,1,Kristin Gruber | Peter Rom | Clemens Wenger | Sixtus Preiss,JazzWerkstatt Wien,JazzWerkstatt Wien,MA7 | BMKöS | SKE | AKM | Bezirk Alsergrund (9. Berzik),http://jazzwerkstatt.at/en/,JazzWerkstatt Wien
2024-09-17,Porgy & Bess Jazz& Music Club,Jazzwerkstatt Wien – Festival 20° Aniversario,Festival,1,[nicht dokumentiert],JazzWerkstatt Wien,JazzWerkstatt Wien,MA7 | BMKöS | SKE | AKM | Bezirk Alsergrund (9. Berzik),http://jazzwerkstatt.at/en/,JazzWerkstatt Wien
2024-12-30,Porgy & Bess Jazz& Music Club,Jazzwerkstatt Wien – Konzert Jahreswechsel,Konzert,1,[nicht dokumentiert],JazzWerkstatt Wien,JazzWerkstatt Wien,MA7 | BMKöS | SKE | AKM | Bezirk Alsergrund (9. Berzik),http://jazzwerkstatt.at/en/,JazzWerkstatt Wien
2024-06-26,FLUCC,NAWA Festival 2024 – 2ª Edición,Festival,2,Pouya Ehsaei | Mona Matbou Riahi | Rojin Sharafi | Omid Darvish | Álvaro Callao León | Mehdi Chamma | Nikolaus Holler | Amir Wahba | Björn Meyer | Misagh Joolaee | Mahan Mirarab | Kiran Ahluwalia | Rez Abbasi | Tara Mehrad | NAWA Orchestra,Mahan Mirarab,FAM Kulturverein,MA7 | BMKöS | SKE | AKM,https://schalltaucherin.com,NAWA Festival
2024-05-09,Celeste,Free Music Forum – Castelló / Hübsch / Vrba,Konzert | Konzertreihe,6,Angélica Castelló (paetzold/tapes) | Carl Ludwig Hübsch (tuba/voz) | Petr Vrba (trompeta/electrónica),Free Music Forum,Kulturverein Free Music Forum mit dem Zusatz Forum für free Jazz & freie Improvisation,MA7 | BMKöS,https://freemusicforum.org/archive/,Free Music Forum
2024-06-18,WUK,Platzkonzerte 2024: Cilantro,Konzert | Open Air,9,Angélica Castelló (electronics/tapes) | Billy Roisz (bajo/electronics)  BRUTTO (Rania Moslam / Lisa Kortschak / Gregor Mahnert),WUK,"WUK - Verein zur Schaffung offener Kultur- und Werkstättenhäuser, Kurzbezeichnung WUK Werkstätten- und Kulturhaus",MA7 | BMKöS,https://www.wuk.at/programm/platzkonzerte-2024-cilantro/,WUK
2023-11-26,IM SPITZER,klingt.collective 'Estos Patos Locos',Konzert,2,Martin Brandlmayr (drums) | Angélica Castelló (paetzold/tapes) | dieb13 (turntables) | Klaus Filip (sinewaves) | Susanna Gartmayer (clarinete bajo) | noid (violonchelo) | Billy Roisz (bajo/electronics) | Martin Siewert (guitarra/electronics) | Oliver Stotz (guitarra/electronics),Wien Modern,"Wien Modern, Verein für neue Musik",MA7 | BMKöS | SKE | AKM,https://castello.klingt.org/concerts,
2022-09-09,echoraum,Klangmanifeste 2022 – Tag IV,Festival | Klangkunst,15,Laura Mello | Saša Spačal | MS Mutt,Klangmanifeste,Klangmanifeste - Verein für Klang-/Kunst-/Formen,BMKöS | SKE | Rudolfsheim Fünfhaus (15. Bezirk),https://klangmanifeste.klingt.org/2022/echoraum.html,Klangmanifeste
2022-09-10,echoraum,Klangmanifeste 2022 – Tag V,Festival | Klangkunst,15,Gloria Amesbauer | Tahereh Nourani | Till Bovermann | Plectrum,Klangmanifeste,Klangmanifeste - Verein für Klang-/Kunst-/Formen,BMKöS | SKE | Rudolfsheim Fünfhaus (15. Bezirk),https://klangmanifeste.klingt.org/2022/echoraum.html,Klangmanifeste
2024-04-12,echoraum,Klangmanifeste 2024 – More than Networks (12.–19.04),Festival | Klangkunst,15,Klaus Erika Dietl | Mucho Pitchu | Stephanie Müller | Rundfunkorchestra | Ralf Schreiber | Pablo Torres Gómez | Thomas Grill | Ivar Roban Križić | Artemi-Maria Gioti | Peter Brandlmayr | Oliver Deutsch | Ulla Rauter | Stefan Voglsinger | Marina Poleukhina | Alexander Till | Thomas Nagl,Klangmanifeste,Klangmanifeste - Verein für Klang-/Kunst-/Formen,BMKöS | SKE | Rudolfsheim Fünfhaus (15. Bezirk),https://echoraum.at/klangmanifeste-2024-more-than-networks/,Klangmanifeste
2023-12-08,Theater am Werk / Kabelwerk,Jahresendzeitschokoladenhohlkörper 2023 – Tag 1,Festival | Kollektiv,2,Thomas Berghammer | Billy Roisz | Susanna Gartmayer | dieb13 | Didi Kern | Joan Laage | Christoph Punzmann | Florian Feit | Roy Culbertson | Lucas Henao Serna | Christine Gnigler | Maja Osojnik | Sara Zlanabitnig | Milena Georgieva | Eric Arn | Michael Fischer,XOK,XOK - Interessensgemeinschaft der experimentellen Musik- und Klangkunstszene Wiens,MA7 | BMKöS | SKE,https://jahresendzeitschokoladenhohlkoerper.klingt.org/programm-2023/,Jahresendzeitschokoladenhohlkörper
2023-12-09,Theater am Werk / Kabelwerk,Jahresendzeitschokoladenhohlkörper 2023 – Tag 2,Festival | Kollektiv,2,Gloria Damijan | Gobi Drab | Klaus Haidl | Lis Kelvin | Meike Melinz | JUUN | Michael Zacherl | Veronika Mayer | C. Hausch | Isidora Edwards | Laura Pudelek | noid | Markus Liszt | David Pridal | Daphne von Schrader | Frederic Stritter | Fabian Lanzmaier | Gabriela Gordillo | Paul Gründorfer,XOK,XOK - Interessensgemeinschaft der experimentellen Musik- und Klangkunstszene Wiens,MA7 | BMKöS | SKE,https://jahresendzeitschokoladenhohlkoerper.klingt.org/programm-2023/,Jahresendzeitschokoladenhohlkörper
2024-12-13,Theater am Werk / Kabelwerk,Jahresendzeitschokoladenhohlkörper 2024 – Tag 1,Festival | Kollektiv,2,Eric Arn | Gloria Damijan | Juun | Elisabeth Kelvin | Meike Melinz | Reni Weichselbaum | Jakob Schauer | noid | Michael Fischer | Daniel Lercher | Roy Culbertson | Lucas Henao Serna | Laura Pudelek | Gobi Drab | Klaus Haidl | Fabian Lanzmaier | Frederic Stritter | Paul Gründorfer | Gabriela Gordillo | Philip Leitner | Saleh Rozati | Eduardo Triviño Cely,XOK,XOK - Interessensgemeinschaft der experimentellen Musik- und Klangkunstszene Wiens,MA7 | BMKöS | SKE,https://jahresendzeitschokoladenhohlkoerper.klingt.org/programm-2024/,Jahresendzeitschokoladenhohlkörper
2024-12-14,Theater am Werk / Kabelwerk,Jahresendzeitschokoladenhohlkörper 2024 – Tag 2,Festival | Kollektiv,2,Angélica Castelló | Christine Gnigler | Maja Osojnik | Matija Schellander | Sara Zlanabitnig | Thomas Berghammer | Susanna Gartmayer | Adele Knall | Didi Kern | Alexander J. Eberhard | Katharina Klement | Michael Zacherl | Ulla Rauter | Veronika Mayer | Stefan Voglsinger | Benjamin Tomasi | C. Leli Hausch | Daphne von Schrader | David Pridal | Je. Jesch | Markus Liszt | Sandro Nicolussi,XOK,XOK - Interessensgemeinschaft der experimentellen Musik- und Klangkunstszene Wiens,MA7 | BMKöS | SKE,https://jahresendzeitschokoladenhohlkoerper.klingt.org/programm-2024/,Jahresendzeitschokoladenhohlkörper
2023-03-31,Pratersauna,Struma+Iodine mit Hieroglyphic Being Mama Snake Tin Man Altroy & Quehenberger,Clubnacht,2,Hieroglyphic Being | Mama Snake | Tin Man | Altroy | Quehenberger,Struma+Iodine,RESONANCES+TRANSITIONS - VEREIN ZUR FÖRDERUNG UND VERBREITUNG INNOVATIVER KLÄNGE,MA7 | BMKöS,https//skug.at/e/strumaiodine-mit-hieroglyphic-being-mama-snake-tin-man-altroy-quehenberger/,Struma+Iodine
2023-04-01,Pratersauna,Struma+Iodine 10 Jahre – ButtechnoSpekki Webu Elvin Brandhi u.a.,Clubnacht,2,Buttechno | Spekki Webu | Elvin Brandhi | Battle-Ax | Jung An Tagen | In My Talons | Alpha Tracks | Schirin | Isabella Forciniti | Gischt | Tintin Patrone | Nachtbote | DJ Jackhammer | DJ Warzone | Flower Crime,Struma+Iodine,RESONANCES+TRANSITIONS - VEREIN ZUR FÖRDERUNG UND VERBREITUNG INNOVATIVER KLÄNGE,MA7 | BMKöS,https//skug.at/strumaiodine-das-programm-zur-10-jahres-feier-steht/,Struma+Iodine
2023-02-06,Celeste,Monday Improvisers Session,Konzertreihe,6,Katharina Gartner | Johanna Forster | Elisabeth Flunger,Celeste,Verein für experimentelle improvisierte Musik (VEIM),MA7 | BMKöS | SKE,https://www.facebook.com/profile.php?id=100063885210456,Monday Improvisers Session
2024-01-15,Celeste,Monday Improvisers Session,Konzertreihe,6,Didi Kern | Simon Rose | Marcin Morga,Celeste,Verein für experimentelle improvisierte Musik (VEIM),MA7 | BMKöS | SKE,https://www.facebook.com/profile.php?id=100063885210456,Monday Improvisers Session
2025-01-27,Celeste,Monday Improvisers Session,Konzertreihe,6,Thomas Berghammer | Isabella Forciniti | Jakob Gnigler | Martin Brandlmayr,Celeste,Verein für experimentelle improvisierte Musik (VEIM),MA7 | BMKöS | SKE,https://www.facebook.com/profile.php?id=100063885210456,Monday Improvisers Session
2026-04-27,Celeste,Monday Improvisers Session,Konzertreihe,6,Antti Virtaranta | Sara Zlanabitnig | Didi Kern,Celeste,Verein für experimentelle improvisierte Musik (VEIM),MA7 | BMKöS | SKE,https://www.facebook.com/profile.php?id=100063885210456,Monday Improvisers Session
2023-02-24,Château Rouge,smallforms,Konzertreihe,8,Barbara Togander | Camila Nebbia | Joakim Rainer Petersen | Julia Just,smallforms,small forms - Verein zur Förderung und Verbreitung von zeitgenössischen Musikformen,MA7 | BMKöS,http://www.smallforms.org,Smallforms
2024-06-15,Château Rouge,smallforms,Konzertreihe,8,Tyler Lewis | Simon Rose,smallforms,small forms - Verein zur Förderung und Verbreitung von zeitgenössischen Musikformen,MA7 | BMKöS,http://www.smallforms.org,Smallforms
2025-04-26,Château Rouge,smallforms,Konzertreihe,8,Carola Zelaschi | Pete Prison IV | Alex Kranabetter,smallforms,small forms - Verein zur Förderung und Verbreitung von zeitgenössischen Musikformen,MA7,http://www.smallforms.org,Smallforms
2026-03-14,Château Rouge,smallforms,Konzertreihe,8,Tin Man | Karo Preuschl | Chris Janka,smallforms,small forms - Verein zur Förderung und Verbreitung von zeitgenössischen Musikformen,MA7,http://www.smallforms.org,Smallforms
2023-11-22,Theater am Werk,Der Blöde Dritte Mittwoch,Konzertreihe,1,Kasho Chualan | Kaspar Kuoppamaki,DerBlödeDritteMittwoch,Verein für Kunstvermischung,MA7 | BMKöS,https://www.schalltaucherin.com/archiv,Der Blöde Dritte Mittwoch
2024-02-21,Theater am Werk,Der Blöde Dritte Mittwoch #157,Konzertreihe,1,Christina Ruf | Eric Arn,DerBlödeDritteMittwoch,Verein für Kunstvermischung,MA7 | BMKöS,https://www.schalltaucherin.com/archiv,Der Blöde Dritte Mittwoch
2025-05-21,Theater am Werk,Der Blöde Dritte Mittwoch #148,Konzertreihe,1,Lithium | DEAE | Anna Vasof | kit cut | Verena Repar,DerBlödeDritteMittwoch,Verein für Kunstvermischung,MA7,https://bloedermittwoch.klingt.org/chronik/,Der Blöde Dritte Mittwoch
2026-04-21,echoraum,Der Blöde Dritte Mittwoch,Konzertreihe,15,Sylvia Bruckner | Franz Hautzinger | Oleg Soulimenko | Jonah Parzen-Johnson | Lau Nau,DerBlödeDritteMittwoch,Verein für Kunstvermischung,MA7,https://bloedermittwoch.klingt.org/chronik/,Der Blöde Dritte Mittwoch
2023-06-02,Studio Eberhard,On the Couch #83 – Eberhard/Friedl,Konzertreihe,3,Alexander J. Eberhard | Reinhold Friedl,Alexander J. Eberhard,On the Couch - zur Förderung von Kunst und Kultur in der Gesellschaft,MA7,https://eberhard.klingt.org/projekte/on-the-couch/,On the Couch
2024-05-02,Studio Eberhard,On the Couch #95 – Eberhard/Fheodoroff,Konzertreihe,3,Isabelle Eberhard | Daniela Fheodoroff,Alexander J. Eberhard,On the Couch - zur Förderung von Kunst und Kultur in der Gesellschaft,MA7,https://eberhard.klingt.org/projekte/on-the-couch/,On the Couch
2025-09-20,Studio Eberhard,On the Couch #109 – Eberhard/Gross/Herbert,Konzertreihe,3,Alexander J. Eberhard | Igor Gross | Peter Herbert,Alexander J. Eberhard,On the Couch - zur Förderung von Kunst und Kultur in der Gesellschaft,MA7,https://eberhard.klingt.org/projekte/on-the-couch/,On the Couch
2026-04-22,Studio Eberhard,On the Couch #116 – Paul/Lefèbvre,Konzertreihe,3,Héloise Lefèbvre | Susanne Paul,Alexander J. Eberhard,On the Couch - zur Förderung von Kunst und Kultur in der Gesellschaft,MA7,https://eberhard.klingt.org/projekte/on-the-couch/,On the Couch
2023-05-09,Studio Molière,SUENA Festival 2023 – PLURAL – Inauguración / Schallfeld Ensemble,Festival,9,Schallfeld Ensemble,SUENA Festival,SUENA - Verein zur Förderung und Verbreitung neuer Musik,MA7 | BMKöS | SKE,https://www.suena.at,SUENA Festival
2023-05-10,Studio Molière,SUENA Festival 2023 – andother stage: Assemble I want to sing,Festival,9,andother stage,SUENA Festival,SUENA - Verein zur Förderung und Verbreitung neuer Musik,MA7 | BMKöS | SKE,https://www.suena.at,SUENA Festival
2023-05-11,Studio Molière,SUENA Festival 2023 – SIGMA Project Quartet,Festival,9,SIGMA Project Quartet,SUENA Festival,SUENA - Verein zur Förderung und Verbreitung neuer Musik,MA7 | BMKöS | SKE,https://www.suena.at,SUENA Festival
2023-05-12,REAKTOR,SUENA Festival 2023 – Platypus Ensemble,Festival,17,Platypus Ensemble,SUENA Festival,SUENA - Verein zur Förderung und Verbreitung neuer Musik,MA7 | BMKöS | SKE,https://www.suena.at,SUENA Festival
2024-04-25,Studio Molière,SUENA Festival 2024 – PHACE: Tratado de lo inasibl,Festival,9,PHACE,SUENA Festival,SUENA - Verein zur Förderung und Verbreitung neuer Musik,MA7 | BMKöS | SKE,https://www.suena.at,SUENA Festival
2024-04-26,Alte Schmiede,SUENA Festival 2024 – Myriam Garcia Fidalgo: Emptying the body,Festival,1,Myriam Garcia Fidalgo,SUENA Festival,SUENA - Verein zur Förderung und Verbreitung neuer Musik,MA7 | BMKöS | SKE,https://www.suena.at,SUENA Festival
2024-04-27,Future Art Lab mdw,SUENA Festival 2024 – Concierto MDW + José Luis Besada,Festival,3,José Luis Besada,SUENA Festival,SUENA - Verein zur Förderung und Verbreitung neuer Musik,MA7 | BMKöS | SKE,https://www.suena.at,SUENA Festival
2024-04-28,Kaisersaal,SUENA Festival 2024 – ARGO: Tan ahora allí,Festival,7,ARGO,SUENA Festival,SUENA - Verein zur Förderung und Verbreitung neuer Musik,MA7 | BMKöS | SKE,https://www.suena.at,SUENA Festival
2024-05-02,echoraum,SUENA Festival 2024 – Álvaro Collao León: Límite,Festival,15,Álvaro Collao León,SUENA Festival,SUENA - Verein zur Förderung und Verbreitung neuer Musik,MA7 | BMKöS | SKE,https://www.suena.at,SUENA Festival
2024-05-03,Studio Molière,SUENA Festival 2024 – Trio Feedback / Dimitrios Polisoidis: Spherae,Festival,9,Trio Feedback | Dimitrios Polisoidis,SUENA Festival,SUENA - Verein zur Förderung und Verbreitung neuer Musik,MA7 | BMKöS | SKE,https://www.suena.at,SUENA Festival
2025-05-07,REAKTOR,SUENA Festival 2025 – Musikfabrik: Blechblasparty,Festival,17,Musikfabrik,SUENA Festival,SUENA - Verein zur Förderung und Verbreitung neuer Musik,MA7 | BMKöS | SKE,https://www.suena.at,SUENA Festival
2025-05-09,echoraum,SUENA Festival 2025 – PPCM Instrumental: Erinnerungsspuren,Festival,15,PPCM Instrumental,SUENA Festival,SUENA - Verein zur Förderung und Verbreitung neuer Musik,MA7 | BMKöS | SKE,https://www.suena.at,SUENA Festival
2025-05-10,Sociedad Austro-Portuguesa,SUENA Festival 2025 – Juan Moreda + Sur Editores,Festival,8,Juan Moreda,SUENA Festival,SUENA - Verein zur Förderung und Verbreitung neuer Musik,MA7 | BMKöS | SKE,https://www.suena.at,SUENA Festival
2025-05-11,Future Art Lab mdw,SUENA Festival 2025 – MDW Ensemble Konstellationen: Materia oscura,Festival,3,MDW Ensemble Konstellationen,SUENA Festival,SUENA - Verein zur Förderung und Verbreitung neuer Musik,MA7 | BMKöS | SKE,https://www.suena.at,SUENA Festival
2025-05-11,St. Ruprecht,SUENA Festival 2025 – Between Feathers: more sweetly forgot,Festival,1,Between Feathers,SUENA Festival,SUENA - Verein zur Förderung und Verbreitung neuer Musik,MA7 | BMKöS | SKE,https://www.suena.at,SUENA Festival
2025-05-12,Kaisersaal,SUENA Festival 2025 – Lab51: GOT LOST,Festival,7,Lab51,SUENA Festival,SUENA - Verein zur Förderung und Verbreitung neuer Musik,MA7 | BMKöS | SKE,https://www.suena.at,SUENA Festival
2025-05-13,REAKTOR,SUENA Festival 2025 – Cantando Admont: War dies die Erinnerung?,Festival,17,Cantando Admont,SUENA Festival,SUENA - Verein zur Förderung und Verbreitung neuer Musik,MA7 | BMKöS | SKE,https://www.suena.at,SUENA Festival
2022-05-21,rhiz,Augend&Addend,Clubnacht,8,MYEN | Andras_2020 | Lukas Becker | sch4tz1 | KoiFin | MARAws,AUGEND&ADDEND,AUGEND&ADDEND - Verein zur Förderung und Erweiterung transformativer Klangräume und queerer Clubkultur,MA7,https://www.instagram.com/augendaddend,Augend&Addend
2023-11-23,Venster99,Augend&Addend x Struma+Iodine,Konzert,16,S280F | Florence Sinclair | Rắn Cạp Đuôi | Rent,AUGEND&ADDEND | Struma+Iodine,AUGEND&ADDEND - Verein zur Förderung und Erweiterung transformativer Klangräume und queerer Clubkultur,MA7,https://www.instagram.com/augendaddend,Augend&Addend | Struma+Iodine
2024-04-24,FLUCC,Augend&Addend – Equation Echo,Clubnacht,2,Odete | Ãssia Ghendir | Lou Vives | Yasmina Haddad | Home | Winonah | Bogland | Maraws | Oblate,AUGEND&ADDEND,AUGEND&ADDEND - Verein zur Förderung und Erweiterung transformativer Klangräume und queerer Clubkultur,MA7,https://www.instagram.com/augendaddend,Augend&Addend
2025-12-05,das weisse haus,Augend&Addend x Spice Mixers – James Massiah,Konzert | Club,1,James Massiah | XEXA | Tonica Hunter | মm. | Mara Never | Mursal,AUGEND&ADDEND | Spice Mixers,AUGEND&ADDEND - Verein zur Förderung und Erweiterung transformativer Klangräume und queerer Clubkultur,MA7,https://www.instagram.com/augendaddend,Augend&Addend | Spice Mixers
2022-06-18,Vekks,Kinky Muppet @ Vekks,Konzert,12,Katrin Plavčak | Nicholas Hoffmann | Oliver Stotz,Vekks,Verein zur Erweiterung des kulturellen und künstlerischen Spektrums (VEKKS),MA8,https://www.vekks.com/aktuell,Vekks
2023-11-07,Vekks,Rosilio/do Mar/Gnigler/Duit,Konzert,12,Maria do Mar | Jakob Gnigler | Yoram Rosilio | Valentin Duit,Vekks,Verein zur Erweiterung des kulturellen und künstlerischen Spektrums (VEKKS),MA9,https://klingt.org,Vekks
2024-10-16,Vekks,Berghammer Babikov Moser,Konzert,12,Thomas Berghammer | Alexander Babikov | Moser,Vekks,Verein zur Erweiterung des kulturellen und künstlerischen Spektrums (VEKKS),MA10,https://klingt.org,Vekks
2025-01-15,Vekks,Amorphq at Vekks,Konzert,12,PhoLo0 | Benjamin Whitehill | Moo17 | .pK,amorphq | Vekks,Verein zur Erweiterung des kulturellen und künstlerischen Spektrums (VEKKS),MA7 (Musikbeirat 2026),https://www.vekks.com/aktuell,Vekks
2026-01-04,Vekks,Tetrao Tetrix – 3 Solos,Konzert,12,Gaudenz Badrutt | Jean-Luc Guionnet | Frantz Loriot,Vekks,Verein zur Erweiterung des kulturellen und künstlerischen Spektrums (VEKKS),MA7 (Musikbeirat 2026),https://www.vekks.com/aktuell,Tetrao Tetrix
2026-04-25,Vekks,Jarret / Johansson / von Martens / David Kovacs,Konzert,12,Jarret | Johansson | von Martens | David Kovacs,Vekks,Verein zur Erweiterung des kulturellen und künstlerischen Spektrums (VEKKS),MA7 (Musikbeirat 2026),https://www.vekks.com/aktuell,Vekks
2025-06-06,FLUCC,VENTIL RECORDS TURNS 10!,Konzert,2,schtum (Robert Pockfuß | Manu Mayr) | eaeres (Karolina Preuschl | Ursula Winterauer | Katrin Euller | Leon Leder) | Kasho Chualan | Didi Kern | Alex Kranabetter | Peter Kutin,Ventil Records,"""Ventil"" - Verein zur Freisetzung klanglicher Innovation und Dynamik Kurztitel: Ventil",MA7,schalltaucherin.com,
2025-05-24,Otto Wagner Areal,HYPERREALITY Day 2,Festival,14,Moin! (Joe Andrews | Valentina Magaletti | Tom Halstead) | Rojin Sharafi | Valentina Magaletti,Hyperreality,SISTERS - Verein für queer feministische Kunst und Kultur,MA7,schalltaucherin.com,HYPERREALITY
2025-05-22,Porgy & Bess Jazz& Music Club,königlollipop|audiobomber,Konzert,1,koeniglollipop (Lukas König | Leo Riegler) | Audiobomber (Alex Jöchtl),Porgy & Bess,Jazz & Musicclub Porgy & Bess,MA7 | BMKöS,schalltaucherin.com,Porgy & Bess
2025-05-15,Kulturcafé Max,Tape Moon,Konzert,2,Tape Moon (Michael Naphegyi | Philipp Wohofsky | Joachim Huber | Michael Blassing),SHIZZLE,SHIZZLE - Kunst- und Kulturverein,MA7 | BMKöS | Bezirk Hernals (17. Bezirk),schalltaucherin.com,
2025-05-06,FLUCC,Enigmatic Serenades #9,Konzert,2,viz (Réka Csiszér) | racine (Julien Racine),Sandkasten Syndikat | flucc,Sandkasten Syndikat - Verein zur transkulturellen und interdisziplinären künstlerischen Vernetzung und Kulturvermittlung,MA7 | SKE,schalltaucherin.com,Enigmatic Serenades
2025-03-04,Porgy & Bess Jazz& Music Club,Mash,Konzert,1,Mash (Mahan Mirarab | Vincent Pongracz | András Dés),Porgy & Bess,Jazz & Musicclub Porgy & Bess,MA7 | BMKöS,schalltaucherin.com,Porgy & Bess
2025-01-09,Loop,Groove Club,Konzert,8,Manu Mayr | Yvonne Moriel,West Belt United,[nicht dokumentiert],MA7,schalltaucherin.com,Groove Club
2025-01-08,rhiz,synesthetic wednesday,Konzert,8,other mother (Judith Schwarz | Arthur Fussy | Jul Dillier) | Judith Schwarz | Yvonne Moriel | Alois Eberl,Vincent Pongracz | Yvonne Moriel,Vincent Pongracz,MA7,schalltaucherin.com,Synesthetic Wednesday
2024-12-16,brut,VIO 2024/20 Years,Konzert,20,Vienna Improvisers Orchestra,brut,[nicht dokumentiert],MA7,schalltaucherin.com,
2024-11-20,rhiz,synesthetic wednesday,Konzert,8,Andreas Lettner | Georg Vogel | Julian Sartorius | Yvonne Moriel :: Sweetlife (w/ Stephanie Weninger | Raphael Vorraber | Tobias Meissl),Vincent Pongracz | Yvonne Moriel | rhiz,Vincent Pongracz,MA7,schalltaucherin.com,Synesthetic Wednesday
2024-11-13,Das WERK,TUMULTTOTAL,Konzert,9,Anna Tsombanis | Daniel Bierdümpfl | Mark Holub | Oliver Biedermann | Avin Ahmadi | Victoria Kirilova | mel.e (Judith Ferstl | Judith Schwarz | Viola Hammer),TUMULTTOTAL,Regina Fischer,MA7,schalltaucherin.com,TUMULTTOTAL
2024-09-21,Szene Wien,20 Jahre Jazzwerkstatt Wien,Festival,3,nebulift (Mona Matbou Riahi | Dorian Concept | Manu Mayr | Lou Zon) | Studio Dan x Karo Preuschl x Bernhard Breuer x Martin Siewert,JazzWerkstatt Wien,JazzWerkstatt Wien,MA7,schalltaucherin.com,20 Jahre JazzWerkstatt Wien
2024-09-18,Theater am Werk / Kabelwerk,20 Jahre Jazzwerkstatt Wien,Festival,2,Kimyan Law | Ludwig Wandinger | Stephanie Weninger quartet (Stephanie Weninger | Martin Eberle | David Dolliner | Michael Blassnig),JazzWerkstatt Wien,JazzWerkstatt Wien,MA7,schalltaucherin.com,20 Jahre JazzWerkstatt Wien
2024-09-14,Westbahnstudios,unsafe+sounds,Festival,7,Evicshen x Mariam Rezaei | Yuko Araki | Morning Seance (Simone Borghi),Unsafe+Sounds,UNSAFE SOUNDS - Verein zur Verteidigung künstlerischer Grauzonen,MA7 | SKE,schalltaucherin.com,Unsafe+Sounds
2024-08-27,CENTRAL GARDEN,HAUTZINGER/SCHNEIDEWIND/PONGRÀCZ,Konzert,2,Hautzinger | Pongracz | Schneidewind | König,Vincent Pongracz,Vincent Pongracz,MA7,https://www.vincentpongracz.com/,
2024-06-28,CENTRAL GARDEN,Summer Meeting 1,Konzert,2,Hautzinger | Pongracz | Schneidewind | Preiss,Central Garden,Central Garden,MA7,schalltaucherin.com,
2024-06-26,FLUCC,NAWA festival,Festival,2,huuum (Rojin Sharafi | Omid Darvish | Alvaro Collao León) | Parasang (Mona Matbou Riahi | Pouya Ehsaei),Mahan Mirarab,FAM Kulturverein,MA7 | BMKöS | SKE | AKM,schalltaucherin.com,NAWA Festival
2024-06-13,rhiz,innode,Konzert,8,innode (Stefan Nemeth | Bernhard Breuer),rhiz,Rantasa + Rantasa GmbH,MA7 | BMKöS,schalltaucherin.com,innode
2024-06-08,Porgy & Bess Jazz& Music Club,24 Stunden mit JazzWerkstatt,Festival,1,Vivid Consort (Christine Gnigler | Sheng-Fang Chiu | Lorina Vallaster) | ZNAP (Leonhard Skorupa | Gregor Aufmesser | Lukas Aichinger) | HALS (Anna Anderluh | Amina Bouroyen | Verena Loipetsberger | Anna Laszlo) | Kasho Chualan | The Clonious | WH/M (Beate Wiesinger | Philipp Jagschitz | Michal Wierzgon) | Maxi Nagl | Manu Mayr | DJ Pablo Herrasti | Well Behaved (Tobias Fallenegger | Maximilian Erler | Mina Franzke) | Asja Valcic | Raphael Preuschl | MASH trio (Mahan Mirarab | Vincent Pongracz | András Dés) | Florian Supancic Octet (Florian Supancic | Alana Macpherson | Karel Eriksson | Stefan Schinnerl | Katarina Kochetova | Christopher Pawluk | Hrvoje Kralj | Jan Samson Krizanic) | Valentin Duit Quartet (Valentin Duit | Robert Unterköfler | Tobias Meissl | Ivar Roban Križić) | fs:eins (Viola Falb | Bernd Satzinger) | Fumagalli (Benedikt Reising | Marco Müller) feat. Martin Eberle | Pamelia Stickney | Georg Vogel | Anja Om Plus (Anja Obermayer | Veronika Sterrer | Ursula Reicher | Ricarda Oberneder | Mira Perusich) | The Answer is No (Maja Osojnik | Ursula Winterauer) | Clemens Salesny | Lorenz Widauer Quartet (Lorenz Widauer | Philipp Schiepek | Michael Acker | Matheus Jardim) | Ve Resin (Sophia Goidinger-Koch) | KDM Trio (Katarina Kochetova | David Dollinger | Matheus Jardim) ft. Kejdi Barbullushi | Max Nagl | Clemens Wenger,JazzWerkstatt Wien,JazzWerkstatt Wien,MA7 | BMKöS | SKE,schalltaucherin.com,24 Stunden mit JazzWerkstatt Wien
2024-06-03,Gartenbaukino,JEFF MILLS PERFORMS METROPOLIS,Konzert,1,Jeff Mills,Gartenbaukino,[nicht dokumentiert],[nicht dokumentiert],schalltaucherin.com,
2024-05-24,Otto Wagner Areal,HYPERREALITY,Festival,14,Spresso | Nu Jazz,SISTERS,SISTERS - Verein für queer feministische Kunst und Kultur,BMKöS,[nicht dokumentiert],HYPERREALITY
2024-05-13,Celeste,Monday Improvisers Session,Sessionn | Improvisation,6,[nicht dokumentiert],Celeste,Verein für experimentelle improvisierte Musik (VEIM),MA7 | BMKöS | SKE,schalltaucherin.com,Monday Improvisers Session
2024-04-11,Porgy & Bess Jazz& Music Club,JazzWerkstatt Wien,Konzert,1,The Sleep,JazzWerkstatt Wien,JazzWerkstatt Wien,MA7 | BMKöS | SKE,schalltaucherin.com,JazzWerkstatt Wien
2024-04-07,rhiz,liccht,Konzert,8,Antropods (Mark Holub | Clemens Sainitzer | Irene Kepl | Susanna Gartmayer | Jakob Gnigler),liccht,liccht - kulturverein für nischenmusik und populärkultur,MA7,schalltaucherin.com,liccht
2024-04-03,Vekks,[nicht dokumentiert],Konzert,12,Lenhart Tapes | Zoja Borovčanin,Vekks,Verein zur Erweiterung des kulturellen und künstlerischen Spektrums (VEKKS),MA7,schalltaucherin.com,Vekks
2024-03-27,rhiz,Synesthetic Wednesday,Konzert,8,Jelena Popržan | Herbert Pirker | Karl Ritter,Vincent Pongracz | Yvonne Moriel | rhiz,Vincent Pongracz,MA7,schalltaucherin.com,Synesthetic Wednesday
2024-03-25,Celeste,Monday Improvisers Session,Sessionn | Improvisation,6,[nicht dokumentiert],Celeste,Verein für experimentelle improvisierte Musik (VEIM),MA7 | BMKöS | SKE,schalltaucherin.com,Monday Improvisers Session
2024-03-19,CENTRAL GARDEN,IMPROVISATIONS,Konzert,2,Markus Schneider | Lukas König | Thomas Berghammer,Central Garden,Central Garden,MA7,schalltaucherin.com,
2024-03-14,The Loft,DE/SEMBLE,Konzert,9,Temp-Illusion | Pink Oculus | Victoria Kirilova | Viola Falb,DE/SEMBLE,"""Vienna.ACTS"", Verein zur Förderung von Kunst",MA7 | BMKöS | SKE,https://www.de-semble.at/,DE/SEMBLE Festival
2024-02-21,Theater am Werk / Petersplatz,Der Blöde Dritte Mittwoch,Konzert,1,Christina Ruf | Eric Arn | Stefan Tiefengraber,Der Blöde Dritte Mittwoch,Verein für Kunstvermischung,MA7,schalltaucherin.com,Der Blöde Dritte Mittwoch
2024-02-07,FLUCC,Jaako Eino Kalevi + Garagen Uwe|Jelena Mirčeta,Konzert,2,Jaako Eino Kalevi | Garagen Uwe | Jelena Mirčeta,flucc,Verein Kulturzentrum FLUCC,MA7,schalltaucherin.com,FLUCC
2024-01-19,REAKTOR,ei gen klang,Konzert,17,ei gen klang (Bernhard Hadriga | Flora Geisselbrecht | Jul Dillier),REAKTOR,[nicht dokumentiert],[nicht dokumentiert],schalltaucherin.com,
2023-12-30,CENTRAL GARDEN,LIVE: Auserwöger Kern Krist,Konzert,2,Didi Kern | Philipp Quehenberger | Michael Fischer,Central Garden,Central Garden,MA7,schalltaucherin.com,
2023-12-19,rhiz,Cosmic Tuesday,Konzert,8,Cosmic Tuesday (Aaron Steiner | Michael Naphegyi | Joachim Huber) ft. Millycent (Emily Groz),Teleport Collective,Rantasa + Rantasa GmbH,MA7 | BMKöS,schalltaucherin.com,rhiz
2023-12-18,Celeste,Monday Improvisers Session,Sessionn | Improvisation,6,[nicht dokumentiert],Celeste,Verein für experimentelle improvisierte Musik (VEIM),MA7 | BMKöS | SKE,schalltaucherin.com,Monday Improvisers Session
2023-12-13,rhiz,Peter Rom - Wanting Machine,Konzert,8,Peter Rom - Wanting Machine (Manu Mayr | Pamelia Stickney | Michael Prowaznik),rhiz,Rantasa + Rantasa GmbH,MA7 | BMKöS,schalltaucherin.com,Peter Rom
2023-11-29,rhiz,Synesthetic Wednesday,Konzert,8,Synesthetic4 (Vincent Pongracz | Peter Rom | Manuel Mayr) | Matheus Jardim,Vincent Pongracz | Yvonne Moriel | rhiz,Vincent Pongracz,MA7,schalltaucherin.com,Synesthetic Wednesday
2023-11-28,rhiz,Cosmic Tuesday,Konzert,8,Teleport Collective (Aaron Steiner | Michael Naphegyi | Joachim Huber) | Ruhullah Aziz,Teleport Collective,Rantasa + Rantasa GmbH,MA7 | BMKöS,schalltaucherin.com,rhiz
2023-11-22,Theater am Werk / Petersplatz,Der Blöde Dritte Mittwoch,Konzert,1,Rotterdam (Susanne Amann | Michael Klauser) | Music for Black Holes (Kasho Chuala | Kaspar Kuoppamaki) BROKEN HYPNO,Der Blöde Dritte Mittwoch,Verein für Kunstvermischung,MA7,schalltaucherin.com,Der Blöde Dritte Mittwoch
2023-11-14,Porgy & Bess Jazz& Music Club,Wien Modern - More Breaking News,Festival,1,Flash 1020 (Lukas König | Studio Dan),Wien Modern,"Wien Modern, Verein für neue Musik",MA7,schalltaucherin.com,Wien Modern
2023-11-11,rhiz,Suteren Listening Session #2,Konzert,8,everybody knows kokoroko | spit into my eye,[nicht dokumentiert],Rantasa + Rantasa GmbH,MA7 | BMKöS,schalltaucherin.com,Suteren Listening Session
2023-11-08,Porgy & Bess Jazz& Music Club,Irreversible Entanglements,Konzert,1,Irreversible Entanglements (Camae Ayewa | Luke Stewart | Tcheser Holmes | Aquiles Navarro | Keir Neuringer),Porgy & Bess,Jazz & Musicclub Porgy & Bess,MA7 | BMKöS,schalltaucherin.com,Porgy & Bess
2023-11-07,AIL Angewandte,Wien Modern - Phantom Voltage,Konzert,1,Phantom Voltage (Peter Kutin | Florian Kindlinger | Christina Kubisch | Matthias Lenz | Liesl Raff),Wien Modern | AIL,"Wien Modern, Verein für neue Musik",MA7 | BMKöS,schalltaucherin.com,Wien Modern
2023-10-27,REAKTOR,DE/ENSEMBLE,Konzert,17,Rdeča Raketa (Maja Osojnik | Matija Schellander) | Patrick K.-H. | Dance of Gentleness (Miriam Adefris | Mona Matbou Riahi) Lukas Kranzelbinder) | Anna Tsombanis | Sofia Labropoulou | Alireza Toghiyani,DE/SEMBLE,"""Vienna.ACTS"", Verein zur Förderung von Kunst",MA7 | BMKöS | SKE,schalltaucherin.com,DE/SEMBLE Festival
2023-11-14,Porgy & Bess Jazz& Music Club,Wien Modern - More Breaking News,Konzert,1,Zones 2023 (Ingrid Laubrock | Studio Dan),Wien Modern,"Wien Modern, Verein für neue Musik",MA7,schalltaucherin.com,Wien Modern
2024-06-08,Porgy & Bess Jazz& Music Club,24 Stunden mit Jazz Werkstatt,Konzert,1,Vivid Consort (Christine Gnigler | Sheng-Fang Chiu | Lorina Vallaster),JazzWerkstatt Wien,JazzWerkstatt Wien,MA7 | BMKöS | SKE,schalltaucherin.com,24 Stunden mit JazzWerkstatt Wien
2024-06-08,Porgy & Bess Jazz& Music Club,24 Stunden mit Jazz Werkstatt,Konzert,1,ZNAP (Leonhard Skorupa | Gregor Aufmesser),JazzWerkstatt Wien,JazzWerkstatt Wien,MA7 | BMKöS | SKE,schalltaucherin.com,24 Stunden mit JazzWerkstatt Wien
2024-06-08,Porgy & Bess Jazz& Music Club,24 Stunden mit Jazz Werkstatt,Konzert,1,HALS (Anna Anderluh | Amina Bouroyen | Verena Loipetsberger | Anna Laszlo),JazzWerkstatt Wien,JazzWerkstatt Wien,MA7 | BMKöS | SKE,schalltaucherin.com,24 Stunden mit JazzWerkstatt Wien
2024-06-08,Porgy & Bess Jazz& Music Club,24 Stunden mit Jazz Werkstatt,Konzert,1,Kasho Chualan,JazzWerkstatt Wien,JazzWerkstatt Wien,MA7 | BMKöS | SKE,schalltaucherin.com,24 Stunden mit JazzWerkstatt Wien
2024-06-08,Porgy & Bess Jazz& Music Club,24 Stunden mit Jazz Werkstatt,Konzert,1,The Clonious,JazzWerkstatt Wien,JazzWerkstatt Wien,MA7 | BMKöS | SKE,schalltaucherin.com,24 Stunden mit JazzWerkstatt Wien
2024-06-08,Porgy & Bess Jazz& Music Club,24 Stunden mit Jazz Werkstatt,Konzert,1,WH/M (Beate Wiesinger | Philipp Jagschitz | Michal Wierzgon),JazzWerkstatt Wien,JazzWerkstatt Wien,MA7 | BMKöS | SKE,schalltaucherin.com,24 Stunden mit JazzWerkstatt Wien
2024-06-08,Porgy & Bess Jazz& Music Club,24 Stunden mit Jazz Werkstatt,Konzert,1,Maxi Nagl,JazzWerkstatt Wien,JazzWerkstatt Wien,MA7 | BMKöS | SKE,schalltaucherin.com,24 Stunden mit JazzWerkstatt Wien
2024-06-08,Porgy & Bess Jazz& Music Club,24 Stunden mit Jazz Werkstatt,Konzert,1,Manu Mayr,JazzWerkstatt Wien,JazzWerkstatt Wien,MA7 | BMKöS | SKE,schalltaucherin.com,24 Stunden mit JazzWerkstatt Wien
2024-06-08,Porgy & Bess Jazz& Music Club,24 Stunden mit Jazz Werkstatt,Konzert,1,DJ Pablo Herrasti,JazzWerkstatt Wien,JazzWerkstatt Wien,MA7 | BMKöS | SKE,schalltaucherin.com,24 Stunden mit JazzWerkstatt Wien
2024-06-08,Porgy & Bess Jazz& Music Club,24 Stunden mit Jazz Werkstatt,Konzert,1,Well Behaved (Tobias Fallenegger | Maximilian Erler | Mina Franzke),JazzWerkstatt Wien,JazzWerkstatt Wien,MA7 | BMKöS | SKE,schalltaucherin.com,24 Stunden mit JazzWerkstatt Wien
2024-06-08,Porgy & Bess Jazz& Music Club,24 Stunden mit Jazz Werkstatt,Konzert,1,Asja Valcic | Raphael Preuschl,JazzWerkstatt Wien,JazzWerkstatt Wien,MA7 | BMKöS | SKE,schalltaucherin.com,24 Stunden mit JazzWerkstatt Wien
2024-06-08,Porgy & Bess Jazz& Music Club,24 Stunden mit Jazz Werkstatt,Konzert,1,MASH trio (Mahan Mirarab | Vincent Pongracz | Des Andras),JazzWerkstatt Wien,JazzWerkstatt Wien,MA7 | BMKöS | SKE,schalltaucherin.com,24 Stunden mit JazzWerkstatt Wien
2024-06-08,Porgy & Bess Jazz& Music Club,24 Stunden mit Jazz Werkstatt,Konzert,1,Florian Supancic Octet,JazzWerkstatt Wien,JazzWerkstatt Wien,MA7 | BMKöS | SKE,schalltaucherin.com,24 Stunden mit JazzWerkstatt Wien
2024-06-08,Porgy & Bess Jazz& Music Club,24 Stunden mit Jazz Werkstatt,Konzert,1,Moin! (Joe Andrews | Valentina Magaletti | Tom Halstead) | Rojin Sharafi | Valentina Magaletti,JazzWerkstatt Wien,JazzWerkstatt Wien,MA7 | BMKöS | SKE,schalltaucherin.com,24 Stunden mit JazzWerkstatt Wien
2024-06-08,Porgy & Bess Jazz& Music Club,24 Stunden mit Jazz Werkstatt,Konzert,1,fs:eins (Viola Falb | Bernd Satzinger),JazzWerkstatt Wien,JazzWerkstatt Wien,MA7 | BMKöS | SKE,schalltaucherin.com,24 Stunden mit JazzWerkstatt Wien
2024-06-08,Porgy & Bess Jazz& Music Club,24 Stunden mit Jazz Werkstatt,Konzert,1,Fumagalli (Benedikt Reising | Marco Müller) | Martin Eberle,JazzWerkstatt Wien,JazzWerkstatt Wien,MA7 | BMKöS | SKE,schalltaucherin.com,24 Stunden mit JazzWerkstatt Wien
2024-06-08,Porgy & Bess Jazz& Music Club,24 Stunden mit Jazz Werkstatt,Konzert,1,Pamelia Stickney | Georg Vogel,JazzWerkstatt Wien,JazzWerkstatt Wien,MA7 | BMKöS | SKE,schalltaucherin.com,24 Stunden mit JazzWerkstatt Wien
2024-06-08,Porgy & Bess Jazz& Music Club,24 Stunden mit Jazz Werkstatt,Konzert,1,Anja Om Plus,JazzWerkstatt Wien,JazzWerkstatt Wien,MA7 | BMKöS | SKE,schalltaucherin.com,24 Stunden mit JazzWerkstatt Wien
2024-06-08,Porgy & Bess Jazz& Music Club,24 Stunden mit Jazz Werkstatt,Konzert,1,The Answer is No (Maja Osojnik | Ursula Winterauer),JazzWerkstatt Wien,JazzWerkstatt Wien,MA7 | BMKöS | SKE,schalltaucherin.com,24 Stunden mit JazzWerkstatt Wien
2024-06-08,Porgy & Bess Jazz& Music Club,24 Stunden mit Jazz Werkstatt,Konzert,1,Clemens Salesny Listening Session,JazzWerkstatt Wien,JazzWerkstatt Wien,MA7 | BMKöS | SKE,schalltaucherin.com,24 Stunden mit JazzWerkstatt Wien
2024-06-08,Porgy & Bess Jazz& Music Club,24 Stunden mit Jazz Werkstatt,Konzert,1,Lorenz Widauer Quartet,JazzWerkstatt Wien,JazzWerkstatt Wien,MA7 | BMKöS | SKE,schalltaucherin.com,24 Stunden mit JazzWerkstatt Wien
2024-06-08,Porgy & Bess Jazz& Music Club,24 Stunden mit Jazz Werkstatt,Konzert,1,Ve Resin (Sophia Goidinger-Koch),JazzWerkstatt Wien,JazzWerkstatt Wien,MA7 | BMKöS | SKE,schalltaucherin.com,24 Stunden mit JazzWerkstatt Wien
2024-06-08,Porgy & Bess Jazz& Music Club,24 Stunden mit Jazz Werkstatt,Konzert,1,KDM Trio (Katarina Kochetova | David Dollinger | Mattheus Jardim) | Kejdi Barbullushi,JazzWerkstatt Wien,JazzWerkstatt Wien,MA7 | BMKöS | SKE,schalltaucherin.com,24 Stunden mit JazzWerkstatt Wien
2024-06-08,Porgy & Bess Jazz& Music Club,24 Stunden mit Jazz Werkstatt,Konzert,1,Max Nagl | Clemens Wenger,JazzWerkstatt Wien,JazzWerkstatt Wien,MA7 | BMKöS | SKE,schalltaucherin.com,24 Stunden mit JazzWerkstatt Wien
2024-04-11,Porgy & Bess Jazz& Music Club,jazz werkstatt,Konzert,1,The Sleep of Reason Produces Monsters (Mariam Rezaei | Lukas König | Gabriele Mitelli | Mette Rasmussen),JazzWerkstatt Wien,JazzWerkstatt Wien,MA7 | BMKöS | SKE,schalltaucherin.com,JazzWerkstatt Wien
2024-04-11,Porgy & Bess Jazz& Music Club,jazz werkstatt,Konzert,1,Kurdophone (Amir Ahmadi | Sarvin Hazin | Omid Darvish | Helene Glüxam | Amir Wahba),JazzWerkstatt Wien,JazzWerkstatt Wien,MA7 | BMKöS | SKE,schalltaucherin.com,JazzWerkstatt Wien
2024-04-10,rhiz,Synesthetic Wednesday,Konzert,8,Yvonne Moriel | Valentin Duit | Vincent Pongracz | Alexander Kranabetter,Vincent Pongracz | Yvonne Moriel | rhiz,Vincent Pongracz,MA7 | BMKöS | SKE,schalltaucherin.com,Synesthetic Wednesday
2024-04-10,rhiz,Synesthetic Wednesday,Konzert,8,Alexander Kranabetter,Vincent Pongracz | Yvonne Moriel | rhiz,Vincent Pongracz,MA7,schalltaucherin.com,Synesthetic Wednesday
2024-04-10,rhiz,Synesthetic Wednesday,Konzert,8,Yvonne Moriel | Sophie Abraham,Vincent Pongracz | Yvonne Moriel | rhiz,Vincent Pongracz,MA7,schalltaucherin.com,Synesthetic Wednesday
2024-04-07,rhiz,liccht,Konzert,8,Antropods (Mark Holub,liccht,liccht - kulturverein für nischenmusik und populärkultur,MA7,schalltaucherin.com,liccht
2024-04-07,rhiz,liccht,Konzert,8,Beyond the Beat (Judith Schwarz | Clemens Sainitzer | Irene Kepl | Susanna Gartmayer | Jakob Gnigler | Arthur Fussy),liccht,liccht - kulturverein für nischenmusik und populärkultur,MA7,schalltaucherin.com,liccht
2024-04-03,Vekks,Lenhart Tapes,Konzert,12,Lenhart Tapes | Zoja Borovčanin,Vekks,Verein zur Erweiterung des kulturellen und künstlerischen Spektrums (VEKKS),MA7,schalltaucherin.com,Vekks
2024-03-27,rhiz,Synesthetic Wednesday,Konzert,8,Jelena Popržan | Herbert Pirker | Karl Ritter,Vincent Pongracz | Yvonne Moriel | rhiz,Vincent Pongracz,MA7,schalltaucherin.com,Synesthetic Wednesday
2024-03-25,Celeste,Monday Improvisers Session,Konzert,6,Lisa Hofmaninger | Tobias Vedovelli | Todd Clouser,Celeste,Verein für experimentelle improvisierte Musik (VEIM),MA7 | BMKöS | SKE,https://klingt.org/gro.tgnilk/events/12763/index.html?sid=14298401013344652,Monday Improvisers Session
2024-05-13,Celeste,Monday Improvisers Session,Konzert,6,Kasho Chualan | Daniel Lercher,Celeste,Verein für experimentelle improvisierte Musik (VEIM),MA7 | BMKöS | SKE,https://klingt.org/gro.tgnilk/events/12763/index.html?sid=14298401013344652,Monday Improvisers Session
2025-07-11,Zacherlfabrik,PARKEN 2025 (Season No. 10) - Tag 1,Festival,19,Marcus Schmickler | Jana Winderen | Inou Ki Endo | Andrea Ida,Robert Schwarz | Shilla Strelka | Bernhard Tobola,"PARKEN, Verein zur Förderung experimenteller Musik im öffentlichem Raum",MA7,Eigenorganisation / Social Media,PARKEN
2025-07-12,Zacherlfabrik,PARKEN 2025 (Season No. 10) - Tag 2,Festival,19,Marcus Schmickler | Jana Winderen | Inou Ki Endo | Andrea Ida,Robert Schwarz | Shilla Strelka | Bernhard Tobola,"PARKEN, Verein zur Förderung experimenteller Musik im öffentlichem Raum",MA7,Eigenorganisation / Social Media,PARKEN
2024-07-20,Zacherlfabrik,PARKEN 2024 (Etat / Superpang Special) - Tag 1,Festival,19,Jasmine Guffond | RM Francis | Jonas Gruska | Robert Schwarz | Haskii | Jung An Tagen,Robert Schwarz | Shilla Strelka | Bernhard Tobola,"PARKEN, Verein zur Förderung experimenteller Musik im öffentlichem Raum",MA7,Facebook Event / Social Media,PARKEN
2024-07-21,Zacherlfabrik,PARKEN 2024 (Etat / Superpang Special) - Tag 2,Festival,19,Evol | Isabella Forciniti | Zak | CKS | Andrea Ida | Friedl Pichler,Robert Schwarz | Shilla Strelka | Bernhard Tobola,"PARKEN, Verein zur Förderung experimenteller Musik im öffentlichem Raum",MA7,Facebook Event / Social Media,PARKEN
2023-08-05,Zacherlfabrik,PARKEN 2023 - Tag 1,Festival,19,Albert Mayr | Daphne X | Jung An Tagen | Optokoppler | Lee Fraser | Inou Ki Endo | Haskii,Robert Schwarz | Shilla Strelka | Bernhard Tobola,"PARKEN, Verein zur Förderung experimenteller Musik im öffentlichem Raum",MA7,Eigenorganisation / Social Media,PARKEN
2023-08-06,Zacherlfabrik,PARKEN 2023 - Tag 2,Festival,19,Electric Indigo | [nicht dokumentiert],Robert Schwarz | Shilla Strelka | Bernhard Tobola,"PARKEN, Verein zur Förderung experimenteller Musik im öffentlichem Raum",MA7,Eigenorganisation / Social Media,PARKEN
2022-11-15,Das LOT,PARKEN Edition,Konzert,11,alfa00 (Artificial Memory Trace) | Yuzu | DJ CKS,Robert Schwarz | Shilla Strelka | Bernhard Tobola,"PARKEN, Verein zur Förderung experimenteller Musik im öffentlichem Raum",MA7,Das LOT Wien,PARKEN
2026-05-28,das LOT,LOTinConcert: Tatsuya Yoshida x Risa Takeda,Konzert,10,Tatsuya Yoshida | Risa Takeda,ECHOLOT,ECHOLOT - Kulturverein für transdisziplinäre Kunst & Artistic Research,MA7 | BMKöS | Bezirk Favoriten (10. Bezirk),https://www.lot.wien/programm,LOTinConcert
2026-09-04,das LOT,LIVE @ LOT: DUCTAPE / NECRØ,Konzert,10,DUCTAPE | NECRØ,ECHOLOT,ECHOLOT - Kulturverein für transdisziplinäre Kunst & Artistic Research,MA7 | BMKöS | Bezirk Favoriten (10. Bezirk),https://www.lot.wien/programm,LIVE@LOT
2026-09-05,das LOT,LOTinConcert: Isaac Gluten / Emma Winter,Konzert,10,Isaac Gluten | Emma Winter,ECHOLOT,ECHOLOT - Kulturverein für transdisziplinäre Kunst & Artistic Research,MA7 | BMKöS | Bezirk Favoriten (10. Bezirk),https://www.lot.wien/programm,LOTinConcert
2026-09-09,das LOT,LIVE@LOT: distraction4ever / enns,Konzert,10,distraction4ever | enns,ECHOLOT,ECHOLOT - Kulturverein für transdisziplinäre Kunst & Artistic Research,MA7 | BMKöS | Bezirk Favoriten (10. Bezirk),https://www.lot.wien/programm,LIVE@LOT
2026-09-11,das LOT,LIVE@LOT: PSYCHAMORE / RAW INFUSION,Konzert,10,PSYCHAMORE | RAW INFUSION,ECHOLOT,ECHOLOT - Kulturverein für transdisziplinäre Kunst & Artistic Research,MA7 | BMKöS | Bezirk Favoriten (10. Bezirk),https://www.lot.wien/programm,LIVE@LOT
2026-09-18,das LOT,CLUB MOSAIK – the voice,Club,10,[nicht dokumentiert],ECHOLOT,ECHOLOT - Kulturverein für transdisziplinäre Kunst & Artistic Research,MA7 | BMKöS | Bezirk Favoriten (10. Bezirk),https://www.lot.wien/programm,CLUB MOSAIK
2026-08-09,Semmelweisklinik,MØNTAGE CAMP 2026 (Round 3),Residenz,18,[nicht dokumentiert],Klub Møntage,Sandkasten Syndikat - Verein zur transkulturellen und interdisziplinären künstlerischen Vernetzung und Kulturvermittlung,MA7,https://kmon.klingt.org/dates,Klub Montage
2026-12-06,REAKTOR,LIMIN∆LE Festival,Festival,17,[nicht dokumentiert],SP•CE,sp ce. Verein zur Förderung von Kunst und Transdisziplinarität,MA7 | BMKöS,https://www.sp-ce.net/,LIMIN∆LE
