Verein,ZVR-Zahl,Bezirk,Foerderung_ref,Typ,Jahr,Betrag_EUR,Quelle,Fördergegenstand — Anmerkungen,Programm,Kurzname,Verein_key
"""Ventil"" - Verein zur Freisetzung klanglicher Innovation und Dynamik Kurztitel: Ventil",462456728,18,MA7,Beschluss,2023,8000,Kunst- Kultur- und Wissenschaftsbericht der Stadt Wien 2023,ausbezahlt: Einzelförderungen (Projekte) Musik,Konzertveranstaltungen 2. Halbjahr 2023,Ventil Records,"""ventil"" - verein zur freisetzung klanglicher innovation und dynamik kurztitel: ventil"
"""Ventil"" - Verein zur Freisetzung klanglicher Innovation und Dynamik Kurztitel: Ventil",462456728,18,BMKöS_BMWKmS,Beschluss,2023,6000,Kunst- und Kulturbericht des Bundes 2023,ausbezahlt: Musikförderung Jahresprogramme,,Ventil Records,"""ventil"" - verein zur freisetzung klanglicher innovation und dynamik kurztitel: ventil"
"""Ventil"" - Verein zur Freisetzung klanglicher Innovation und Dynamik Kurztitel: Ventil",462456728,18,MA7,Beschluss,2024,8000,Kunst- Kultur- und Wissenschaftsbericht der Stadt Wien 2024,ausbezahlt: Einzelnförderungen (Projekte) Musik,EARDRUMS,Ventil Records,"""ventil"" - verein zur freisetzung klanglicher innovation und dynamik kurztitel: ventil"
"""Ventil"" - Verein zur Freisetzung klanglicher Innovation und Dynamik Kurztitel: Ventil",462456728,18,BMKöS_BMWKmS,Beschluss,2024,4000,Kunst- und Kulturbericht des Bundes 2024,ausbezahlt: Musikförderung Jahresprogramme,,Ventil Records,"""ventil"" - verein zur freisetzung klanglicher innovation und dynamik kurztitel: ventil"
"""Ventil"" - Verein zur Freisetzung klanglicher Innovation und Dynamik Kurztitel: Ventil",462456728,18,MA7,Beschluss,2025,13000,Transparenzportal IFG 2025,"ausbezahlt: Förderung von Einzelvorhaben und Jahrestätigkeiten im Bereich der Musik
",,Ventil Records,"""ventil"" - verein zur freisetzung klanglicher innovation und dynamik kurztitel: ventil"
"""Ventil"" - Verein zur Freisetzung klanglicher Innovation und Dynamik Kurztitel:Ventil",462456728,18,MA7,Beschluss,2022,8000,Kunst- Kultur- und Wissenschaftsbericht der Stadt Wien 2022,ausbezahlt: Einzelnförderungen (Projekte) Musik,Konzertveranstaltungen 2. Halbjahr 2022.,Ventil Records,"""ventil"" - verein zur freisetzung klanglicher innovation und dynamik kurztitel: ventil"
"""Ventil"" - Verein zur Freisetzung klanglicher Innovation und Dynamik Kurztitel:Ventil",462456728,18,BMKöS_BMWKmS,Beschluss,2025,8000,Transparenzportal IFG 2025,"ausbezahlt: Musik Förderung von Vereinen, vergleichbaren Einrichtungen und Einzelpersonen ",,Ventil Records,"""ventil"" - verein zur freisetzung klanglicher innovation und dynamik kurztitel: ventil"
"""Vienna.ACTS"", Verein zur Förderung von Kunst",130944845,7,MA7,Beschluss,2022,22000,Kunst- und Kulturbericht des Bundes 2022,ausbezahlt: Einzelnförderungen (Projekte) Stadtteilkultur und Interkulturalität,Salam Orient 2022,,"""vienna.acts"", verein zur förderung von kunst"
"""Vienna.ACTS"", Verein zur Förderung von Kunst",130944845,7,MA7,Beschluss,2023,32000,Kunst- Kultur- und Wissenschaftsbericht der Stadt Wien 2023,ausbezahlt: Einzelnförderungen (Projekte) Kulturinitiativen,Salam Orient,,"""vienna.acts"", verein zur förderung von kunst"
"""Vienna.ACTS"", Verein zur Förderung von Kunst",130944845,7,BMKöS_BMWKmS,Beschluss,2023,28000,Kunst- und Kulturbericht des Bundes 2023,ausbezahlt: Kunst- und Kulturprojekte Kulturinitiativen — Ausnahme,,,"""vienna.acts"", verein zur förderung von kunst"
"""Vienna.ACTS"", Verein zur Förderung von Kunst",130944845,7,MA7,Beschluss,2024,15000,Kunst- Kultur- und Wissenschaftsbericht der Stadt Wien 2024,ausbezahlt: Festivals Musik,DE/SEMBLE Festival,,"""vienna.acts"", verein zur förderung von kunst"
"""Vienna.ACTS"", Verein zur Förderung von Kunst",130944845,7,MA7,Beschluss,2024,35000,Kunst- Kultur- und Wissenschaftsbericht der Stadt Wien 2024,ausbezahlt: Einzelnförderungen (Projekte) Kulturinitiativen,Salam Music & Arts Festival,,"""vienna.acts"", verein zur förderung von kunst"
"""Vienna.ACTS"", Verein zur Förderung von Kunst",130944845,7,BMKöS_BMWKmS,Beschluss,2024,28000,Kunst- und Kulturbericht des Bundes 2024,ausbezahlt: Kunst- und Kulturprojekte Vereine — Ausnahme,,,"""vienna.acts"", verein zur förderung von kunst"
"""Vienna.ACTS"", Verein zur Förderung von Kunst",130944845,2,BMKöS_BMWKmS,Beschluss,2024,5000,Kunst- und Kulturbericht des Bundes 2024,ausbezahlt: Musikförderung Projekte,,,"""vienna.acts"", verein zur förderung von kunst"
"""Vienna.ACTS"", Verein zur Förderung von Kunst",130944845,7,MA7,Beschluss,2025,45000,Transparenzportal IFG 2025,ausbezahlt: Förderung von Einzelnvorhaben und Jahrestätigkeiten im Bereich der Kulturinitiativen,,,"""vienna.acts"", verein zur förderung von kunst"
"""Vienna.ACTS"", Verein zur Förderung von Kunst",130944845,7,MA7,Beschluss,2025,10000,Transparenzportal IFG 2025,ausbezahlt: Förderung von Einzelnvorhaben und Jahrestätigkeiten im Bereich der Musik,,,"""vienna.acts"", verein zur förderung von kunst"
"""Vienna.ACTS"", Verein zur Förderung von Kunst",130944845,7,BMKöS_BMWKmS,Beschluss,2025,5000,Transparenzportal IFG 2025,ausbezahlt: Förderung Festspiele und ähnlichen Saisonveranstaltungen Förderungen,,,"""vienna.acts"", verein zur förderung von kunst"
"""Vienna.ACTS"", Verein zur Förderung von Kunst",130944845,7,BMKöS_BMWKmS,Beschluss,2025,56000,Transparenzportal IFG 2025,ausbezahlt: Regionale Kulturinitiativen: Förderung von Kultureinrichtungen,,,"""vienna.acts"", verein zur förderung von kunst"
"""Vienna.ACTS"", Verein zur Förderung von Kunst",130944845,7,MA7,Beschluss,2026,45000,Transparenzportal IFG 2026,ausbezahlt: Förderung von Einzelnvorhaben und Jahrestätigkeiten im Bereich der Kulturinitiativen,,,"""vienna.acts"", verein zur förderung von kunst"
"""Vienna.ACTS"", Verein zur Förderung von Kunst",130944845,7,MA7,Beschluss,2026,25000,Transparenzportal IFG 2026,ausbezahlt: Förderung von Einzelnvorhaben und Jahrestätigkeiten im Bereich der Kulturinitiativen,,,"""vienna.acts"", verein zur förderung von kunst"
A M B I T U S – Gruppe für neue Musik,228515470,17,MA7,Beschluss,2022,4000,Kunst- Kultur- und Wissenschaftsbericht der Stadt Wien 2022,ausbezahlt: Einzelnförderungen (Projekte) Musik,,,a m b i t u s – gruppe für neue musik
A M B I T U S – Gruppe für neue Musik,228515470,17,BMKöS_BMWKmS,Beschluss,2022,13500,Kunst- und Kulturbericht des Bundes 2022,ausbezahlt: Musikförderung Projekte,,,a m b i t u s – gruppe für neue musik
A M B I T U S – Gruppe für neue Musik,228515470,17,BMKöS_BMWKmS,Beschluss,2023,13500,Kunst- und Kulturbericht des Bundes 2023,ausbezahlt: Musikförderung Jahresprogramme,,,a m b i t u s – gruppe für neue musik
A M B I T U S – Gruppe für neue Musik,228515470,17,MA7,Beschluss,2024,4000,Kunst- Kultur- und Wissenschaftsbericht der Stadt Wien 2024,ausbezahlt: Einzelnförderungen (Projekte) Musik,Konzerte mit zeitgenössischer Musik,,ambitus - gruppe für neue musik
A M B I T U S – Gruppe für neue Musik,228515470,17,BMKöS_BMWKmS,Beschluss,2024,13500,Kunst- und Kulturbericht des Bundes 2024,ausbezahlt: Musikförderung Jahresprogramme,,,a m b i t u s – gruppe für neue musik
A M B I T U S – Gruppe für neue Musik,228515470,17,BMKöS_BMWKmS,Beschluss,2025,13500,Transparenzportal IFG 2025,"ausbezahlt: Musik Förderung von Vereinen, vergleichbaren Einrichtungen und Einzelpersonen 
",,,a m b i t u s – gruppe für neue musik
A M B I T U S – Gruppe für neue Musik,228515470,17,MA7,Beschluss,2026,2000,Transparenzportal IFG 2026,"ausbezahlt: Förderung von Einzelvorhaben und Jahrestätigkeiten im Bereich der Musik
",,,a m b i t u s – gruppe für neue musik
AUGEND&ADDEND - Verein zur Förderung und Erweiterung transformativer\nKlangräume und queerer Clubkultur,1799027468,18,MA7,Beschluss,2024,5000,Kunst- Kultur- und Wissenschaftsbericht der Stadt Wien 2024,ausbezahlt: Einzelnförderungen (Projekte) Musik,Equation Echo & the Transformative,Augend&Addend,augend&addend - verein zur förderung und erweiterung transformativer\nklangräume und queerer clubkultur
AUGEND&ADDEND - Verein zur Förderung und Erweiterung transformativer\nKlangräume und queerer Clubkultur,1799027468,18,MA7,Beschluss,2025,16500,Transparenzportal IFG 2025,ausbezahlt: Förderung von Einzelvorhaben und Jahrestätigkeiten im Bereich der Musik,,,augend&addend - verein zur förderung und erweiterung transformativer klangräume und queerer clubkultur
AUGEND&ADDEND - Verein zur Förderung und Erweiterung transformativer\nKlangräume und queerer Clubkultur,1799027468,18,MA7,Beschluss,2025,3700,Transparenzportal IFG 2025,"ausbezahlt: Musik Förderung von Vereinen, vergleichbaren Einrichtungen und Einzelpersonen 
",,,augend&addend - verein zur förderung und erweiterung transformativer klangräume und queerer clubkultur
AUGEND&ADDEND - Verein zur Förderung und Erweiterung transformativer\nKlangräume und queerer Clubkultur,1799027468,18,MA7,Beschluss,2026,2000,Transparenzportal IFG 2026,ausbezahlt: Förderung von Einzelvorhaben und Jahrestätigkeiten im Bereich der Musik,,,augend&addend - verein zur förderung und erweiterung transformativer klangräume und queerer clubkultur
AUGEND&ADDEND - Verein zur Förderung und Erweiterung transformativer\nKlangräume und queerer Clubkultur,1799027468,16,BMKöS_BMWKmS,Beschluss,2026,9500,Transparenzportal IFG 2026,"ausbezahlt: Musik Förderung von Vereinen, vergleichbaren Einrichtungen und Einzelpersonen ",,Augend&Addend,augend&addend - verein zur förderung und erweiterung transformativer\nklangräume und queerer clubkultur
Alexander Eberhard,[Einzelperson],3,MA7,Beschluss,2022,7500,Kunst- Kultur- und Wissenschaftsbericht der Stadt Wien 2022,ausbezahlt: Einzelnförderungen (Projekte) Musik,,,alexander eberhard
Alexander Eberhard,[Einzelperson],3,BMKöS_BMWKmS,Beschluss,2022,5000,Kunst- und Kulturbericht des Bundes 2022,ausbezahlt: Musikförderung Projekte,,,alexander eberhard
Alexander Eberhard,[Einzelperson],3,MA7,Beschluss,2023,7000,Kunst- Kultur- und Wissenschaftsbericht der Stadt Wien 2023,ausbezahlt: Einzelnförderungen (Projekte) Musik,,,alexander eberhard
Alexander Eberhard,[Einzelperson],3,BMKöS_BMWKmS,Beschluss,2023,5000,Kunst- und Kulturbericht des Bundes 2023,ausbezahlt: Musikförderung Jahresprogramme,,,alexander eberhard
"Althangrund - Verein für Kultur-, Wohn- und Sozialraum für Alle, Kurzform Althangrund für alle!",1170816400,9,MA7,Beschluss,2024,5000,Kunst- Kultur- und Wissenschaftsbericht der Stadt Wien 2024,ausbezahlt: Einzelnförderungen (Projekte) Musik,This is our Dancefloor,,"althangrund - verein für kultur-, wohn- und sozialraum für alle, kurzform:\nalthangrund für alle!"
"Althangrund - Verein für Kultur-, Wohn- und Sozialraum für Alle, Kurzform: Althangrund für alle!",1170816400,9,MA7,Beschluss,2023,5000,Kunst- Kultur- und Wissenschaftsbericht der Stadt Wien 2023,ausbezahlt: Einzelförderungen (Projekte) Musik,This is our dancefloor! 2023,,"althangrund - verein für kultur-, wohn- und sozialraum für alle, kurzform:\nalthangrund für alle!"
"Althangrund - Verein für Kultur-, Wohn- und Sozialraum für Alle, Kurzform: Althangrund für alle!",1170816400,9,MA7,Beschluss,2025,38000,Transparenzportal IFG 2025,ausbezahlt: Förderung von Einzelvorhaben und Jahrestätigkeiten im Bereich der Kulturinitiativen,,,"althangrund - verein für kultur-, wohn- und sozialraum für alle, kurzform:\nalthangrund für alle!"
"Althangrund - Verein für Kultur-, Wohn- und Sozialraum für Alle, Kurzform: Althangrund für alle!",1170816400,9,MA7,Beschluss,2025,5000,Transparenzportal IFG 2025,ausbezahlt: Förderung von Einzelvorhaben und Jahrestätigkeiten im Bereich der Musik,,,"althangrund - verein für kultur-, wohn- und sozialraum für alle, kurzform:\nalthangrund für alle!"
"Althangrund - Verein für Kultur-, Wohn- und Sozialraum für Alle, Kurzform: Althangrund für alle!",1170816400,9,MA7,Beschluss,2026,38000,Transparenzportal IFG 2026,ausbezahlt: Förderung von Einzelvorhaben und Jahrestätigkeiten im Bereich der Kulturinitiativen,,,"althangrund - verein für kultur-, wohn- und sozialraum für alle, kurzform:\nalthangrund für alle!"
Antunes de Menezes Melissa,[Einzelperson],[nicht dokumentiert],MA7,Beschluss,2022,4000,Kunst- Kultur- und Wissenschaftsbericht der Stadt Wien 2022,ausbezahlt: Einzelnförderungen (Projekte) Musik,"Tender Matter, The Future Konzertreihe",,antunes de menezes melissa
Antunes de Menezes Melissa,[Einzelperson],[nicht dokumentiert],MA7,Beschluss,2023,6000,Kunst- Kultur- und Wissenschaftsbericht der Stadt Wien 2023,ausbezahlt: Einzelnförderungen (Projekte) Musik,TENDER MATTER Konzertreihe,,antunes de menezes melissa
Antunes de Menezes Melissa,[Einzelperson],[nicht dokumentiert],BMKöS_BMWKmS,Beschluss,2023,5000,Kunst- und Kulturbericht des Bundes 2023,ausbezahlt: Musikförderung Projekte,Tender Matter Presents,,antunes de menezes melissa
Antunes de Menezes Melissa,[Einzelperson],[nicht dokumentiert],BMKöS_BMWKmS,Beschluss,2024,6000,Kunst- und Kulturbericht des Bundes 2024,ausbezahlt: Musikförderung Jahresprogramme,,,antunes de menezes melissa
Antunes de Menezes Melissa,[Einzelperson],3,MA7,Beschluss,2024,5000,Kunst- Kultur- und Wissenschaftsbericht der Stadt Wien 2024,ausbezahlt: Einzelnförderungen (Projekte) Musik,TENDER MATTER Programm,,antunes de menezes melissa
Aufführungen Neuer Musik,291788114,3,BMKöS_BMWKmS,Beschluss,2022,5000,Kunst- und Kulturbericht des Bundes 2022,ausbezahlt: Musikförderung Jahresprogramme,cercle – konzertreihe für neue musik,,aufführungen neuer musik
Aufführungen Neuer Musik,291788114,3,MA7,Beschluss,2022,3500,Kunst- Kultur- und Wissenschaftsbericht der Stadt Wien 2022,ausbezahlt: Einzelnförderungen (Projekte) Musik,cercle – konzertreihe für neue musik,,aufführungen neuer musik
Aufführungen Neuer Musik,291788114,3,BMKöS_BMWKmS,Beschluss,2023,5000,Kunst- und Kulturbericht des Bundes 2023,ausbezahlt: Musikförderung Jahresprogramme,cercle – konzertreihe für neue musik,,aufführungen neuer musik
Aufführungen Neuer Musik,291788114,3,MA7,Beschluss,2023,3500,Kunst- Kultur- und Wissenschaftsbericht der Stadt Wien 2023,ausbezahlt: Einzelnförderungen (Projekte) Musik,cercle – konzertreihe für neue musik,,aufführungen neuer musik
Aufführungen Neuer Musik,291788114,3,MA7,Beschluss,2024,3500,Kunst- Kultur- und Wissenschaftsbericht der Stadt Wien 2024,ausbezahlt: Einzelnförderungen (Projekte) Musik,cercle – konzertreihe für neue musik,,aufführungen neuer musik
Aufführungen Neuer Musik,291788114,3,BMKöS_BMWKmS,Beschluss,2024,5000,Kunst- und Kulturbericht des Bundes 2024,ausbezahlt: Musikförderung Jahresprogramme,cercle – konzertreihe für neue musik,,aufführungen neuer musik
Aufführungen Neuer Musik,291788114,3,MA7,Beschluss,2025,3500,Transparenzportal IFG 2025,ausbezahlt: Förderung von Einzelvorhaben und Jahrestätigkeiten im Bereich der Musik,cercle – konzertreihe für neue musik,,aufführungen neuer musik
Aufführungen Neuer Musik,291788114,3,BMKöS_BMWKmS,Beschluss,2025,5000,Transparenzportal IFG 2025,"ausbezahlt: Musik Förderung von Vereinen, vergleichbaren Einrichtungen und Einzelpersonen",cercle – konzertreihe für neue musik,,aufführungen neuer musik
"Bestand - Verein zur Vermittlung und Förderung von Musik, Kunst und Kultur",1579908762,8,MA7,Beschluss,2024,5000,Kunst- Kultur- und Wissenschaftsbericht der Stadt Wien 2024,ausbezahlt: Einzelnförderungen (Projekte) Musik,Made Up Realities,,"bestand - verein zur vermittlung und förderung von musik, kunst und kultur"
"Bestand - Verein zur Vermittlung und Förderung von Musik, Kunst und Kultur",1579908762,8,MA7,Beschluss,2025,15000,Transparenzportal IFG 2025,ausbezahlt: Förderung von Einzelnvorhaben im Bereich der Musik  ,,,"bestand - verein zur vermittlung und förderung von musik, kunst und kultur"
"Bestand - Verein zur Vermittlung und Förderung von Musik, Kunst und Kultur",1579908762,8,MA7,Beschluss,2026,20500,Transparenzportal IFG 2026,ausbezahlt: Förderung von Einzelnvorhaben im Bereich der Musik  ,,,"bestand - verein zur vermittlung und förderung von musik, kunst und kultur"
Between Feathers,1931401223,14,MA7,Beschluss,2024,11000,Kunst- Kultur- und Wissenschaftsbericht der Stadt Wien 2024,ausbezahlt: Gesamtförderungen (Jahrestätigkeit) Musik,,,between feathers
Between Feathers,1931401223,14,MA7,Beschluss,2024,3000,Kunst- Kultur- und Wissenschaftsbericht der Stadt Wien 2024,ausbezahlt: Einzelnförderungen (Projekte) Musik,V,between feathers,between feathers
Between Feathers,1931401223,14,BMKöS_BMWKmS,Beschluss,2022,6000,Kunst- und Kulturbericht des Bundes 2022,ausbezahlt: Musikförderung Jahresprogramme,,,between feathers
Between Feathers,1931401223,14,BMKöS_BMWKmS,Beschluss,2022,7500,Kunst- und Kulturbericht des Bundes 2022,ausbezahlt: Musikförderung Projekte,,,between feathers
Between Feathers,1931401223,14,MA7,Beschluss,2023,10000,Kunst- Kultur- und Wissenschaftsbericht der Stadt Wien 2023,ausbezahlt: Orchester & Ensembles Musik,,,between feathers
Between Feathers,1931401223,14,BMKöS_BMWKmS,Beschluss,2023,12000,Kunst- und Kulturbericht des Bundes 2023,ausbezahlt: Musikförderung Jahresprogramme,,,between feathers
Between Feathers,1931401223,14,BMKöS_BMWKmS,Beschluss,2023,4000,Kunst- und Kulturbericht des Bundes 2023,ausbezahlt: Musikförderung Projekte — Kompositionsförderung,,,between feathers
Between Feathers,1931401223,14,MA7,Beschluss,2022,4000,Kunst- Kultur- und Wissenschaftsbericht der Stadt Wien 2022,ausbezahlt: Einzelförderungen (Projekte) Musik,Alienation,,between feathers
Between Feathers,1931401223,14,MA7,Beschluss,2022,7500,Kunst- Kultur- und Wissenschaftsbericht der Stadt Wien 2022,ausbezahlt: Orchester & Ensemble — Halbjahresprogramm Herbst 2022,,,between feathers
Between Feathers,1931401223,14,BMKöS_BMWKmS,Beschluss,2024,13000,Kunst- und Kulturbericht des Bundes 2024,ausbezahlt: Musikförderung Jahresprogramme,,,between feathers
Between Feathers,1931401223,14,MA7,Beschluss,2025,14000,Transparenzportal IFG 2025,ausbezahlt: Förderung von Einzelvorhaben und Jahrestätigkeiten im Bereich der Musik,,,between feathers
Between Feathers,1931401223,14,BMKöS_BMWKmS,Beschluss,2025,13000,Transparenzportal IFG 2025,"ausbezahlt: Musik Förderung von Vereinen, vergleichbaren Einrichtungen und Einzelpersonen",,,between feathers
Between Feathers,1931401223,14,MA7,Beschluss,2026,12000,Transparenzportal IFG 2026,ausbezahlt: Förderung von Einzelvorhaben und Jahrestätigkeiten im Bereich der Musik,,,between feathers
Between Feathers,1931401223,14,BMKöS_BMWKmS,Beschluss,2026,30000,Transparenzportal IFG 2026,"ausbezahlt: Musik Förderung von Vereinen, vergleichbaren Einrichtungen und Einzelpersonen",,,between feathers
Central Garden,17183473,2,MA7,Beschluss,2022,5000,Kunst- Kultur- und Wissenschaftsbericht der Stadt Wien 2022,ausbezahlt: Festivals Musik,Kanal #41.2,,central garden
Central Garden,17183473,2,MA7,Beschluss,2024,4000,Kunst- Kultur- und Wissenschaftsbericht der Stadt Wien 2024,ausbezahlt: Einzelförderungen (Projekte) Musik,Kanal 41.3,,central garden
Central Garden,17183473,2,MA7,Beschluss,2025,14000,Transparenzportal IFG 2025,ausbezahlt: Förderung von Einzelvorhaben und Jahrestätigkeiten im Bereich der Musik,,,central garden
Central Garden,17183473,2,BMKöS_BMWKmS,Beschluss,2025,13000,Transparenzportal IFG 2025,"ausbezahlt: Musik Förderung von Vereinen, vergleichbaren Einrichtungen und Einzelpersonen",,,central garden
Central Garden,17183473,2,MA7,Beschluss,2026,12000,Transparenzportal IFG 2026,ausbezahlt: Förderung von Einzelvorhaben und Jahrestätigkeiten im Bereich der Musik,,,central garden
Central Garden,17183473,2,BMKöS_BMWKmS,Beschluss,2026,30000,Transparenzportal IFG 2026,"ausbezahlt: Musik Förderung von Vereinen, vergleichbaren Einrichtungen und Einzelpersonen",,,central garden
ECHOLOT - Kulturverein für transdisziplinäre Kunst & Artistic Research,1870448466,10,MA7,Beschluss,2022,30000,Kunst- Kultur- und Wissenschaftsbericht der Stadt Wien 2022,ausbezahlt: Einzelnförderungen (Projekte) Stadtteilkultur und Interkulturalität,"ECHOLOT – Veranstaltungsreihe – 1. Halbjahr | ECHOLOT – Veranstaltungsreihe – 2. Halbjahr
",,echolot - kulturverein für transdisziplinäre kunst & artistic research
ECHOLOT - Kulturverein für transdisziplinäre Kunst & Artistic Research,1870448466,10,BMKöS_BMWKmS,Beschluss,2022,5000,Kunst- und Kulturbericht des Bundes 2022,ausbezahlt: Kunst- und Kulturprojekte Vereine — Ausnahme,Artwalk,,echolot - kulturverein für transdisziplinäre kunst & artistic research
ECHOLOT - Kulturverein für transdisziplinäre Kunst & Artistic Research,1870448466,10,BMKöS_BMWKmS,Beschluss,2022,4900,Kunst- und Kulturbericht des Bundes 2022,ausbezahlt: Ukrainehilfe Projekte Vereine,,,echolot - kulturverein für transdisziplinäre kunst & artistic research
ECHOLOT - Kulturverein für transdisziplinäre Kunst & Artistic Research,1870448466,10,MA7,Beschluss,2023,44000,Kunst- Kultur- und Wissenschaftsbericht der Stadt Wien 2023,ausbezahlt: Gesamtförderung (Jahrestätigkeit) Kulturinitiativen,,,echolot - kulturverein für transdisziplinäre kunst & artistic research
ECHOLOT - Kulturverein für transdisziplinäre Kunst & Artistic Research,1870448466,10,BMKöS_BMWKmS,Beschluss,2023,10000,Kunst- und Kulturbericht des Bundes 2023,ausbezahlt: Kulturprogramme und -vermittlung Vereine,,,echolot - kulturverein für transdisziplinäre kunst & artistic research
ECHOLOT - Kulturverein für transdisziplinäre Kunst & Artistic Research,1870448466,10,MA7,Beschluss,2024,8000,Kunst- Kultur- und Wissenschaftsbericht der Stadt Wien 2024,ausbezahlt: Einzelnförderungen (Projekte) Musik,SOUNDSPACE - Die Musiksparte im Jahresprogramm von ECHOLOT,,echolot - kulturverein für transdisziplinäre kunst & artistic research
ECHOLOT - Kulturverein für transdisziplinäre Kunst & Artistic Research,1870448466,10,MA7,Beschluss,2024,48000,Kunst- Kultur- und Wissenschaftsbericht der Stadt Wien 2024,ausbezahlt: Gesamtförderung (Jahrestätigkeit) Kulturinitiativen,,,echolot - kulturverein für transdisziplinäre kunst & artistic research
ECHOLOT - Kulturverein für transdisziplinäre Kunst & Artistic Research,1870448466,10,BMKöS_BMWKmS,Beschluss,2024,10500,Kunst- und Kulturbericht des Bundes 2024,ausbezahlt: Kulturprogramme und -vermittlung Vereine,,,echolot - kulturverein für transdisziplinäre kunst & artistic research
ECHOLOT - Kulturverein für transdisziplinäre Kunst & Artistic Research,1870448466,10,BMKöS_BMWKmS,Beschluss,2025,12000,Transparenzportal IFG 2025,ausbezahlt: Kulturprogramme und -vermittlung Vereine,,,echolot - kulturverein für transdisziplinäre kunst & artistic research
ECHOLOT - Kulturverein für transdisziplinäre Kunst & Artistic Research,1870448466,10,MA7,Beschluss,2025,10000,Transparenzportal IFG 2025,ausbezahlt: Förderung von Einzelvorhaben und Jahrestätigkeiten im Bereich der Musik,,,echolot - kulturverein für transdisziplinäre kunst & artistic research
ECHOLOT - Kulturverein für transdisziplinäre Kunst & Artistic Research,1870448466,10,MA7,Beschluss,2025,48000,Transparenzportal IFG 2025,ausbezahlt: Förderung von Einzelvorhaben und Jahrestätigkeiten im Bereich der Kulturinitiativen,,,echolot - kulturverein für transdisziplinäre kunst & artistic research
ECHOLOT - Kulturverein für transdisziplinäre Kunst & Artistic Research,1870448466,10,BMKöS_BMWKmS,Beschluss,2026,12000,Transparenzportal IFG 2026,ausbezahlt: Regionale Kulturinitiativen Förderung von Kultureinrichtungen ,,,echolot - kulturverein für transdisziplinäre kunst & artistic research
ECHOLOT - Kulturverein für transdisziplinäre Kunst & Artistic Research,1870448466,10,MA7,Beschluss,2026,48000,Transparenzportal IFG 2026,ausbezahlt: Förderung von Einzelvorhaben und Jahrestätigkeiten im Bereich der Kulturinitiativen,,,echolot - kulturverein für transdisziplinäre kunst & artistic research
ECHOLOT - Kulturverein für transdisziplinäre Kunst & Artistic Research,1870448466,10,MA7,Beschluss,2026,9000,Transparenzportal IFG 2026,ausbezahlt: Förderung von Einzelvorhaben und Jahrestätigkeiten im Bereich der Musik,,,echolot - kulturverein für transdisziplinäre kunst & artistic research
ECHOLOT - Kulturverein für transdisziplinäre Kunst & Artistic Research,1870448466,10,MA7,Beschluss,2026,4850,Transparenzportal IFG 2026,ausbezahlt: Förderung von Integrations und Diversitätsrelevanten Projekten,,,echolot - kulturverein für transdisziplinäre kunst & artistic research
Engelsharfen+Teufelsgeigen - Verein zur Förderung innovativer musikalischer und performativer Formate,1381900586,5,MA7,Beschluss,2024,4000,Kunst- Kultur- und Wissenschaftsbericht der Stadt Wien 2024,ausbezahlt: Einzelnförderungen (Projekte) Musik,,,engelsharfen+teufelsgeigen - verein zur förderung innovativer musikalischer und performativer formate
Engelsharfen+Teufelsgeigen - Verein zur Förderung innovativer musikalischer und performativer Formate,1381900586,5,MA7,Beschluss,2025,3000,Transparenzportal IFG 2025,ausbezahlt: Förderung von Einzelvorhaben und Jahrestätigkeiten im Bereich der Musik,,,engelsharfen+teufelsgeigen - verein zur förderung innovativer musikalischer und performativer formate
Engelsharfen+Teufelsgeigen - Verein zur Förderung innovativer musikalischer und performativer Formate,1381900586,5,MA7,Beschluss,2026,3000,Transparenzportal IFG 2026,ausbezahlt: Förderung von Einzelvorhaben und Jahrestätigkeiten im Bereich der Musik,,,engelsharfen+teufelsgeigen - verein zur förderung innovativer musikalischer und performativer formate
Engelsharfen+Teufelsgeigen - Verein zur Förderung innovativer musikalischer und performativer Formate,1381900586,5,BMKöS_BMWKmS,Beschluss,2026,5000,Transparenzportal IFG 2026,"ausbezahlt: Musik Förderung von Vereinen, vergleichbaren Einrichtungen und Einzelpersonen",,,engelsharfen+teufelsgeigen - verein zur förderung innovativer musikalischer und performativer formate
"ExMachinisMusicae: Verein zur Förderung von transdisziplinärer, transkultureller\nund transmedialer Kunst",1961147729,14,MA7,Beschluss,2024,3500,Kunst- Kultur- und Wissenschaftsbericht der Stadt Wien 2024,ausbezahlt: Einzelnförderungen (Projekte) Musik,EMM an der Hohen Wand,ExMachinisMusicae,"exmachinismusicae: verein zur förderung von transdisziplinärer, transkultureller\nund transmedialer kunst"
"ExMachinisMusicae: Verein zur Förderung von transdisziplinärer, transkultureller\nund transmedialer Kunst",1961147729,13,MA7,Beschluss,2025,3000,Transparenzportal IFG 2025,ausbezahlt: Förderung von Einzelvorhaben und Jahrestätigkeiten im Bereich der Kulturinitiativen,,,"exmachinismusicae: verein zur förderung von transdisziplinärer, transkultureller\nund transmedialer kunst"
"ExMachinisMusicae: Verein zur Förderung von transdisziplinärer, transkultureller\nund transmedialer Kunst",1961147729,13,MA7,Beschluss,2025,1500,Transparenzportal IFG 2025,ausbezahlt: Förderung von Einzelvorhaben und Jahrestätigkeiten im Bereich der Musik,,,"exmachinismusicae: verein zur förderung von transdisziplinärer, transkultureller\nund transmedialer kunst"
"ExMachinisMusicae: Verein zur Förderung von transdisziplinärer, transkultureller\nund transmedialer Kunst",1961147729,13,MA7,Beschluss,2026,4000,Transparenzportal IFG 2026,ausbezahlt: Förderung von Einzelvorhaben und Jahrestätigkeiten im Bereich der Kulturinitiativen,,,"exmachinismusicae: verein zur förderung von transdisziplinärer, transkultureller\nund transmedialer kunst"
FAM Kulturverein,1490968765,Klagenfurt,MA7,Beschluss,2022,3000,Kunst- und Kulturbericht des Bundes 2022,"ausbezahlt: Film, Kino – Einzelnförderungen (Projekte)",NAWA music & film festival 2022,,fam kulturverein
FAM Kulturverein,1490968765,Klagenfurt,MA7,Beschluss,2022,8000,Kunst- und Kulturbericht des Bundes 2022,ausbezahlt: Einzelnförderungen (Projekte) Stadtteilkultur und Interkulturalität,nawa music & film Festival,,fam kulturverein
FAM Kulturverein,1490968765,Klagenfurt,BMKöS_BMWKmS,Beschluss,2022,8000,Kunst- und Kulturbericht des Bundes 2022,ausbezahlt: Kunst- und Kulturprojekte Vereine — Ausnahme,nawa music & film festival ,nawa music,fam kulturverein
FAM Kulturverein,1490968765,Klagenfurt,MA7,Beschluss,2024,30000,Kunst- und Kulturbericht des Bundes 2024,ausbezahlt: Einzelnförderungen (Projekte) Kulturinitiativen,NAWA FESTIVAL – music and film festival,,fam kulturverein
FAM Kulturverein,1490968765,Klagenfurt,BMKöS_BMWKmS,Beschluss,2024,10000,Kunst- und Kulturbericht des Bundes 2024,ausbezahlt: Kunst- und Kulturprojekte Vereine — Ausnahme,NAWA Festival,,fam kulturverein
FAM Kulturverein,1490968765,Klagenfurt,MA7,Beschluss,2025,27000,Transparenzportal IFG 2025,ausbezahlt: Förderung von Einzelnvorhaben und Jahrestätigkeiten im Bereich der Musik,,,fam kulturverein
FAM Kulturverein,1490968765,Klagenfurt,BMKöS_BMWKmS,Beschluss,2025,9000,Transparenzportal IFG 2025,ausbezahlt: Regionale Kulturinitiativen Förderung von Kultureinrichtungen ,,,fam kulturverein
FAM Kulturverein,1490968765,Klagenfurt,MA7,Beschluss,2026,27000,Transparenzportal IFG 2026,ausbezahlt: Förderung von Einzelvorhaben und Jahrestätigkeiten im Bereich der Kulturinitiativen,,,fam kulturverein
FAM Kulturverein,1490968765,Klagenfurt,BMKöS_BMWKmS,Beschluss,2026,9000,Transparenzportal IFG 2026,ausbezahlt: Regionale Kulturinitiativen Förderung von Kultureinrichtungen ,,,fam kulturverein
"Floating Sound Gallery Vienna, Verein zur Förderung von Kunst und Kultur",1534373870,20,MA7,Beschluss,2022,3000,Kunst- und Kulturbericht des Bundes 2022,ausbezahlt: Einzelnförderungen (Projekte) Stadtteilkultur und Interkulturalität,Circuit Fantôme,Floating Sound Gallery Vienna,"floating sound gallery vienna, verein zur förderung von kunst und kultur"
"Floating Sound Gallery Vienna, Verein zur Förderung von Kunst und Kultur",1534373870,20,MA7,Beschluss,2023,9000,Kunst- Kultur- und Wissenschaftsbericht der Stadt Wien 2023,ausbezahlt: Einzelnförderungen (Projekte) Musik,"ACOUSMONIUM | CIRCUIT FANTÔME
",Floating Sound Gallery Vienna,"floating sound gallery vienna, verein zur förderung von kunst und kultur"
"Floating Sound Gallery Vienna, Verein zur Förderung von Kunst und Kultur",1534373870,20,BMKöS_BMWKmS,Beschluss,2023,4000,Kunst- und Kulturbericht des Bundes 2023,ausbezahlt: Musikförderung Projekte,,Floating Sound Gallery Vienna,"floating sound gallery vienna, verein zur förderung von kunst und kultur"
"Floating Sound Gallery Vienna, Verein zur Förderung von Kunst und Kultur",1534373870,20,MA7,Beschluss,2024,9000,Kunst- Kultur- und Wissenschaftsbericht der Stadt Wien 2024,ausbezahlt: Einzelnförderungen (Projekte) Musik,Vereinsaktivitäten „Floating Sound Gallery Vienna“,Floating Sound Gallery Vienna,"floating sound gallery vienna, verein zur förderung von kunst und kultur"
"Floating Sound Gallery Vienna, Verein zur Förderung von Kunst und Kultur",1534373870,20,BMKöS_BMWKmS,Beschluss,2024,5000,Kunst- und Kulturbericht des Bundes 2024,ausbezahlt: Musikförderung Projekte,,Floating Sound Gallery Vienna,"floating sound gallery vienna, verein zur förderung von kunst und kultur"
"Floating Sound Gallery Vienna, Verein zur Förderung von Kunst und Kultur",1534373870,20,MA7,Beschluss,2025,9000,Transparenzportal IFG 2025,ausbezahlt: Förderung von Einzelvorhaben und Jahrestätigkeiten im Bereich der Musik,,Floating Sound Gallery Vienna,"floating sound gallery vienna, verein zur förderung von kunst und kultur"
"Floating Sound Gallery Vienna, Verein zur Förderung von Kunst und Kultur",1534373870,20,MA7,Beschluss,2025,8000,Transparenzportal IFG 2025,"ausbezahlt: Musik Förderung von Vereinen, vergleichbaren Einrichtungen und Einzelpersonen",,Floating Sound Gallery Vienna,"floating sound gallery vienna, verein zur förderung von kunst und kultur"
"Floating Sound Gallery Vienna, Verein zur Förderung von Kunst und Kultur",1534373870,20,MA7,Beschluss,2026,8000,Transparenzportal IFG 2026,ausbezahlt: Förderung von Einzelvorhaben und Jahrestätigkeiten im Bereich der Musik,,Floating Sound Gallery Vienna,"floating sound gallery vienna, verein zur förderung von kunst und kultur"
"Floating Sound Gallery Vienna, Verein zur Förderung von Kunst und Kultur",1534373870,20,MA7,Beschluss,2026,16000,Transparenzportal IFG 2026,"ausbezahlt: Musik Förderung von Vereinen, vergleichbaren Einrichtungen und Einzelpersonen",,Floating Sound Gallery Vienna,"floating sound gallery vienna, verein zur förderung von kunst und kultur"
Hjalmar Al-Serori,Einzelnperson,5,MA7,Beschluss,2023,23000,Kunst- Kultur- und Wissenschaftsbericht der Stadt Wien 2023,ausbezahlt: Einzelnförderungen (Projekte) Musik – Venue:Celeste,Sommersaison | 10+25 Jahre celeste,,hjalmar al-serori
Hjalmar Al-Serori,[Einzelperson],5,MA7,Beschluss,2024,12000,Kunst- Kultur- und Wissenschaftsbericht der Stadt Wien 2024,ausbezahlt: Einzelnförderungen (Projekte) Musik – Venue:Celeste,Celeste Programm,,hjalmar al-serori
Hjalmar Al-Serori,[Einzelperson],5,MA7,Beschluss,2026,7000,Transparenzportal IFG 2026,ausbezahlt: Einzelnförderungen (Projekte) Musik ,,,hjalmar al-serori
IMPROPER WALLS – Kulturverein zur Förderung von Kunst und soziokulturellen Initiativen,97711962,15,MA7,Beschluss,2022,3000,Kunst- Kultur- und Wissenschaftsbericht der Stadt Wien 2022,ausbezahlt: Einzelförderungen (Projekte) Musik,IMPROPER SESSIONS,improper walls,improper walls – kulturverein zur förderung von kunst und soziokulturellen initiativen
IMPROPER WALLS – Kulturverein zur Förderung von Kunst und soziokulturellen Initiativen,97711962,15,MA7,Beschluss,2022,20000,Kunst- Kultur- und Wissenschaftsbericht der Stadt Wien 2022,ausbezahlt: Einzelförderungen (Projekte) Musik Stadtteilkultur und Interkulturalität,,improper walls,improper walls – kulturverein zur förderung von kunst und soziokulturellen initiativen
IMPROPER WALLS – Kulturverein zur Förderung von Kunst und soziokulturellen Initiativen,97711962,15,MA7,Beschluss,2023,22000,Kunst- Kultur- und Wissenschaftsbericht der Stadt Wien 2023,ausbezahlt: Gesamtförderungen (Jahrestätigkeit) Kulturinitiativen,,improper walls,improper walls – kulturverein zur förderung von kunst und soziokulturellen initiativen
IMPROPER WALLS – Kulturverein zur Förderung von Kunst und soziokulturellen Initiativen,97711962,15,MA7,Beschluss,2024,22000,Kunst- Kultur- und Wissenschaftsbericht der Stadt Wien 2024,ausbezahlt: Gesamtförderungen (Jahrestätigkeit) Kulturinitiativen,,improper walls,improper walls – kulturverein zur förderung von kunst und soziokulturellen initiativen
IMPROPER WALLS – Kulturverein zur Förderung von Kunst und soziokulturellen Initiativen,97711962,15,MA7,Beschluss,2025,27000,Transparenzportal IFG 2025,ausbezahlt: Förderung von Einzelnvorhaben und Jahrestätigkeiten im Bereich der Kulturinitiativen,,improper walls,improper walls – kulturverein zur förderung von kunst und soziokulturellen initiativen
Jazz & Musicclub Porgy & Bess,79072322,4,MA7,Beschluss,2022,140000,Kunst- und Kulturbericht des Bundes 2022,ausbezahlt: Gesamtförderung Musik,,Porgy & Bess,jazz & musicclub porgy & bess
Jazz & Musicclub Porgy & Bess,79072322,4,BMKöS_BMWKmS,Beschluss,2022,163200,Kunst- und Kulturbericht des Bundes 2022,ausbezahlt: Musikförderung Jahresprogramme,,Porgy & Bess,jazz & musicclub porgy & bess
Jazz & Musicclub Porgy & Bess,79072322,4,MA7,Beschluss,2023,170000,Kunst- Kultur- und Wissenschaftsbericht der Stadt Wien 2023,ausbezahlt: Gesamtförderungen (Jahrestätigkeit),,Porgy & Bess,jazz & musicclub porgy & bess
Jazz & Musicclub Porgy & Bess,79072322,4,BMKöS_BMWKmS,Beschluss,2023,175000,Kunst- und Kulturbericht des Bundes 2023,ausbezahlt: Musikförderung Jahresprogramme,,Porgy & Bess,jazz & musicclub porgy & bess
Jazz & Musicclub Porgy & Bess,79072322,4,MA7,Beschluss,2024,170000,Kunst- Kultur- und Wissenschaftsbericht der Stadt Wien 2024,ausbezahlt: Gesamtförderungen (Jahrestätigkeit) — Mehrjährige Gesamtförderung 2024-2025,,Porgy & Bess,jazz & musicclub porgy & bess
Jazz & Musicclub Porgy & Bess,79072322,4,BMKöS_BMWKmS,Beschluss,2024,175000,Kunst- und Kulturbericht des Bundes 2024,ausbezahlt: Musikförderung Jahresprogramme,,Porgy & Bess,jazz & musicclub porgy & bess
Jazz & Musicclub Porgy & Bess,79072322,4,MA7,Beschluss,2025,170000,Transparenzportal IFG 2025,ausbezahlt: Förderung von Einzelnvorhaben und Jahrestätigkeiten im Bereich der Musik,,Porgy & Bess,jazz & musicclub porgy & bess
Jazz & Musicclub Porgy & Bess,79072322,4,BMKöS_BMWKmS,Beschluss,2025,350000,Transparenzportal IFG 2025,"ausbezahlt: Musik Förderung von Vereinen, vergleichbaren Einrichtungen und Einzelpersonen",,Porgy & Bess,jazz & musicclub porgy & bess
Jazz & Musicclub Porgy & Bess,79072322,4,MA7,Beschluss,2026,170000,Transparenzportal IFG 2026 — Gemeinderatsbeschluss Wien (Sitzung 2.12.2025) ,ausbezahlt: Förderung von Einzelnvorhaben und Jahrestätigkeiten im Bereich der Musik,,Porgy & Bess,jazz & musicclub porgy & bess
JazzWerkstatt Wien,59191016,20,MA7,Beschluss,2024,35000,Kunst- Kultur- und Wissenschaftsbericht der Stadt Wien 2024,ausbezahlt: Einzelnförderungen (Projekte) Musik,20 Jahre JazzWerkstatt Wien 30.000 + Erhöhung 5.000,JazzWerkstatt Wien,jazzwerkstatt wien
JazzWerkstatt Wien,59191016,20,BMKöS_BMWKmS,Beschluss,2024,38500,Kunst- und Kulturbericht des Bundes 2024,ausbezahlt: Musikförderung Jahresprogramme,,JazzWerkstatt Wien,jazzwerkstatt wien
Joanna Coleman (KEINPONNY),[Einzelperson],[nicht dokumentiert],MA7,Beschluss,2024,2000,Kunst- Kultur- und Wissenschaftsbericht der Stadt Wien 2024,ausbezahlt: Einzelnförderungen (Projekte) Musik,KEINPONNY,,joanna coleman (keinponny)
Klang.Kunst.Etage - Verein für experimentelle Musik und Kunstprojekte,539978143,2,MA7,Beschluss,2022,20000,Kunst- Kultur- und Wissenschaftsbericht der Stadt Wien 2022,ausbezahlt: Orchester & Ensembles Musik,Vienna Improvisers Orchestra,,klang.kunst.etage - verein für experimentelle musik und kunstprojekte
Klang.Kunst.Etage - Verein für experimentelle Musik und Kunstprojekte,539978143,2,BMKöS_BMWKmS,Beschluss,2022,4000,Kunst- und Kulturbericht des Bundes 2022,ausbezahlt: Musikförderung Jahresprogramme,,,klang.kunst.etage - verein für experimentelle musik und kunstprojekte
Klang.Kunst.Etage - Verein für experimentelle Musik und Kunstprojekte,539978143,2,MA7,Beschluss,2023,24000,Kunst- Kultur- und Wissenschaftsbericht der Stadt Wien 2023,ausbezahlt: Orchester & Ensembles Musik,NowHere & NoWhere – Partituren Im Jetzt/Vienna Improvisers Orchestra,,klang.kunst.etage - verein für experimentelle musik und kunstprojekte
Klang.Kunst.Etage - Verein für experimentelle Musik und Kunstprojekte,539978143,2,BMKöS_BMWKmS,Beschluss,2023,10000,Kunst- und Kulturbericht des Bundes 2023,ausbezahlt: Musikförderung Jahresprogramme,,klang.kunst.etage,klang.kunst.etage - verein für experimentelle musik und kunstprojekte
Klang.Kunst.Etage - Verein für experimentelle Musik und Kunstprojekte,539978143,2,MA7,Beschluss,2024,24000,Kunst- Kultur- und Wissenschaftsbericht der Stadt Wien 2024,ausbezahlt: Orchester & Ensembles Musik – Gesamtförderung 2024,,,klang.kunst.etage - verein für experimentelle musik und kunstprojekte
Klang.Kunst.Etage - Verein für experimentelle Musik und Kunstprojekte,539978143,2,BMKöS_BMWKmS,Beschluss,2024,11000,Kunst- und Kulturbericht des Bundes 2024,ausbezahlt: Musikförderung Jahresprogramme,,,klang.kunst.etage - verein für experimentelle musik und kunstprojekte
Klang.Kunst.Etage - Verein für experimentelle Musik und Kunstprojekte,539978143,2,BMKöS_BMWKmS,Beschluss,2025,11000,Transparenzportal IFG 2025,"ausbezahlt: Musik Förderung von Vereinen, vergleichbaren Einrichtungen und Einzelpersonen",,,klang.kunst.etage - verein für experimentelle musik und kunstprojekte
Klang.Kunst.Etage - Verein für experimentelle Musik und Kunstprojekte,539978143,2,MA7,Beschluss,2025,26000,Transparenzportal IFG 2025,ausbezahlt: Förderung von Einzelvorhaben und Jahrestätigkeiten im Bereich der Musik,,,klang.kunst.etage - verein für experimentelle musik und kunstprojekte
Klang.Kunst.Etage - Verein für experimentelle Musik und Kunstprojekte,539978143,2,BMKöS_BMWKmS,Beschluss,2026,22000,Transparenzportal IFG 2026,"ausbezahlt: Musik Förderung von Vereinen, vergleichbaren Einrichtungen und Einzelpersonen",,,klang.kunst.etage - verein für experimentelle musik und kunstprojekte
Klang.Kunst.Etage - Verein für experimentelle Musik und Kunstprojekte,539978143,2,MA7,Beschluss,2026,26000,Transparenzportal IFG 2026,ausbezahlt: Förderung von Einzelvorhaben und Jahrestätigkeiten im Bereich der Musik,,,klang.kunst.etage - verein für experimentelle musik und kunstprojekte
Klangmanifeste - Verein für Klang-/Kunst-/Formen,771245267,5,MA7,Beschluss,2022,4800,Kunst- und Kulturbericht des Bundes 2022,ausbezahlt: Festivals Musik,Klangmanifeste,,klangmanifeste - verein für klang-/kunst-/formen
Klangmanifeste - Verein für Klang-/Kunst-/Formen,771245267,5,BMKöS_BMWKmS,Beschluss,2022,5500,Kunst- und Kulturbericht des Bundes 2022,"ausbezahlt: Medienkunst Projekte, Vereine, Einzelnpersonen","Klangmanifeste, echoraum Wien, Festival ",Klangmanifeste,klangmanifeste - verein für klang-/kunst-/formen
Klangmanifeste - Verein für Klang-/Kunst-/Formen,771245267,5,BMKöS_BMWKmS,Beschluss,2023,6000,Kunst- und Kulturbericht des Bundes 2023,"ausbezahlt: Medienkunst Projekte, Vereine, Einzelnpersonen",,,klangmanifeste - verein für klang-/kunst-/formen
Klangmanifeste - Verein für Klang-/Kunst-/Formen,771245267,5,MA7,Beschluss,2024,5000,Kunst- Kultur- und Wissenschaftsbericht der Stadt Wien 2024,ausbezahlt: Einzelnförderungen (Projekte) Musik,Klangmanifeste,,klangmanifeste - verein für klang-/kunst-/formen
Klangmanifeste - Verein für Klang-/Kunst-/Formen,771245267,5,MA7,Beschluss,2025,5000,Transparenzportal IFG 2025,ausbezahlt: Video- Medienkunst Förderung von Vereinen,,,klangmanifeste - verein für klang-/kunst-/formen
Kulturverein Free Music Forum mit dem Zusatz Forum für free Jazz & freie Improvisation,1121875739,5,MA7,Beschluss,2022,15000,Kunst- und Kulturbericht des Bundes 2022,ausbezahlt: Einzelnförderungen (Projekte) Musik,Konzertreihe Free Music Forum,Free Music Forum,kulturverein free music forum mit dem zusatz forum für free jazz & freie improvisation
Kulturverein Free Music Forum mit dem Zusatz Forum für free Jazz & freie Improvisation,1121875739,5,BMKöS_BMWKmS,Beschluss,2022,15000,Kunst- und Kulturbericht des Bundes 2022,ausbezahlt: Musikförderung Jahresprogramme,Akusmonautik,Free Music Forum,kulturverein free music forum mit dem zusatz forum für free jazz & freie improvisation
Kulturverein Free Music Forum mit dem Zusatz Forum für free Jazz & freie Improvisation,1121875739,5,MA7,Beschluss,2023,30000,Kunst- Kultur- und Wissenschaftsbericht der Stadt Wien 2023,ausbezahlt: Gesamtförderung (Jahrestätigkeit) Musik,,Free Music Forum,kulturverein free music forum mit dem zusatz forum für free jazz & freie improvisation
Kulturverein Free Music Forum mit dem Zusatz Forum für free Jazz & freie Improvisation,1121875739,5,BMKöS_BMWKmS,Beschluss,2023,16500,Kunst- und Kulturbericht des Bundes 2023,ausbezahlt: Musikförderung Jahresprogramme,Reverberate,Free Music Forum,kulturverein free music forum mit dem zusatz forum für free jazz & freie improvisation
Kulturverein Free Music Forum mit dem Zusatz Forum für free Jazz & freie Improvisation,1121875739,5,MA7,Beschluss,2024,18000,Kunst- Kultur- und Wissenschaftsbericht der Stadt Wien 2024,ausbezahlt: Gesamtförderung (Jahrestätigkeit) Musik,,Free Music Forum,kulturverein free music forum mit dem zusatz forum für free jazz & freie improvisation
Kulturverein Free Music Forum mit dem Zusatz Forum für free Jazz & freie Improvisation,1121875739,5,BMKöS_BMWKmS,Beschluss,2024,17500,Kunst- und Kulturbericht des Bundes 2024,ausbezahlt: Musikförderung Jahresprogramme,,Free Music Forum,kulturverein free music forum mit dem zusatz forum für free jazz & freie improvisation
Kulturverein Free Music Forum mit dem Zusatz Forum für free Jazz & freie Improvisation,1121875739,5,MA7,Beschluss,2025,20000,Transparenzportal IFG 2025,ausbezahlt: Förderung von Einzelvorhaben und Jahrestätigkeiten im Bereich der Musik,,,kulturverein free music forum mit dem zusatz forum für free jazz & freie improvisation
Kulturverein Free Music Forum mit dem Zusatz Forum für free Jazz & freie Improvisation,1121875739,5,BMKöS_BMWKmS,Beschluss,2025,17500,Transparenzportal IFG 2025,"ausbezahlt: Musik Förderung von Vereinen, vergleichbaren Einrichtungen und Einzelpersonen",,,kulturverein free music forum mit dem zusatz forum für free jazz & freie improvisation
Kulturverein Free Music Forum mit dem Zusatz Forum für free Jazz & freie Improvisation,1121875739,5,MA7,Beschluss,2026,15000,Transparenzportal IFG 2026,ausbezahlt: Förderung von Einzelvorhaben und Jahrestätigkeiten im Bereich der Musik,,,kulturverein free music forum mit dem zusatz forum für free jazz & freie improvisation
Kulturverein Free Music Forum mit dem Zusatz Forum für free Jazz & freie Improvisation,1121875739,5,BMKöS_BMWKmS,Beschluss,2026,17500,Transparenzportal IFG 2026,"ausbezahlt: Musik Förderung von Vereinen, vergleichbaren Einrichtungen und Einzelpersonen",,,kulturverein free music forum mit dem zusatz forum für free jazz & freie improvisation
Kulturverein WERK,140201457,9,MA7,Beschluss,2022,26000,Kunst- Kultur- und Wissenschaftsbericht der Stadt Wien 2022,ausbezahlt: Einzelnförderungen (Projekte) Musik,Konzerte im 1. Halbjahr 2022 | Konzerte im 2. Halbjahr 2022.,,kulturverein werk
Kulturverein WERK,140201457,9,MA7,Beschluss,2022,21000,Kunst- Kultur- und Wissenschaftsbericht der Stadt Wien 2022,ausbezahlt: Einzelnförderungen (Projekte) Stadtteilkultur und Interkulturalität,das WERK Wien,,kulturverein werk
Kulturverein WERK,140201457,9,MA7,Beschluss,2023,16000,Kunst- Kultur- und Wissenschaftsbericht der Stadt Wien 2023,ausbezahlt: Einzelnförderungen (Projekte) Kulturinitiativen — Venue: das WERK Wien,das WERK Wien: Stadtteilkultur,,kulturverein werk
Kulturverein WERK,140201457,9,MA7,Beschluss,2023,15000,Kunst- Kultur- und Wissenschaftsbericht der Stadt Wien 2023,ausbezahlt: Einzelförderung (Projekte) Musik,Konzerte im 1. Halbjahr 2023 | Konzerte im 2. Halbjahr 2023.,,kulturverein werk
Kunst- und Kulturverein Akusmonautikum,1533182155,23,MA7,Beschluss,2024,8000,Kunst- Kultur- und Wissenschaftsbericht der Stadt Wien 2024,ausbezahlt: Einzelnförderunge (Projekte) Musik,Akusmonautik,,kunst- und kulturverein akusmonautikum
Kunst- und Kulturverein Akusmonautikum,1533182155,23,MA7,Beschluss,2025,8000,Transparenzportal IFG 2025,ausbezahlt: Förderung von Einzelvorhaben und Jahrestätigkeiten im Bereich der Musik,,,kunst- und kulturverein akusmonautikum
Kunst- und Kulturverein Akusmonautikum,1533182155,23,MA7,Beschluss,2026,8000,Transparenzportal IFG 2026,ausbezahlt: Förderung von Einzelvorhaben und Jahrestätigkeiten im Bereich der Musik,,,kunst- und kulturverein akusmonautikum
Kunst- und Kulturverein Semmelweisklinik,1677067623,18,MA7,Beschluss,2024,5000,Kunst- Kultur- und Wissenschaftsbericht der Stadt Wien 2024,ausbezahlt: Einzelnförderungen (Projekte) Musik,Erdbeerfrosch Soireés,Semmelweisklinik,kunst- und kulturverein semmelweisklinik
Kunst- und Kulturverein Semmelweisklinik,1677067623,18,MA7,Beschluss,2024,18000,Kunst- Kultur- und Wissenschaftsbericht der Stadt Wien 2024,ausbezahlt: Einzelnförderungen (Projekte) Kulturinitiativen,Open Studio Days | Klinik unter Palmen ,Semmelweisklinik,kunst- und kulturverein semmelweisklinik
Kunst- und Kulturverein Semmelweisklinik,1677067623,18,MA7,Beschluss,2025,24000,Transparenzportal IFG 2025,ausbezahlt: Förderung von Einzelnvorhaben und Jahrestätigkeiten im Bereich der Kulturinitiativen,,Semmelweisklinik,kunst- und kulturverein semmelweisklinik
Kunst- und Kulturverein Semmelweisklinik,1677067623,18,MA7,Beschluss,2025,10000,Transparenzportal IFG 2025,ausbezahlt: Förderung von Einzelnvorhaben und Jahrestätigkeiten im Bereich der Musik,,Semmelweisklinik,kunst- und kulturverein semmelweisklinik
Kunst- und Kulturverein Semmelweisklinik,1677067623,18,BMKöS_BMWKmS,Beschluss,2026,3000,Transparenzportal IFG 2026,ausbezahlt: Regionale Kulturinitiativen Förderung von Kultureinrichtungen,,Semmelweisklinik,kunst- und kulturverein semmelweisklinik
Kunst- und Kulturverein Semmelweisklinik,1677067623,18,MA7,Beschluss,2026,11500,Transparenzportal IFG 2026,ausbezahlt: Förderung von Einzelnvorhaben im Bereich der Musik  ,,Semmelweisklinik,kunst- und kulturverein semmelweisklinik
Kunst- und Kulturverein Semmelweisklinik,1677067623,18,MA7,Beschluss,2026,20000,Transparenzportal IFG 2026,ausbezahlt: Förderung von Einzelnvorhaben im Bereich der Kulturinitiativen  ,,Semmelweisklinik,kunst- und kulturverein semmelweisklinik
Kunstverein KLANGWERK,229841104,9,MA7,Beschluss,2022,2000,Kunst- Kultur- und Wissenschaftsbericht der Stadt Wien 2022,ausbezahlt: Einzelförderungen (Projekte) Musik,Musikalische Momente in Wien ,,kunstverein klangwerk
Kunstverein KLANGWERK,229841104,9,MA7,Beschluss,2023,3000,Kunst- Kultur- und Wissenschaftsbericht der Stadt Wien 2023,ausbezahlt: Einzelförderungen (Projekte) Musik,NoMaden des Seins in Wien,,kunstverein klangwerk
Kunstverein KLANGWERK,229841104,9,MA7,Beschluss,2024,3000,Kunst- Kultur- und Wissenschaftsbericht der Stadt Wien 2024,ausbezahlt: Einzelförderungen (Projekte) Musik,NoMaden des Seins in Wien,,kunstverein klangwerk
Kunstverein KLANGWERK,229841104,9,MA7,Beschluss,2025,2000,Transparenzportal IFG 2025,ausbezahlt: Förderung von Einzelvorhaben und Jahrestätigkeiten im Bereich der Musik,NoMaden des Seins in Wien,,kunstverein klangwerk
Kunstverein das weisse haus,766278099,1,MA7,Beschluss,2024,2500,Kunst- Kultur- und Wissenschaftsbericht der Stadt Wien 2024,ausbezahlt: Einzelförderungen (Projekte) Musik,Reverberate,,kunstverein das weisse haus
Little Rosies Improvisationsgruppe – Verein für musikalische Improvisation und Zeitgeist,1773953936,13,MA7,Beschluss,2022,14000,Kunst- Kultur- und Wissenschaftsbericht der Stadt Wien 2022,ausbezahlt: Gesamtförderungen (Jahrestätigkeit) Musik,EXPLORATIONS Part II,,little rosies improvisationsgruppe – verein für musikalische improvisation und zeitgeist
Little Rosies Improvisationsgruppe – Verein für musikalische Improvisation und Zeitgeist,1773953936,20,MA7,Beschluss,2023,12000,Kunst- Kultur- und Wissenschaftsbericht der Stadt Wien 2023,ausbezahlt: Gesamtförderung Orchester & Ensembles,,,little rosies improvisationsgruppe – verein für musikalische improvisation und zeitgeist
Little Rosies Improvisationsgruppe – Verein für musikalische Improvisation und Zeitgeist,1773953937,20,BMKöS_BMWKmS,Beschluss,2025,5000,Transparenzportal IFG 2025,"ausbezahlt: Musik Förderung von Vereinen, vergleichbaren Einrichtungen und Einzelpersonen",,,little rosies improvisationsgruppe – verein für musikalische improvisation und zeitgeist
Little Rosies Improvisationsgruppe – Verein für musikalische Improvisation und Zeitgeist,1773953938,20,MA7,Beschluss,2026,5000,Transparenzportal IFG 2026,ausbezahlt: Förderung von Einzelvorhaben und Jahrestätigkeiten im Bereich der Musik,,,little rosies improvisationsgruppe – verein für musikalische improvisation und zeitgeist
Little Rosies Improvisationsgruppe – Verein für musikalische Improvisation und Zeitgeist,1773953939,20,BMKöS_BMWKmS,Beschluss,2026,5000,Transparenzportal IFG 2026,"ausbezahlt: Musik Förderung von Vereinen, vergleichbaren Einrichtungen und Einzelpersonen",,,little rosies improvisationsgruppe – verein für musikalische improvisation und zeitgeist
MOOZAK - VEREIN FÜR EXPERIMENTELLE MUSIK,817982407,19,MA7,Beschluss,2022,23000,Kunst- und Kulturbericht des Bundes 2022,ausbezahlt: Einzelnförderungen (Projekte) Musik | Festivals Musik,Jahresendzeitschokoladenhohlkörper  | Multichannel Series – Konzertzyklus 2024,Moozak,moozak - verein für experimentelle musik
MOOZAK - VEREIN FÜR EXPERIMENTELLE MUSIK,817982407,19,MA7,Beschluss,2023,8000,Kunst- Kultur- und Wissenschaftsbericht der Stadt Wien 2023,ausbezahlt: Einzelnförderungen (Projekte) Musik,Multichannel Series. OPEN JAZZ VIENNA - Sitz außerhalb Wien,Moozak,moozak - verein für experimentelle musik
MOOZAK - VEREIN FÜR EXPERIMENTELLE MUSIK,817982407,19,BMKöS_BMWKmS,Beschluss,2023,5000,Kunst- und Kulturbericht des Bundes 2023,ausbezahlt: Musikförderung Jahresprogramme,,Moozak,moozak - verein für experimentelle musik
MOOZAK - VEREIN FÜR EXPERIMENTELLE MUSIK,817982407,19,MA7,Beschluss,2025,5000,Transparenzportal IFG 2025,ausbezahlt: Förderung von Einzelvorhaben und Jahrestätigkeiten im Bereich der Musik,,Moozak,moozak - verein für experimentelle musik
MOOZAK - VEREIN FÜR EXPERIMENTELLE MUSIK,817982407,19,BMKöS_BMWKmS,Beschluss,2025,6000,Transparenzportal IFG 2025,"ausbezahlt: Musik Förderung von Vereinen, vergleichbaren Einrichtungen und Einzelpersonen",,Moozak,moozak - verein für experimentelle musik
MOOZAK - VEREIN FÜR EXPERIMENTELLE MUSIK,817982407,19,BMKöS_BMWKmS,Beschluss,2026,6000,Transparenzportal IFG 2026,"ausbezahlt: Musik Förderung von Vereinen, vergleichbaren Einrichtungen und Einzelpersonen",,Moozak,moozak - verein für experimentelle musik
MOOZAK - VEREIN FÜR EXPERIMENTELLE MUSIK,817982407,19,MA7,Beschluss,2026,5000,Transparenzportal IFG 2026,ausbezahlt: Förderung von Einzelnvorhaben und Jahrestätigkeiten im Bereich der Musik,,Moozak,moozak - verein für experimentelle musik
Music Scapes - Musik- & Kunstprojekte im gesellschaftlichen Kontext,1119796125,19,MA7,Beschluss,2022,10000,Kunst- Kultur- und Wissenschaftsbericht der Stadt Wien 2022,ausbezahlt: Einzelnförderungen (Projekte) Musik,Partizipatives Musikforschungslab und partizipative Interventionen-re:vision part II,,music scapes - musik- & kunstprojekte im gesellschaftlichen kontext
Music Scapes - Musik- & Kunstprojekte im gesellschaftlichen Kontext,1119796125,19,MA7,Beschluss,2023,10000,Kunst- Kultur- und Wissenschaftsbericht der Stadt Wien 2023,ausbezahlt: Einzelnförderungen (Projekte) Musik,reVision part 3,,music scapes - musik- & kunstprojekte im gesellschaftlichen kontext
Music Scapes - Musik- & Kunstprojekte im gesellschaftlichen Kontext,1119796125,19,MA7,Beschluss,2024,13000,Kunst- Kultur- und Wissenschaftsbericht der Stadt Wien 2024,ausbezahlt: Einzelnförderungen (Projekte) Musik,Jahresprogramm von MusicScapes,,music scapes - musik- & kunstprojekte im gesellschaftlichen kontext
On the Couch - zur Förderung von Kunst und Kultur in der Gesellschaft,1742094788,3,MA7,Beschluss,2024,7000,Kunst- Kultur- und Wissenschaftsbericht der Stadt Wien 2024,ausbezahlt: Einzelförderung (Projekte) Musik,On the Couch Studiokonzerte,On the Couch,on the couch - zur förderung von kunst und kultur in der gesellschaft
On the Couch - zur Förderung von Kunst und Kultur in der Gesellschaft,1742094788,3,BMKöS_BMWKmS,Beschluss,2024,5000,Kunst- und Kulturbericht des Bundes 2024,ausbezahlt: Musikförderung Projekte,,On the Couch,on the couch - zur förderung von kunst und kultur in der gesellschaft
On the Couch - zur Förderung von Kunst und Kultur in der Gesellschaft,1742094788,3,BMKöS_BMWKmS,Beschluss,2025,5000,Transparenzportal IFG 2025,"ausbezahlt: Musik Förderung von Vereinen, vergleichbaren Einrichtungen und Einzelpersonen",,On the Couch,on the couch - zur förderung von kunst und kultur in der gesellschaft
On the Couch - zur Förderung von Kunst und Kultur in der Gesellschaft,1742094788,3,MA7,Beschluss,2025,7000,Transparenzportal IFG 2025,ausbezahlt: Förderung von Einzelnvorhaben und Jahrestätigkeiten im Bereich der Musik,,On the Couch,on the couch - zur förderung von kunst und kultur in der gesellschaft
On the Couch - zur Förderung von Kunst und Kultur in der Gesellschaft,1742094788,3,MA7,Beschluss,2026,7000,Transparenzportal IFG 2026,ausbezahlt: Förderung von Einzelnvorhaben und Jahrestätigkeiten im Bereich der Musik,,On the Couch,on the couch - zur förderung von kunst und kultur in der gesellschaft
"PARKEN, Verein zur Förderung experimenteller Musik im öffentlichem Raum",1294222714,16,MA7,Beschluss,2022,10000,Kunst- Kultur- und Wissenschaftsbericht der Stadt Wien 2022,ausbezahlt: Einzelförderungen (Projekte) Musik,"Parken, Or Live in the Park.",PARKEN,"parken, verein zur förderung experimenteller musik im öffentlichem raum"
"PARKEN, Verein zur Förderung experimenteller Musik im öffentlichem Raum",1294222714,16,BMKöS_BMWKmS,Beschluss,2022,7200,Kunst- und Kulturbericht des Bundes 2022,ausbezahlt: Musikförderungen Projekte,,PARKEN,"parken, verein zur förderung experimenteller musik im öffentlichem raum"
"PARKEN, Verein zur Förderung experimenteller Musik im öffentlichem Raum",1294222714,16,MA7,Beschluss,2023,10000,Kunst- Kultur- und Wissenschaftsbericht der Stadt Wien 2023,ausbezahlt: Einzelnförderungen (Projekte) Musik,PARKEN 2023,PARKEN,"parken, verein zur förderung experimenteller musik im öffentlichem raum"
"PARKEN, Verein zur Förderung experimenteller Musik im öffentlichem Raum",1294222714,16,BMKöS_BMWKmS,Beschluss,2023,10000,Kunst- und Kulturbericht des Bundes 2023,ausbezahlt: Musikförderung Jahresprogramme,,PARKEN,"parken, verein zur förderung experimenteller musik im öffentlichem raum"
"PARKEN, Verein zur Förderung experimenteller Musik im öffentlichem Raum",1294222714,16,MA7,Beschluss,2024,10000,Kunst- Kultur- und Wissenschaftsbericht der Stadt Wien 2024,ausbezahlt: Einzelförderung (Projekte) Musik,PARKEN,PARKEN,"parken, verein zur förderung experimenteller musik im öffentlichem raum"
"PARKEN, Verein zur Förderung experimenteller Musik im öffentlichem Raum",1294222714,16,BMKöS_BMWKmS,Beschluss,2024,10000,Kunst- und Kulturbericht des Bundes 2024,ausbezahlt: Musikförderung Jahresprogramme ,,PARKEN,"parken, verein zur förderung experimenteller musik im öffentlichem raum"
"PARKEN, Verein zur Förderung experimenteller Musik im öffentlichem Raum",1294222714,16,MA7,Beschluss,2025,12000,Transparenzportal IFG 2025,ausbezahlt: Förderung von Einzelvorhaben und Jahrestätigkeiten im Bereich der Musik,,,"parken, verein zur förderung experimenteller musik im öffentlichem raum"
"PARKEN, Verein zur Förderung experimenteller Musik im öffentlichem Raum",1294222714,16,BMKöS_BMWKmS,Beschluss,2025,10000,Transparenzportal IFG 2025,"ausbezahlt: Musik Förderung von Vereinen, vergleichbaren Einrichtungen und Einzelpersonen",,,"parken, verein zur förderung experimenteller musik im öffentlichem raum"
"PARKEN, Verein zur Förderung experimenteller Musik im öffentlichem Raum",1294222714,16,MA7,Beschluss,2026,6000,Transparenzportal IFG 2026,ausbezahlt: Förderung von Einzelvorhaben und Jahrestätigkeiten im Bereich der Musik,,,"parken, verein zur förderung experimenteller musik im öffentlichem raum"
"PARKEN, Verein zur Förderung experimenteller Musik im öffentlichem Raum",1294222714,16,BMKöS_BMWKmS,Beschluss,2026,20000,Transparenzportal IFG 2026,"ausbezahlt: Musik Förderung von Vereinen, vergleichbaren Einrichtungen und Einzelpersonen",,,"parken, verein zur förderung experimenteller musik im öffentlichem raum"
PHACE - Ensemble für neue Musik,366181964,15,MA7,Beschluss,2022,75000,Kunst- Kultur- und Wissenschaftsbericht der Stadt Wien 2022,ausbezahlt: Gesamtförderung Orchester & Ensemble,,,phace - ensemble für neue musik
PHACE - Ensemble für neue Musik,366181964,15,BMKöS_BMWKmS,Beschluss,2022,50000,Kunst- und Kulturbericht des Bundes 2022,ausbezahlt: Musikförderung Jahresprogramme,,,phace - ensemble für neue musik
PHACE - Ensemble für neue Musik,366181964,15,BMKöS_BMWKmS,Beschluss,2022,10000,Kunst- und Kulturbericht des Bundes 2022,ausbezahlt: Musikförderung Projekte,,,phace - ensemble für neue musik
PHACE - Ensemble für neue Musik,366181964,15,MA7,Beschluss,2023,130000,Kunst- Kultur- und Wissenschaftsbericht der Stadt Wien 2023,ausbezahlt: Gesamtförderung Orchester & Ensemble,,,phace - ensemble für neue musik
PHACE - Ensemble für neue Musik,366181964,15,BMKöS_BMWKmS,Beschluss,2023,65000,Kunst- und Kulturbericht des Bundes 2023,ausbezahlt: Musikförderung Jahresprogramme,,,phace - ensemble für neue musik
PHACE - Ensemble für neue Musik,366181964,15,MA7,Beschluss,2024,130000,Kunst- Kultur- und Wissenschaftsbericht der Stadt Wien 2024,ausbezahlt: Orchester & Ensemble — mehrjährige Gesamtförderung 2024-2025,,,phace - ensemble für neue musik
PHACE - Ensemble für neue Musik,366181964,15,BMKöS_BMWKmS,Beschluss,2025,100000,Transparenzportal IFG 2025,"ausbezahlt. Musik Förderung von Vereinen, vergleichbaren Einrichtungen und Einzelpersonen",,,phace - ensemble für neue musik
PHACE - Ensemble für neue Musik,366181964,15,MA7,Beschluss,2025,130000,Transparenzportal IFG 2025,ausbezahlt: Förderung von Einzelnvorhaben und Jahrestätigkeiten im Bereich der Musik,,,phace - ensemble für neue musik
PHACE - Ensemble für neue Musik,366181964,15,MA7,Beschluss,2026,120000,Transparenzportal IFG 2026,ausbezahlt: Förderung von Einzelnvorhaben und Jahrestätigkeiten im Bereich der Musik,,,phace - ensemble für neue musik
PHACE - Ensemble für neue Musik,366181964,15,BMKöS_BMWKmS,Beschluss,2026,100000,Transparenzportal IFG 2026 — BMWKmS Schreiben GZ 2025-0.981.094. Musikbeirat Empfehlung Sitzung 26.11.2025,"ausbezahlt: Musik Förderung von Vereinen, vergleichbaren Einrichtungen und Einzelpersonen",,,phace - ensemble für neue musik
Peer to Peer - Verein zur Förderung und Verbreitung experimenteller Musik  interdisziplinärer Kunstformate und Diskurs,1254357283,20,MA7,Beschluss,2025,55000,Transparenzportal IFG 2025,ausbezahlt: Föderung von Einzelvorhaben und Jahrestätigkeiten im Bereich der Musik,,,peer to peer - verein zur förderung und verbreitung experimenteller musik  interdisziplinärer kunstformate und diskurs
Peer to Peer - Verein zur Förderung und Verbreitung experimenteller Musik  interdisziplinärer Kunstformate und Diskurs,1254357283,20,BMKöS_BMWKmS,Beschluss,2025,25000,Transparenzportal IFG 2025,"ausbezahlt: Musik Förderung von Vereinen, vergleichbaren Einrichtungen und Einzelpersonen",,,peer to peer - verein zur förderung und verbreitung experimenteller musik  interdisziplinärer kunstformate und diskurs
Peer to Peer - Verein zur Förderung und Verbreitung experimenteller Musik  interdisziplinärer Kunstformate und Diskurs,1254357283,20,BMKöS_BMWKmS,Beschluss,2026,27000,Transparenzportal IFG 2026,"ausbezahlt: Musik Förderung von Vereinen, vergleichbaren Einrichtungen und Einzelpersonen",,,peer to peer - verein zur förderung und verbreitung experimenteller musik  interdisziplinärer kunstformate und diskurs
Peer to Peer - Verein zur Förderung und Verbreitung experimenteller Musik  interdisziplinärer Kunstformate und Diskurs,1254357283,20,MA7,Beschluss,2026,38350,Transparenzportal IFG 2026,ausbezahlt: Förderung von Einzelvorhaben und Jahrestätigkeiten im Bereich der Musik,,,peer to peer - verein zur förderung und verbreitung experimenteller musik  interdisziplinärer kunstformate und diskurs
Pia Maria Palme,[Einzelperson],19,MA7,Beschluss,2023,6000,Kunst- Kultur- und Wissenschaftsbericht der Stadt Wien 2023,ausbezahlt: Einzelnförderungen (Projekte) Musik,OR IS IT MICROBIOLOGY?,,pia maria palme
Pia Maria Palme,[Einzelperson],19,MA7,Beschluss,2024,6000,Kunst- Kultur- und Wissenschaftsbericht der Stadt Wien 2024,ausbezahlt: Festivals Musik,Festival MUSIK NACH DER NATUR,,pia maria palme
Platypus - Verein für Neue Musik,881787755,5,MA7,Beschluss,2022,18000,Kunst- Kultur- und Wissenschaftsbericht der Stadt Wien 2022,ausbezahlt: Gesamtförderung Orchester & Ensemble,,,platypus - verein für neue musik
Platypus - Verein für Neue Musik,881787755,5,BMKöS_BMWKmS,Beschluss,2022,23000,Kunst- und Kulturbericht des Bundes 2022,ausbezahlt: Musikförderung Jahresprogramme,,,platypus - verein für neue musik
Platypus - Verein für Neue Musik,881787755,5,MA7,Beschluss,2023,25000,Kunst- Kultur- und Wissenschaftsbericht der Stadt Wien 2023,ausbezahlt: Gesamtförderung Orchester & Ensemble,,,platypus - verein für neue musik
Platypus - Verein für Neue Musik,881787755,5,BMKöS_BMWKmS,Beschluss,2023,25000,Kunst- und Kulturbericht des Bundes 2023,ausbezahlt: Musikförderung Jahresprogramme,,,platypus - verein für neue musik
Platypus - Verein für Neue Musik,881787755,5,MA7,Beschluss,2024,25000,Kunst- Kultur- und Wissenschaftsbericht der Stadt Wien 2024,ausbezahlt: Gesamtförderung Orchester & Ensemble,,,platypus - verein für neue musik
Platypus - Verein für Neue Musik,881787755,5,BMKöS_BMWKmS,Beschluss,2024,27000,Kunst- und Kulturbericht des Bundes 2024,ausbezahlt: Musikförderung Jahresprogramme,,,platypus - verein für neue musik
Platypus - Verein für Neue Musik,881787755,5,BMKöS_BMWKmS,Beschluss,2025,27000,Transparenzportal IFG 2025,"ausbezahlt: Musik Förderung von Vereinen, vergleichbaren Einrichtungen und Einzelpersonen",,,platypus - verein für neue musik
Platypus - Verein für Neue Musik,881787755,5,MA7,Beschluss,2025,25000,Transparenzportal IFG 2025,ausbezahlt: Förderung von Einzelnvorhaben im Bereich der Musik  ,,,platypus - verein für neue musik
Platypus - Verein für Neue Musik,881787755,5,BMKöS_BMWKmS,Beschluss,2026,54000,Transparenzportal IFG 2026,"ausbezahlt: Musik Förderung von Vereinen, vergleichbaren Einrichtungen und Einzelpersonen",,,platypus - verein für neue musik
Platypus - Verein für Neue Musik,881787755,5,MA7,Beschluss,2026,30000,Transparenzportal IFG 2026,ausbezahlt: Förderung von Einzelnvorhaben im Bereich der Musik  ,,,platypus - verein für neue musik
RESONANCES+TRANSITIONS - VEREIN ZUR FÖRDERUNG UND VERBREITUNG INNOVATIVER KLÄNGE,1525847130,9,BMKöS_BMWKmS,Beschluss,2025,3500,Transparenzportal IFG 2025,"ausbezahlt: Musik Förderung von Vereinen, vergleichbaren Einrichtungen und Einzelpersonen",,,resonances+transitions - verein zur förderung und verbreitung innovativer klänge
RESONANCES+TRANSITIONS - VEREIN ZUR FÖRDERUNG UND VERBREITUNG INNOVATIVER KLÄNGE,1525847130,9,MA7,Beschluss,2025,30000,Transparenzportal IFG 2025,ausbezahlt: Förderung von Einzelnvorhaben und Jahrestätigkeiten im Bereich der Musik,,,resonances+transitions - verein zur förderung und verbreitung innovativer klänge
RESONANCES+TRANSITIONS - VEREIN ZUR FÖRDERUNG UND VERBREITUNG INNOVATIVER KLÄNGE,1525847130,9,BMKöS_BMWKmS,Beschluss,2026,7000,Transparenzportal IFG 2026,"ausbezahlt: Musik Förderung von Vereinen, vergleichbaren Einrichtungen und Einzelpersonen",,,resonances+transitions - verein zur förderung und verbreitung innovativer klänge
RESONANCES+TRANSITIONS - VEREIN ZUR FÖRDERUNG UND VERBREITUNG INNOVATIVER KLÄNGE,1525847130,9,MA7,Beschluss,2026,27500,Transparenzportal IFG 2026,ausbezahlt: Förderung von Einzelnvorhaben und Jahrestätigkeiten im Bereich der Musik,,,resonances+transitions - verein zur förderung und verbreitung innovativer klänge
RRRIOT - Verein zur Förderung und Vermittlung feministischen Kulturschaffens,176821539,10,MA7,Beschluss,2022,20000,Kunst- Kultur- und Wissenschaftsbericht der Stadt Wien 2022,ausbezahlt: Einzelförderungen (Projekte) Musik,DISHES RRR,,rrriot - verein zur förderung und vermittlung feministischen kulturschaffens
RRRIOT - Verein zur Förderung und Vermittlung feministischen Kulturschaffens,176821539,10,BMKöS_BMWKmS,Beschluss,2022,7000,Kunst- und Kulturbericht des Bundes 2022,ausbezahlt: Musikförderungen Jahresprogramme,,,rrriot - verein zur förderung und vermittlung feministischen kulturschaffens
RRRIOT - Verein zur Förderung und Vermittlung feministischen Kulturschaffens,1768215396,10,BMKöS_BMWKmS,Beschluss,2023,7000,Kunst- Kultur- und Wissenschaftsbericht der Stadt Wien 2023,ausbezahlt: Musikförderung Jahresprogramme,,,rrriot - verein zur förderung und vermittlung feministischen kulturschaffens
RRRIOT - Verein zur Förderung und Vermittlung feministischen Kulturschaffens,176821539,10,MA7,Beschluss,2023,15000,Kunst- Kultur- und Wissenschaftsbericht der Stadt Wien 2023,ausbezahlt: Einzelnförderungen (Projekte) Musik,Dishes,,rrriot - verein zur förderung und vermittlung feministischen kulturschaffens
RRRIOT - Verein zur Förderung und Vermittlung feministischen Kulturschaffens,1768215396,10,MA7,Beschluss,2024,15000,Kunst- Kultur- und Wissenschaftsbericht der Stadt Wien 2024,ausbezahlt: Einzelnförderungen (Projekte) Musik,Dishes,,rrriot - verein zur förderung und vermittlung feministischen kulturschaffens
RRRIOT - Verein zur Förderung und Vermittlung feministischen Kulturschaffens,176821539,10,BMKöS_BMWKmS,Beschluss,2024,7500,Kunst- und Kulturbericht des Bundes 2024,ausbezahlt: Musikförderung Projekte,,,rrriot - verein zur förderung und vermittlung feministischen kulturschaffens
RRRIOT - Verein zur Förderung und Vermittlung feministischen Kulturschaffens,176821539,10,MA7,Beschluss,2025,42000,Transparenzportal IFG 2025,ausbezahlt: Förderung freier Gruppen Darstellende Kunst,,,rrriot - verein zur förderung und vermittlung feministischen kulturschaffens
RRRIOT - Verein zur Förderung und Vermittlung feministischen Kulturschaffens,176821539,10,BMKöS_BMWKmS,Beschluss,2025,10000,Transparenzportal IFG 2025,ausbezahlt. Darstellende Kunst: Förderung von Vereinen,,,rrriot - verein zur förderung und vermittlung feministischen kulturschaffens
Rantasa + Rantasa GmbH,GmbH,8,MA7,Beschluss,2023,25000,Kunst- Kultur- und Wissenschaftsbericht der Stadt Wien 2023,ausbezahlt: Einzelnförderungen (Projekte) Musik — Venue: Rhiz,Veranstaltungsreihe rhiz 1 | Veranstaltungsreihe rhiz 2,rhiz,rantasa + rantasa gmbh
Rantasa + Rantasa GmbH,GmbH,8,BMKöS_BMWKmS,Beschluss,2023,25000,Kunst- und Kulturbericht des Bundes 2023,ausbezahlt: Musikförderung Jahresprogramme,,rhiz,rantasa + rantasa gmbh
Rantasa + Rantasa GmbH,GmbH,8,BMKöS_BMWKmS,Beschluss,2023,8000,Kunst- und Kulturbericht des Bundes 2023,"ausbezahlt: Festspiele, Großveranstaltungen Musik und darstellende Kunst",Permanent Underground Festival ,rhiz,rantasa + rantasa gmbh
Rantasa + Rantasa GmbH,GmbH,8,MA7,Beschluss,2024,25000,Kunst- Kultur- und Wissenschaftsbericht der Stadt Wien 2024,ausbezahlt: Einzelnförderung (Projekte) Musik — Venue: Rhiz,Künstlerisches Programm rhiz,rhiz,rantasa + rantasa gmbh
Rantasa + Rantasa GmbH,GmbH,8,BMKöS_BMWKmS,Beschluss,2024,25000,Kunst- und Kulturbericht des Bundes 2024,ausbezahlt: Musikförderung Jahresprogramme,,rhiz,rantasa + rantasa gmbh
Rantasa + Rantasa GmbH,GmbH,8,BMKöS_BMWKmS,Beschluss,2025,25000,Transparenzportal IFG 2025,"ausbezahlt: Musik Förderung von Vereinen, vergleichbaren Einrichtungen und Einzelpersonen",,rhiz,rantasa + rantasa gmbh
Rantasa + Rantasa GmbH,GmbH,8,MA7,Beschluss,2025,20000,Transparenzportal IFG 2025,ausbezahlt: Förderung von Einzelnvorhaben und Jahrestätigkeiten im Bereich der Musik,,rhiz,rantasa + rantasa gmbh
Rantasa + Rantasa GmbH,GmbH,8,BMKöS_BMWKmS,Beschluss,2026,50000,Transparenzportal IFG 2026,"ausbezahlt: Musik Förderung von Vereinen, vergleichbaren Einrichtungen und Einzelpersonen",,rhiz,rantasa + rantasa gmbh
Rantasa + Rantasa GmbH,GmbH,8,MA7,Beschluss,2026,18500,Transparenzportal IFG 2026,ausbezahlt: Förderung von Einzelnvorhaben und Jahrestätigkeiten im Bereich der Musik,,rhiz,rantasa + rantasa gmbh
Reboot Jazz - Verein zur Förderung der Weiterentwicklung des Jazz,1695512419,14,MA7,Beschluss,2024,70000,Kunst- Kultur- und Wissenschaftsbericht der Stadt Wien 2024,ausbezahlt: Festivals Musik,OPEN JAZZ VIENNA. ,,reboot jazz - verein zur förderung der weiterentwicklung des jazz
Reconsil - Verein zur Förderung zeitgenössischer Musik,90914757,5,MA7,Beschluss,2022,5000,Kunst- Kultur- und Wissenschaftsbericht der Stadt Wien 2022,ausbezahlt: Orchester & Ensemble — Venue: REAKTOR,Konzertzyklus 3 Konzerte im REAKTOR,,reconsil - verein zur förderung zeitgenössischer musik
Reconsil - Verein zur Förderung zeitgenössischer Musik,90914757,5,BMKöS_BMWKmS,Beschluss,2022,6000,Kunst- und Kulturbericht des Bundes 2022,ausbezahlt: Musikförderung Projekte,,,reconsil - verein zur förderung zeitgenössischer musik
Reconsil - Verein zur Förderung zeitgenössischer Musik,90914757,5,MA7,Beschluss,2023,5000,Kunst- Kultur- und Wissenschaftsbericht der Stadt Wien 2023,ausbezahlt: Orchester & Ensemble — Venue: REAKTOR,Konzertzyklus im REAKTOR,,reconsil - verein zur förderung zeitgenössischer musik
Reconsil - Verein zur Förderung zeitgenössischer Musik,90914757,5,BMKöS_BMWKmS,Beschluss,2023,6000,Kunst- und Kulturbericht des Bundes 2023,ausbezahlt: Musikförderung Projekte,,,reconsil - verein zur förderung zeitgenössischer musik
Reconsil - Verein zur Förderung zeitgenössischer Musik,90914757,5,MA7,Beschluss,2024,6000,Kunst- Kultur- und Wissenschaftsbericht der Stadt Wien 2024,ausbezahlt: Orchester & Ensembles Musik,Konzertzyklus 2024,,reconsil - verein zur förderung zeitgenössischer musik
Reconsil - Verein zur Förderung zeitgenössischer Musik,90914757,5,BMKöS_BMWKmS,Beschluss,2024,6000,Kunst- und Kulturbericht des Bundes 2024,ausbezahlt: Musikförderung Jahresprogramme,,,reconsil - verein zur förderung zeitgenössischer musik
Reconsil - Verein zur Förderung zeitgenössischer Musik,90914757,5,BMKöS_BMWKmS,Beschluss,2025,6000,Transparenzportal IFG 2025,ausbezahlt: Musik Förderung von Vereinen,,,reconsil - verein zur förderung zeitgenössischer musik
Reconsil - Verein zur Förderung zeitgenössischer Musik,90914757,5,MA7,Beschluss,2025,5000,Transparenzportal IFG 2025,ausbezahlt: Förderung von Einzelvorhaben und Jahrestätigkeiten im Bereich der Musik,,,reconsil - verein zur förderung zeitgenössischer musik
Reconsil - Verein zur Förderung zeitgenössischer Musik,90914757,5,BMKöS_BMWKmS,Beschluss,2026,6000,Transparenzportal IFG 2026,"ausbezahlt: Musik Förderung von Vereinen, vergleichbaren Einrichtungen und Einzelpersonen",,,reconsil - verein zur förderung zeitgenössischer musik
Reconsil - Verein zur Förderung zeitgenössischer Musik,90914757,5,MA7,Beschluss,2026,4000,Transparenzportal IFG 2026,ausbezahlt: Förderung von Einzelvorhaben und Jahrestätigkeiten im Bereich der Musik,,,reconsil - verein zur förderung zeitgenössischer musik
Regina Fisch,[Einzelperson],[nicht dokumentiert],BMKöS_BMWKmS,Beschluss,2023,3000,Kunst- und Kulturbericht des Bundes 2023,"ausbezahlt: Festspiele, Großveranstaltungen Musik und darstellende Kunst",Festival for Jazz and Adventurous Music,,regina fisch
SAMA Kollektiv - Kunst & Kulturverein,1944532794,19,MA7,Beschluss,2022,5000,Kunst- Kultur- und Wissenschaftsbericht der Stadt Wien 2022,ausbezahlt: Einzelnförderungen (Projekte) Musik,sama recordings pres. s c h w e b e n ,,sama kollektiv - kunst & kulturverein
SAMA Kollektiv - Kunst & Kulturverein,1944532794,19,MA7,Beschluss,2023,4000,Kunst- Kultur- und Wissenschaftsbericht der Stadt Wien 2023,ausbezahlt: Einzelnförderungen (Projekte) Musik,sama recordings pres. s c h w e b e n,,sama kollektiv - kunst & kulturverein
SAMA Kollektiv - Kunst & Kulturverein,1944532794,19,MA7,Beschluss,2024,4000,Kunst- Kultur- und Wissenschaftsbericht der Stadt Wien 2024,ausbezahlt: Einzelnförderungen (Projekte) Musik,sama recordings pres. s c h w e b e n,,sama kollektiv - kunst & kulturverein
SAMA Kollektiv - Kunst & Kulturverein,1944532794,19,MA7,Beschluss,2025,3000,Transparenzportal IFG 2025,ausbezahlt: Förderung von Einzelvorhaben und Jahrestätigkeiten im Bereich der Musik,,,sama kollektiv - kunst & kulturverein
SAMA Kollektiv - Kunst & Kulturverein,1944532794,19,MA7,Beschluss,2026,3000,Transparenzportal IFG 2026,ausbezahlt: Förderung von Einzelvorhaben und Jahrestätigkeiten im Bereich der Musik,,,sama kollektiv - kunst & kulturverein
SHIZZLE - Kunst- und Kulturverein,818583997,17,MA7,Beschluss,2022,30000,Kunst- Kultur- und Wissenschaftsbericht der Stadt Wien 2022,ausbezahlt: Gesamtförderungen Kulturinitiativen,,,shizzle - kunst- und kulturverein
SHIZZLE - Kunst- und Kulturverein,818583997,17,BMKöS_BMWKmS,Beschluss,2022,13000,Kunst- und Kulturbericht des Bundes 2022,ausbezahlt: Kulturprogramme und Vermittlung,Forum Kulturnetz Hernals ,,shizzle - kunst- und kulturverein
SHIZZLE - Kunst- und Kulturverein,818583997,17,MA7,Beschluss,2023,35000,Kunst- Kultur- und Wissenschaftsbericht der Stadt Wien 2023,ausbezahlt: Gesamtförderungen Kulturinitiativen,,,shizzle - kunst- und kulturverein
SHIZZLE - Kunst- und Kulturverein,818583997,17,BMKöS_BMWKmS,Beschluss,2023,14000,Kunst- und Kulturbericht des Bundes 2023,ausbezahlt: Kulturprogramme und Vermittlung,Forum Kulturnetz Hernals ,,shizzle - kunst- und kulturverein
SHIZZLE - Kunst- und Kulturverein,818583997,17,MA7,Beschluss,2024,35000,Kunst- Kultur- und Wissenschaftsbericht der Stadt Wien 2024,ausbezahlt: Gesamtförderungen Kulturinitiativen,,,shizzle - kunst- und kulturverein
SHIZZLE - Kunst- und Kulturverein,818583997,17,BMKöS_BMWKmS,Beschluss,2024,14000,Kunst- und Kulturbericht des Bundes 2024,ausbezahlt: Kunst- und Kulturprojekte Vereine — Ausnahme,Forum Kulturnetz Hernals ,,shizzle - kunst- und kulturverein
SHIZZLE - Kunst- und Kulturverein,818583997,17,MA7,Beschluss,2025,30000,Transparenzportal IFG 2025,ausbezahlt: Förderung von Einzelvorhaben und Jahrestätigkeiten im Bereich der Kulturinitiativen,,,shizzle - kunst- und kulturverein
SHIZZLE - Kunst- und Kulturverein,818583997,17,BMKöS_BMWKmS,Beschluss,2025,14000,Transparenzportal IFG 2025,ausbezahlt: Regionale Kulturinitiativen,,,shizzle - kunst- und kulturverein
SHIZZLE - Kunst- und Kulturverein,818583997,17,MA7,Beschluss,2026,20000,Transparenzportal IFG 2026,ausbezahlt: Förderung von Einzelvorhaben und Jahrestätigkeiten im Bereich der Kulturinitiativen,,,shizzle - kunst- und kulturverein
SISTERS - Verein für queer feministische Kunst und Kultur,914774238,15,MA7,Beschluss,2022,75000,Kunst- Kultur- und Wissenschaftsbericht der Stadt Wien 2022,ausbezahlt: Festivals Musik,Projekt: HYPERREALITY - Festival für Club Culture - Vienna,,sisters - verein für queer feministische kunst und kultur
SISTERS - Verein für queer feministische Kunst und Kultur,914774238,15,MA7,Beschluss,2022,40000,Kunst- Kultur- und Wissenschaftsbericht der Stadt Wien 2022,ausbezahlt: Freier Gruppierungen und Häuser Off-Bereich Darstellende Kunst,S_P_I_T_ Queer Performance Festival Vienna,,sisters - verein für queer feministische kunst und kultur
SISTERS - Verein für queer feministische Kunst und Kultur,914774238,15,BMKöS_BMWKmS,Beschluss,2022,8000,Kunst- und Kulturbericht des Bundes 2022,ausbezahlt: Musikförderung Projekte,HYPERREALITY,,sisters - verein für queer feministische kunst und kultur
SISTERS - Verein für queer feministische Kunst und Kultur,914774238,15,MA7,Beschluss,2023,85000,Kunst- Kultur- und Wissenschaftsbericht der Stadt Wien 2023,ausbezahlt: Festivals Musik,Projekt: HYPERREALITY - Festival für Club Culture - Vienna 2023,,sisters - verein für queer feministische kunst und kultur
SISTERS - Verein für queer feministische Kunst und Kultur,914774238,15,MA7,Beschluss,2023,35000,Kunst- Kultur- und Wissenschaftsbericht der Stadt Wien 2023,ausbezahlt: Freier Gruppierungen und Häuser Off-Bereich Darstellende Kunst,S_P_I_T_ Queer Performance Festival Vienna 2023,,sisters - verein für queer feministische kunst und kultur
SISTERS - Verein für queer feministische Kunst und Kultur,914774238,15,BMKöS_BMWKmS,Beschluss,2023,10000,Kunst- und Kulturbericht des Bundes 2023,ausbezahlt: Musikförderung Projekte,HYPERREALITY,,sisters - verein für queer feministische kunst und kultur
SISTERS - Verein für queer feministische Kunst und Kultur,914774238,15,MA7,Beschluss,2024,100000,Kunst- Kultur- und Wissenschaftsbericht der Stadt Wien 2024,ausbezahlt: Festivals Musik,Projekt: HYPERREALITY - Festival für Club Culture - Vienna 2024,,sisters - verein für queer feministische kunst und kultur
SISTERS - Verein für queer feministische Kunst und Kultur,914774238,15,MA7,Beschluss,2024,35000,Kunst- Kultur- und Wissenschaftsbericht der Stadt Wien 2024,ausbezahlt: Freier Gruppierungen und Häuser Off-Bereich Darstellende Kunst,S_P_I_T_ Queer Performance Festival Vienna 2024,,sisters - verein für queer feministische kunst und kultur
SISTERS - Verein für queer feministische Kunst und Kultur,914774238,15,BMKöS_BMWKmS,Beschluss,2024,15000,Kunst- und Kulturbericht des Bundes 2024,ausbezahlt: Musikförderung Projekte,,,sisters - verein für queer feministische kunst und kultur
SISTERS - Verein für queer feministische Kunst und Kultur,914774238,15,BMKöS_BMWKmS,Beschluss,2025,15000,Transparenzportal IFG 2025,ausbezahlt: Förderung Festspiele und ähnlichen Saisonveranstaltungen Förderungen,,,sisters - verein für queer feministische kunst und kultur
SISTERS - Verein für queer feministische Kunst und Kultur,914774238,15,MA7,Beschluss,2025,100000,Transparenzportal IFG 2025,ausbezahlt: Förderung von Einzelnvorhaben und Jahrestätigkeiten im Bereich der Musik  ,,,sisters - verein für queer feministische kunst und kultur
SISTERS - Verein für queer feministische Kunst und Kultur,914774238,15,MA7,Beschluss,2025,40000,Transparenzportal IFG 2025,ausbezahlt: Förderung freier Gruppen Darstellende Kunst,,,sisters - verein für queer feministische kunst und kultur
SISTERS - Verein für queer feministische Kunst und Kultur,914774238,15,BMKöS_BMWKmS,Beschluss,2025,12000,Transparenzportal IFG 2025,ausbezahlt: Darstellende Kunst Förderung von Vereinen,,,sisters - verein für queer feministische kunst und kultur
SISTERS - Verein für queer feministische Kunst und Kultur,914774238,15,MA7,Beschluss,2026,20000,Transparenzportal IFG 2026,"ausbezahlt: Musik Förderung von Vereinen, vergleichbaren Einrichtungen und Einzelpersonen",,,sisters - verein für queer feministische kunst und kultur
SISTERS - Verein für queer feministische Kunst und Kultur,914774238,15,MA7,Beschluss,2026,100000,Transparenzportal IFG 2026,ausbezahlt: Förderung von Einzelnvorhaben und Jahrestätigkeiten im Bereich der Musik  ,,,sisters - verein für queer feministische kunst und kultur
SISTERS - Verein für queer feministische Kunst und Kultur,914774238,15,MA7,Beschluss,2026,50000,Transparenzportal IFG 2026,ausbezahlt: Förderung freier Gruppen Darstellende Kunst,,,sisters - verein für queer feministische kunst und kultur
STRUMA+IODINE - Verein zur Erweiterung musikalischer Erfahrungsräume,1954454117,9,MA7,Beschluss,2022,26000,Kunst- und Kulturbericht des Bundes 2022,ausbezahlt: Einzelnförderungen (Projekte) Musik,Struma+Iodine,Struma+Iodine,struma+iodine - verein zur erweiterung musikalischer erfahrungsräume
STRUMA+IODINE - Verein zur Erweiterung musikalischer Erfahrungsräume,1954454117,9,BMKöS_BMWKmS,Beschluss,2022,3300,Kunst- und Kulturbericht des Bundes 2022,ausbezahlt: Musikförderung Jahresprogramme ,,Struma+Iodine,struma+iodine - verein zur erweiterung musikalischer erfahrungsräume
STRUMA+IODINE - Verein zur Erweiterung musikalischer Erfahrungsräume,1954454117,9,MA7,Beschluss,2023,26000,Kunst- Kultur- und Wissenschaftsbericht der Stadt Wien 2023,ausbezahlt: Einzelnförderungen (Projekte) Musik,Struma+Iodine,Struma+Iodine,struma+iodine - verein zur erweiterung musikalischer erfahrungsräume
STRUMA+IODINE - Verein zur Erweiterung musikalischer Erfahrungsräume,1954454117,9,BMKöS_BMWKmS,Beschluss,2023,6000,Kunst- und Kulturbericht des Bundes 2023,ausbezahlt: Musikförderung Jahresprogramme,,Struma+Iodine,struma+iodine - verein zur erweiterung musikalischer erfahrungsräume
STRUMA+IODINE - Verein zur Erweiterung musikalischer Erfahrungsräume,1954454117,9,MA7,Beschluss,2024,30000,Kunst- Kultur- und Wissenschaftsbericht der Stadt Wien 2024,ausbezahlt: Einzelnförderungen (Projekte) Musik,Struma+Iodine,Struma+Iodine,struma+iodine - verein zur erweiterung musikalischer erfahrungsräume
STRUMA+IODINE - Verein zur Erweiterung musikalischer Erfahrungsräume,1954454117,9,BMKöS_BMWKmS,Beschluss,2024,7000,Kunst- und Kulturbericht des Bundes 2024,ausbezahlt: Musikförderung Jahresprogramme,,Struma+Iodine,struma+iodine - verein zur erweiterung musikalischer erfahrungsräume
SUENA - Verein zur Förderung und Verbreitung neuer Musik,1920809871,20,MA7,Beschluss,2022,6000,Kunst- und Kulturbericht des Bundes 2022,ausbezahlt: Festivals Musik,Suena Festival für zeitgenössische hispanische Musik,SUENA,suena - verein zur förderung und verbreitung neuer musik
SUENA - Verein zur Förderung und Verbreitung neuer Musik,1920809871,20,BMKöS_BMWKmS,Beschluss,2022,4900,Kunst- und Kulturbericht des Bundes 2022,"ausbezahlt: Festspiele, Großveranstaltungen Musik und darstellende Kunst",,SUENA,suena - verein zur förderung und verbreitung neuer musik
SUENA - Verein zur Förderung und Verbreitung neuer Musik,1920809871,6,MA7,Beschluss,2023,8000,Kunst- Kultur- und Wissenschaftsbericht der Stadt Wien 2023,ausbezahlt: Festivals Musik ,SUENA FESTIVAL für zeitgenössische iberoamerikanische Musik,SUENA,suena - verein zur förderung und verbreitung neuer musik
SUENA - Verein zur Förderung und Verbreitung neuer Musik,1920809871,6,BMKöS_BMWKmS,Beschluss,2023,1500,Kunst- und Kulturbericht des Bundes 2023,ausbezahlt: Musikförderung Projekte,Kompositionsförderung,SUENA,suena - verein zur förderung und verbreitung neuer musik
SUENA - Verein zur Förderung und Verbreitung neuer Musik,1920809871,6,BMKöS_BMWKmS,Beschluss,2023,6000,Kunst- und Kulturbericht des Bundes 2023,"ausbezahlt: Festspiele, Großveranstaltungen Musik und darstellende Kunst",Kompositionsförderung,SUENA,suena - verein zur förderung und verbreitung neuer musik
SUENA - Verein zur Förderung und Verbreitung neuer Musik,1920809871,6,MA7,Beschluss,2024,10000,Kunst- Kultur- und Wissenschaftsbericht der Stadt Wien 2024,ausbezahlt: Festivals Musik,SUENA Festival,SUENA,suena - verein zur förderung und verbreitung neuer musik
SUENA - Verein zur Förderung und Verbreitung neuer Musik,1920809871,6,BMKöS_BMWKmS,Beschluss,2024,12500,Kunst- und Kulturbericht des Bundes 2024,ausbezahlt: Musikförderungen Projekte — Projektkostenzuschuss | Kompositionsförderung,,SUENA,suena - verein zur förderung und verbreitung neuer musik
SUENA - Verein zur Förderung und Verbreitung neuer Musik,1920809871,6,MA7,Beschluss,2025,10000,Transparenzportal IFG 2025,ausbezahlt: Förderung von Einzelvorhaben und Jahrestätigkeiten im Bereich der Musik,,,suena - verein zur förderung und verbreitung neuer musik
SUENA - Verein zur Förderung und Verbreitung neuer Musik,1920809871,6,BMKöS_BMWKmS,Beschluss,2025,6500,Transparenzportal IFG 2025,ausbezahlt: Förderung Festspiele und ähnlichen Saisonveranstaltungen Förderungen,,,suena - verein zur förderung und verbreitung neuer musik
SUENA - Verein zur Förderung und Verbreitung neuer Musik,1920809871,6,MA7,Beschluss,2026,10000,Transparenzportal IFG 2026,ausbezahlt: Förderung von Einzelvorhaben und Jahrestätigkeiten im Bereich der Musik,,,suena - verein zur förderung und verbreitung neuer musik
SUENA - Verein zur Förderung und Verbreitung neuer Musik,1920809871,6,BMKöS_BMWKmS,Beschluss,2026,7000,Transparenzportal IFG 2026,ausbezahlt: Musik Förderung von Vereinen,,,suena - verein zur förderung und verbreitung neuer musik
"Salam Oida - Verein zur Förderung von Vielfalt in Kunst und Kultur , kurz: Salam Oida",1781236046,16,BMKöS_BMWKmS,Beschluss,2022,15000,Kunst- und Kulturbericht des Bundes 2022,ausbezahlt: Projekte Vereine Bildende Kunst — Ausnahme,"Muslim*Contemporary, Von Gästen zu Gastgebenden, Wien, Festival ",Salam Oida,"salam oida - verein zur förderung von vielfalt in kunst und kultur , kurz: salam\noida"
"Salam Oida - Verein zur Förderung von Vielfalt in Kunst und Kultur , kurz: Salam Oida",1781236046,16,BMKöS_BMWKmS,Beschluss,2023,21000,Kunst- und Kulturbericht des Bundes 2023,ausbezahlt: Projekte Vereine Bildende Kunst — Ausnahme,"Muslim*Contemporary, Von Gästen zu Gastgebenden, Wien, Festival ",Salam Oida,"salam oida - verein zur förderung von vielfalt in kunst und kultur , kurz: salam\noida"
"Salam Oida - Verein zur Förderung von Vielfalt in Kunst und Kultur , kurz: Salam Oida",1781236046,16,MA7,Beschluss,2024,30000,"Kunst-, Kultur-, und Wissenschaftsbericht der Stadt Wien 2024",ausbezahlt: Einzelnförderungen (Projekte) Kulturinitiativen,SALAM OIDA – Wir feiern (K)uns(t)!,Salam Oida,"salam oida - verein zur förderung von vielfalt in kunst und kultur , kurz: salam\noida"
"Salam Oida - Verein zur Förderung von Vielfalt in Kunst und Kultur , kurz: Salam Oida",1781236046,16,BMKöS_BMWKmS,Beschluss,2024,42000,Kunst- und Kulturbericht des Bundes 2024,ausbezahlt: Kunst- und Kulturprojekte Vereine — Ausnahme,Muslim*Contemporary ,Salam Oida,"salam oida - verein zur förderung von vielfalt in kunst und kultur , kurz: salam\noida"
"Salam Oida - Verein zur Förderung von Vielfalt in Kunst und Kultur , kurz: Salam Oida",1781236046,16,MA7,Beschluss,2026,25000,Transparenzportal IFG 2026,ausbezahlt: Förderung von Einzelvorhaben und Jahrestätigkeiten im Bereich der Kulturinitiativen,,Salam Oida,"salam oida - verein zur förderung von vielfalt in kunst und kultur , kurz: salam\noida"
Sandkasten Syndikat - Verein zur transkulturellen und interdisziplinären\nkünstlerischen Vernetzung und Kulturvermittlung,1740449626,17,MA7,Beschluss,2022,2500,Kunst- Kultur- und Wissenschaftsbericht der Stadt Wien 2022,ausbezahlt: Einzelnförderungen (Projekte) Musik,Klub Montage,Sandkasten Syndikat,sandkasten syndikat - verein zur transkulturellen und interdisziplinären\nkünstlerischen vernetzung und kulturvermittlung
Sandkasten Syndikat - Verein zur transkulturellen und interdisziplinären\nkünstlerischen Vernetzung und Kulturvermittlung,1740449627,17,MA7,Beschluss,2023,5000,Kunst- Kultur- und Wissenschaftsbericht der Stadt Wien 2023,ausbezahlt: Einzelnförderungen (Projekte) Kulturinitiativen,Klub.Montage – Öffentliche Impro-Konzerte und transdisziplinäre Jam-Sessions,Sandkasten Syndikat,sandkasten syndikat - verein zur transkulturellen und interdisziplinären\nkünstlerischen vernetzung und kulturvermittlung
Sandkasten Syndikat - Verein zur transkulturellen und interdisziplinären\nkünstlerischen Vernetzung und Kulturvermittlung,1740449628,17,MA7,Beschluss,2024,8000,Kunst- Kultur- und Wissenschaftsbericht der Stadt Wien 2024,ausbezahlt: Einzelnförderungen (Projekte) Kulturinitiativen,Sandkasten Syndikat,Sandkasten Syndikat,sandkasten syndikat - verein zur transkulturellen und interdisziplinären\nkünstlerischen vernetzung und kulturvermittlung
Sandkasten Syndikat - Verein zur transkulturellen und interdisziplinären\nkünstlerischen Vernetzung und Kulturvermittlung,1740449628,17,MA7,Beschluss,2025,5000,Transparenzportal IFG 2025,ausbezahlt: Förderung von Einzelnvorhaben im Bereich der Musik  ,,Sandkasten Syndikat,sandkasten syndikat - verein zur transkulturellen und interdisziplinären\nkünstlerischen vernetzung und kulturvermittlung
Sandkasten Syndikat - Verein zur transkulturellen und interdisziplinären\nkünstlerischen Vernetzung und Kulturvermittlung,1740449628,17,MA7,Beschluss,2025,8000,Transparenzportal IFG 2025,ausbezahlt: Förderung von Einzelnvorhaben im Bereich der Kulturinitiativen  ,,Sandkasten Syndikat,sandkasten syndikat - verein zur transkulturellen und interdisziplinären\nkünstlerischen vernetzung und kulturvermittlung
Sandkasten Syndikat - Verein zur transkulturellen und interdisziplinären\nkünstlerischen Vernetzung und Kulturvermittlung,1740449628,17,MA7,Beschluss,2026,5000,Transparenzportal IFG 2026,ausbezahlt: Förderung von Einzelnvorhaben im Bereich der Kulturinitiativen  ,,Sandkasten Syndikat,sandkasten syndikat - verein zur transkulturellen und interdisziplinären\nkünstlerischen vernetzung und kulturvermittlung
"Setzkasten, Verein und Werkstatt zur Förderung intermedialer Kunst",314108954,17,MA7,Beschluss,2022,22000,Kunst- und Kulturbericht des Bundes 2022,ausbezahlt: Einzelnförderungen (Projekte) Stadtteilkultur und Interkulturalität,"Veranstaltungsreihe | versatzstuecke. edition: TTTOXic Paradise
",Setzkasten Wien,"setzkasten, verein und werkstatt zur förderung intermedialer kunst"
"Setzkasten, Verein und Werkstatt zur Förderung intermedialer Kunst",314108954,17,MA7,Beschluss,2023,25000,Kunst- Kultur- und Wissenschaftsbericht der Stadt Wien 2023,ausbezahlt: Gesamtförderung Kulturinitiativen,,Setzkasten Wien,"setzkasten, verein und werkstatt zur förderung intermedialer kunst"
"Setzkasten, Verein und Werkstatt zur Förderung intermedialer Kunst",314108954,17,MA7,Beschluss,2024,25000,Kunst- Kultur- und Wissenschaftsbericht der Stadt Wien 2024,ausbezahlt: Gesamtförderung Kulturinitiativen,,Setzkasten Wien,"setzkasten, verein und werkstatt zur förderung intermedialer kunst"
"Setzkasten, Verein und Werkstatt zur Förderung intermedialer Kunst",314108954,17,MA7,Beschluss,2025,22000,Transparenzportal IFG 2025,ausbezahlt: Förderung von Einzelvorhaben und Jahrestätigkeiten im Bereich der Kulturinitiativen,,,"setzkasten, verein und werkstatt zur förderung intermedialer kunst"
"Setzkasten, Verein und Werkstatt zur Förderung intermedialer Kunst",314108954,17,BMKöS_BMWKmS,Beschluss,2025,8000,Transparenzportal IFG 2025,ausbezahlt: Video- Medienkunst Förderung von Vereinen,,,"setzkasten, verein und werkstatt zur förderung intermedialer kunst"
"Setzkasten, Verein und Werkstatt zur Förderung intermedialer Kunst",314108954,17,MA7,Beschluss,2026,15000,Transparenzportal IFG 2026,ausbezahlt: Förderung von Einzelvorhaben und Jahrestätigkeiten im Bereich der Kulturinitiativen,,,"setzkasten, verein und werkstatt zur förderung intermedialer kunst"
"Simon Herbert Waldhör 
",[Einzelperson],[Einzelperson],MA7,Beschluss,2022,3500,Kunst- Kultur- und Wissenschaftsbericht der Stadt Wien 2022,ausbezahlt: Einzelnförderungen (Projekte),Club-Eventreihe Augend&Addend – Undoing the equation,,
"Simon Herbert Waldhör 
",[Einzelperson],[Einzelperson],MA7,Beschluss,2023,4000,Kunst- Kultur- und Wissenschaftsbericht der Stadt Wien 2023,ausbezahlt: Einzelnförderungen (Projekte),Augend&Addend – Undoing the equation,,
"Sounds Queer?"" Feministischer, queerer Verein zur Förderung elektronischer Musik",1784018089,18,MA7,Beschluss,2023,10000,Kunst- Kultur- und Wissenschaftsbericht der Stadt Wien 2023,ausbezahlt: Einzelnförderungen (Projekte) Musik,Synth Lab,,"""sounds queer?"" feministischer, queerer verein zur förderung elektronischer musik"
Studio Dan - Verein für Neue Musik,408034688,20,MA7,Beschluss,2022,50000,Kunst- Kultur- und Wissenschaftsbericht der Stadt Wien 2022,ausbezahlt: Orchester & Ensembles Musik — Gesamtförderung 2022,,Studio Dan,studio dan - verein für neue musik
Studio Dan - Verein für Neue Musik,408034688,20,MA7,Beschluss,2022,20000,Kunst- Kultur- und Wissenschaftsbericht der Stadt Wien 2022,ausbezahlt: Einzelnförderungen (Projekte) Musik,ZONK!?!!,Studio Dan,studio dan - verein für neue musik
Studio Dan - Verein für Neue Musik,408034688,20,BMKöS_BMWKmS,Beschluss,2022,2800,Kunst- und Kulturbericht des Bundes 2022,ausbezahlt: Musikförderung Projekte,Kompositionsförderung,Studio Dan,studio dan - verein für neue musik
Studio Dan - Verein für Neue Musik,408034688,20,BMKöS_BMWKmS,Beschluss,2022,40000,Kunst- und Kulturbericht des Bundes 2022,ausbezahlt: Musikförderung Jahresprogramme,,Studio Dan,studio dan - verein für neue musik
Studio Dan - Verein für Neue Musik,408034688,20,MA7,Beschluss,2023,70000,Kunst- Kultur- und Wissenschaftsbericht der Stadt Wien 2023,ausbezahlt: Orchester & Ensemble Musik,Gesamtförderung 2023,Studio Dan,studio dan - verein für neue musik
Studio Dan - Verein für Neue Musik,408034688,20,MA7,Beschluss,2023,70000,Kunst- Kultur- und Wissenschaftsbericht der Stadt Wien 2023,ausbezahlt: Orchester & Ensemble Musik,Gesamtförderung 2023,Studio Dan,studio dan - verein für neue musik
Studio Dan - Verein für Neue Musik,408034688,20,BMKöS_BMWKmS,Beschluss,2023,40000,Kunst- und Kulturbericht des Bundes 2023,ausbezahlt: Musikförderung Jahresprogramme,,Studio Dan,studio dan - verein für neue musik
Studio Dan - Verein für Neue Musik,408034688,20,BMKöS_BMWKmS,Beschluss,2023,14000,Kunst- und Kulturbericht des Bundes 2023,ausbezahlt: Musikförderung Projekte,"Tourneekostenzuschuss, Österreich und Kanada | Kompositionsförderung",Studio Dan,studio dan - verein für neue musik
Studio Dan - Verein für Neue Musik,408034688,20,MA7,Beschluss,2024,100000,Kunst- Kultur- und Wissenschaftsbericht der Stadt Wien 2024,ausbezahlt: Orchester & Ensemble Musik,Mehrjährige Gesamtförderung 2024–2025 (2024),Studio Dan,studio dan - verein für neue musik
Studio Dan - Verein für Neue Musik,408034688,20,BMKöS_BMWKmS,Beschluss,2024,50000,Kunst- und Kulturbericht des Bundes 2024,ausbezahlt: Musikförderung Jahresprogramme,,Studio Dan,studio dan - verein für neue musik
Studio Dan - Verein für Neue Musik,408034688,20,BMKöS_BMWKmS,Beschluss,2024,1000,Kunst- und Kulturbericht des Bundes 2024,ausbezahlt: Musikförderungen Projekte — Projektkostenzuschuss,,Studio Dan,studio dan - verein für neue musik
Studio Dan - Verein für Neue Musik,408034688,20,MA7,Beschluss,2025,100000,Transparenzportal IFG 2025,ausbezahlt: Förderung von Einzelnvorhaben im Bereich der Musik,,Studio Dan,studio dan - verein für neue musik
Studio Dan - Verein für Neue Musik,408034688,20,BMKöS_BMWKmS,Beschluss,2025,54000,Transparenzportal IFG 2025,"ausbezahlt: Musik Förderung von Vereinen, vergleichbaren Einrichtungen und Einzelpersonen",,Studio Dan,studio dan - verein für neue musik
Studio Dan - Verein für Neue Musik,408034688,20,MA7,Beschluss,2026,35000,Transparenzportal IFG 2026,ausbezahlt: Föderung von Einzelvorhaben und Jahrestätigkeiten freier Gruppen im Bereich der darstellende Kunst ,,Studio Dan,studio dan - verein für neue musik
Studio Dan - Verein für Neue Musik,408034688,20,MA7,Beschluss,2026,100000,Transparenzportal IFG 2026 — Gemeinderatsbeschluss Wien (Sitzung 9.1.2026) AZ 1627283-2025-GKU,ausbezahlt: Förderung von Einzelnvorhaben und Jahrestätigkeiten im Bereich der Musik — Jahrestätigkeit 2026,,Studio Dan,studio dan - verein für neue musik
Studio Dan - Verein für Neue Musik,408034688,20,BMKöS_BMWKmS,Beschluss,2026,60000,Transparenzportal IFG 2026 — BMWKmS Schreiben GZ 2026-0.020.894 (13.02.2026),"ausbezahlt: Musik Förderung von Vereinen, vergleichbaren Einrichtungen und Einzelpersonen — Zweijahrestätigkeit 2026-2027",,Studio Dan,studio dan - verein für neue musik
TONSPUR Kunstverein Wien,824358800,7,MA7,Beschluss,2022,12000,Kunst- und Kulturbericht des Bundes 2022,ausbezahlt: Gesamtförderung (Jahrestätigkeit) Bildende Kunst und Medienkunst,,TONSPUR,tonspur kunstverein wien
TONSPUR Kunstverein Wien,824358800,7,MA7,Beschluss,2022,9500,Kunst- und Kulturbericht des Bundes 2022,ausbezahlt: Gesamtförderung Musik,,TONSPUR,tonspur kunstverein wien
TONSPUR Kunstverein Wien,824358800,7,BMKöS_BMWKmS,Beschluss,2022,22776,Kunst- und Kulturbericht des Bundes 2022,ausbezahlt: Medienkunst Jahresprogramme — Ausnahme,,TONSPUR,tonspur kunstverein wien
TONSPUR Kunstverein Wien,824358800,7,BMKöS_BMWKmS,Beschluss,2022,10000,Kunst- und Kulturbericht des Bundes 2022,ausbezahlt: Musik Institutionen,Tonspur für einen öffentlichen Raum | Tonspur passage,TONSPUR,tonspur kunstverein wien
TONSPUR Kunstverein Wien,824358800,7,MA7,Beschluss,2023,13000,Kunst- und Kulturbericht des Bundes 2023,ausbezahlt: Gesamtförderungen (Jahrestätigkeit) Musik,,TONSPUR,tonspur kunstverein wien
TONSPUR Kunstverein Wien,824358800,7,MA7,Beschluss,2023,12000,Kunst- Kultur- und Wissenschaftsbericht der Stadt Wien 2023,ausbezahlt: Gesamtförderungen (Jahrestätigkeit) Bildende Kunst und Medienkunst,,TONSPUR,tonspur kunstverein wien
TONSPUR Kunstverein Wien,824358800,7,BMKöS_BMWKmS,Beschluss,2023,23000,Kunst- und Kulturbericht des Bundes 2023,ausbezahlt: Medienkunst Jahresprogramme — Ausnahme,,TONSPUR,tonspur kunstverein wien
TONSPUR Kunstverein Wien,824358800,7,BMKöS_BMWKmS,Beschluss,2023,10000,Kunst- und Kulturbericht des Bundes 2023,ausbezahlt: Digitalisierung Digitale Transformation — Ausnahme,,TONSPUR,tonspur kunstverein wien
TONSPUR Kunstverein Wien,824358800,7,MA7,Beschluss,2024,13000,Kunst- Kultur- und Wissenschaftsbericht der Stadt Wien 2024,ausbezahlt: Gesamtförderung (Jahrestätigkeit) Musik,,TONSPUR,tonspur kunstverein wien
TONSPUR Kunstverein Wien,824358800,7,MA7,Beschluss,2024,12000,Kunst- Kultur- und Wissenschaftsbericht der Stadt Wien 2024,ausbezahlt: Gesamtförderung (Jahrestätigkeit) Bildende Kunst und Medienkunst,,TONSPUR,tonspur kunstverein wien
TONSPUR Kunstverein Wien,824358800,7,BMKöS_BMWKmS,Beschluss,2024,25000,Kunst- und Kulturbericht des Bundes 2024,ausbezahlt: Medienkunst Jahresprogramme — Ausnahme,,TONSPUR,tonspur kunstverein wien
TONSPUR Kunstverein Wien,824358800,7,MA7,Beschluss,2025,10000,Transparenzportal IFG 2025,ausbezahlt: Förderung von Einzelvorhaben und Jahrestätigkeiten im Bereich der Bildendekunst und Medienkunst,,,tonspur kunstverein wien
TONSPUR Kunstverein Wien,824358800,7,MA7,Beschluss,2025,14000,Transparenzportal IFG 2025,ausbezahlt: Förderung von Einzelvorhaben und Jahrestätigkeiten im Bereich der Musik,,,tonspur kunstverein wien
TONSPUR Kunstverein Wien,824358800,7,BMKöS_BMWKmS,Beschluss,2025,25000,Transparenzportal IFG 2025,ausbezahlt: Video- Medienkunst Förderung von Vereinen,,,tonspur kunstverein wien
TONSPUR Kunstverein Wien,824358800,7,BMKöS_BMWKmS,Beschluss,2025,5000,Transparenzportal IFG 2025,ausbezahlt: Förderung internationaler Projekte im Kunst und Kulturbereich,,,tonspur kunstverein wien
TONSPUR Kunstverein Wien,824358800,7,MA7,Beschluss,2026,10000,Transparenzportal IFG 2026,ausbezahlt: Förderung von Einzelvorhaben und Jahrestätigkeiten im Bereich der Bildendekunst und Medienkunst,,,tonspur kunstverein wien
TONSPUR Kunstverein Wien,824358800,7,MA7,Beschluss,2026,14000,Transparenzportal IFG 2026,ausbezahlt: Förderung von Einzelvorhaben und Jahrestätigkeiten im Bereich der Musik,,,tonspur kunstverein wien
TONSPUR Kunstverein Wien,824358800,7,BMKöS_BMWKmS,Beschluss,2026,33000,Transparenzportal IFG 2026,ausbezahlt: Video- Medienkunst Förderung von Vereinen,,,tonspur kunstverein wien
The Acousmatic Project - Verein zur Förderung Akusmatischer Musik,874404447,2,MA7,Beschluss,2022,16000,Kunst- Kultur- und Wissenschaftsbericht der Stadt Wien 2022,"ausbezahlt: Einzelnförderungen (Projekte) Wissenschaft, Museen",Das Hybrid Audio Diffusion System (HADS) als Werkzeug zur Entwicklung des Virtuellen Wiener Akusmonium,,the acousmatic project - verein zur förderung akusmatischer musik
The Acousmatic Project - Verein zur Förderung Akusmatischer Musik,874404447,2,MA7,Beschluss,2022,22000,Kunst- Kultur- und Wissenschaftsbericht der Stadt Wien 2022,ausbezahlt: Einzelnförderungen (Projekte) Musik,Projektreihe im Rahmen von Acousmatic Project,,the acousmatic project - verein zur förderung akusmatischer musik
The Acousmatic Project - Verein zur Förderung Akusmatischer Musik,874404447,2,BMKöS_BMWKmS,Beschluss,2022,13400,Kunst- und Kulturbericht des Bundes 2022,ausbezahlt: Musikförderung Jahresprogramme,,,the acousmatic project - verein zur förderung akusmatischer musik
The Acousmatic Project - Verein zur Förderung Akusmatischer Musik,874404447,2,MA7,Beschluss,2023,22000,Kunst- Kultur- und Wissenschaftsbericht der Stadt Wien 2023,ausbezahlt: Einzelnförderungen (Projekte) Musik,Young Lion*ess of Acousmatic Music | Projektreihe und Festival Acousmatic Projekt. Einzelförderung Projekte,,the acousmatic project - verein zur förderung akusmatischer musik
The Acousmatic Project - Verein zur Förderung Akusmatischer Musik,874404447,2,BMKöS_BMWKmS,Beschluss,2023,15000,Kunst- und Kulturbericht des Bundes 2023,ausbezahlt: Musikförderung Jahresprogramme,,,the acousmatic project - verein zur förderung akusmatischer musik
The Acousmatic Project - Verein zur Förderung Akusmatischer Musik,874404447,2,MA7,Beschluss,2024,22000,Kunst- Kultur- und Wissenschaftsbericht der Stadt Wien 2024,ausbezahlt: Gesamtförderungen (Jahrestätigkeit) Musik,,,the acousmatic project - verein zur förderung akusmatischer musik
The Acousmatic Project - Verein zur Förderung Akusmatischer Musik,874404447,2,BMKöS_BMWKmS,Beschluss,2024,16000,Kunst- und Kulturbericht des Bundes 2024,ausbezahlt: Musikförderung Jahresprogramme,,,the acousmatic project - verein zur förderung akusmatischer musik
The Acousmatic Project - Verein zur Förderung Akusmatischer Musik,874404447,2,BMKöS_BMWKmS,Beschluss,2024,6100,Kunst- und Kulturbericht des Bundes 2024,ausbezahlt: Musikförderung Projekte — Tourneekostenzuschuss,,,the acousmatic project - verein zur förderung akusmatischer musik
The Acousmatic Project - Verein zur Förderung Akusmatischer Musik,874404447,2,MA7,Beschluss,2025,15000,Transparenzportal IFG 2025,ausbezahtl: Förderung von Einzelnvorhaben und Jahrestätigkeiten im Bereich der Musik,,,the acousmatic project - verein zur förderung akusmatischer musik
The Acousmatic Project - Verein zur Förderung Akusmatischer Musik,874404447,2,MA7,Beschluss,2025,16000,Transparenzportal IFG 2025,"ausbezahlt: Musik Förderung von Vereinen, vergleichbaren Einrichtungen und Einzelpersonen",,,the acousmatic project - verein zur förderung akusmatischer musik
The Acousmatic Project - Verein zur Förderung Akusmatischer Musik,874404447,2,MA7,Beschluss,2026,10000,Transparenzportal IFG 2026,ausbezahtl: Förderung von Einzelnvorhaben und Jahrestätigkeiten im Bereich der Musik,,,the acousmatic project - verein zur förderung akusmatischer musik
The Acousmatic Project - Verein zur Förderung Akusmatischer Musik,874404447,2,MA7,Beschluss,2026,16000,Transparenzportal IFG 2026,"ausbezahlt: Musik Förderung von Vereinen, vergleichbaren Einrichtungen und Einzelpersonen",,,the acousmatic project - verein zur förderung akusmatischer musik
UNSAFE SOUNDS - Verein zur Verteidigung künstlerischer Grauzonen,1670187874,18,MA7,Beschluss,2022,50000,Kunst- und Kulturbericht des Bundes 2022,ausbezahlt: Festivals Musik,Unsafe+Sounds Festival,Unsafe+Sounds,unsafe sounds - verein zur verteidigung künstlerischer grauzonen
UNSAFE SOUNDS - Verein zur Verteidigung künstlerischer Grauzonen,1670187874,18,MA7,Beschluss,2022,5000,Kunst- und Kulturbericht des Bundes 2022,"ausbezahlt: Einzelnförderungen (Projekte) Wissenschaft, Museen",Unsafe+Sounds Festival: DISKURSPROGRAMM – „Politics of the dancefloor?“,Unsafe+Sounds,unsafe sounds - verein zur verteidigung künstlerischer grauzonen
UNSAFE SOUNDS - Verein zur Verteidigung künstlerischer Grauzonen,1670187874,18,MA7,Beschluss,2023,57000,Kunst- Kultur- und Wissenschaftsbericht der Stadt Wien 2023,ausbezahlt: Festivals Musik,Unsafe+Sounds Festival 2023,Unsafe+Sounds,unsafe sounds - verein zur verteidigung künstlerischer grauzonen
UNSAFE SOUNDS - Verein zur Verteidigung künstlerischer Grauzonen,1670187874,18,BMKöS_BMWKmS,Beschluss,2023,7000,Kunst- und Kulturbericht des Bundes 2023,"ausbezahlt: Festspiele, Großveranstaltungen Musik und darstellende Kunst",Unsafe+Sounds Festival 2023,Unsafe+Sounds,unsafe sounds - verein zur verteidigung künstlerischer grauzonen
UNSAFE SOUNDS - Verein zur Verteidigung künstlerischer Grauzonen,1670187874,18,BMKöS_BMWKmS,Beschluss,2023,7000,Kunst- und Kulturbericht des Bundes 2023,"ausbezahlt: Festspiele, Großveranstaltungen Musik und darstellende Kunst",,Unsafe+Sounds,unsafe sounds - verein zur verteidigung künstlerischer grauzonen
UNSAFE SOUNDS - Verein zur Verteidigung künstlerischer Grauzonen,1670187874,18,MA7,Beschluss,2024,60000,Kunst- Kultur- und Wissenschaftsbericht der Stadt Wien 2024,ausbezahlt: Festivals Musik,Unsafe+Sounds Festival,Unsafe+Sounds,unsafe sounds - verein zur verteidigung künstlerischer grauzonen
UNSAFE SOUNDS - Verein zur Verteidigung künstlerischer Grauzonen,1670187874,18,BMKöS_BMWKmS,Beschluss,2024,12000,Kunst- und Kulturbericht des Bundes 2024,ausbezahlt: Musikförderung Projekte,Unsafe+Sounds Festival,Unsafe+Sounds,unsafe sounds - verein zur verteidigung künstlerischer grauzonen
UNSAFE SOUNDS - Verein zur Verteidigung künstlerischer Grauzonen,1670187874,18,BMKöS_BMWKmS,Beschluss,2024,12000,Kunst- und Kulturbericht des Bundes 2024,ausbezahlt: Musikförderung Projekte,,Unsafe+Sounds,unsafe sounds - verein zur verteidigung künstlerischer grauzonen
Verein Kulturzentrum FLUCC,1842290121,2,MA7,Beschluss,2023,155000,Kunst- Kultur- und Wissenschaftsbericht der Stadt Wien 2023,ausbezahlt: Gesamtförderungen (Jahrestätigkeit) Kulturinitiativen,,FLUCC,verein kulturzentrum flucc
Verein Kulturzentrum FLUCC,1842290121,2,MA7,Beschluss,2025,110000,Transparenzportal IFG 2025,ausbezahlt: Förderung von Einzelnvorhaben und Jahrestätigkeiten im Bereich der Kulturinitiativen,,FLUCC,verein kulturzentrum flucc
Verein Kulturzentrum FLUCC,1842290121,2,BMKöS_BMWKmS,Beschluss,2025,30000,Transparenzportal IFG 2025,ausbezahlt: Video- Medienkunst: Förderung von Vereinen,,FLUCC,verein kulturzentrum flucc
Verein Kulturzentrum FLUCC,1842290121,2,MA7,Beschluss,2026,160000,Transparenzportal IFG 2026,ausbezahlt: Förderung von Einzelnvorhaben und Jahrestätigkeiten im Bereich der Kulturinitiativen,,FLUCC,verein kulturzentrum flucc
Verein Kulturzentrum FLUCC,1842290121,2,BMKöS_BMWKmS,Beschluss,2026,30000,Transparenzportal IFG 2026,ausbezahlt: Video- Medienkunst: Förderung von Vereinen,,FLUCC,verein kulturzentrum flucc
Verein Künstlergruppe DYNAMO,332578538,2,MA7,Beschluss,2022,16000,Kunst- Kultur- und Wissenschaftsbericht der Stadt Wien 2022,ausbezahlt: Einzelnförderung (Projekte) Musik — Venue: FLUCC,"Konzerttätigkeiten und Musikprogramm FLUC und FLUC_WANNE, 1. Halbjahr 2022",,verein künstlergruppe dynamo
Verein Künstlergruppe DYNAMO,332578538,2,MA7,Beschluss,2022,12000,Kunst- Kultur- und Wissenschaftsbericht der Stadt Wien 2022,ausbezahlt: Einzelnförderungen (Projekte) Bildende Kunst und Neue Medien — venue: FLUCC,,,verein künstlergruppe dynamo
Verein Künstlergruppe DYNAMO,332578538,2,MA7,Beschluss,2022,60000,Kunst- Kultur- und Wissenschaftsbericht der Stadt Wien 2022,ausbezahlt: Gesamtförderungen (Jahrestätigkeit) Stadtteilkultur und Interkulturalität — venue: FLUCC,,,verein künstlergruppe dynamo
Verein Künstlergruppe DYNAMO,332578538,2,BMKöS_BMWKmS,Beschluss,2022,30490,Kunst- und Kulturbericht des Bundes 2022,ausbezahlt: Jahresprogramm Medienkunst — Venue FLUCC,,,verein künstlergruppe dynamo
Verein Künstlergruppe DYNAMO,332578538,2,MA7,Beschluss,2023,12000,Kunst- Kultur- und Wissenschaftsbericht der Stadt Wien 2023,ausbezahlt: Einzelnförderungen (Projekte) Bildende Kunst und Neue Medien — venue: FLUCC,,,verein künstlergruppe dynamo
Verein Künstlergruppe DYNAMO,332578538,2,MA7,Beschluss,2023,155000,Kunst- Kultur- und Wissenschaftsbericht der Stadt Wien 2023,ausbezahlt: Gesamtförderungen (Jahrestätigkeit) Kulturinitiativen — venue: FLUCC,,,verein künstlergruppe dynamo
Verein für Kunstvermischung,448124582,17,MA7,Beschluss,2022,20000,Kunst- Kultur- und Wissenschaftsbericht der Stadt Wien 2022,ausbezahlt: Einzelnförderungen (Projekte) Musik,Der Blöde Dritte Mittwoch,,verein für kunstvermischung
Verein für Kunstvermischung,448124582,17,BMKöS_BMWKmS,Beschluss,2022,12000,Kunst- und Kulturbericht des Bundes 2022,ausbezahlt: Kunst- und Kulturprojekte Vereine,Der Blöde Dritte Mittwoch,,verein für kunstvermischung
Verein für Kunstvermischung,448124582,17,MA7,Beschluss,2023,25000,Kunst- Kultur- und Wissenschaftsbericht der Stadt Wien 2023,ausbezahlt: Einzelnförderungen (Projekte) Musik,BDMM | Beatnik Manifiesto Manifesto,,verein für kunstvermischung
Verein für Kunstvermischung,448124582,17,BMKöS_BMWKmS,Beschluss,2023,13000,Kunst- und Kulturbericht des Bundes 2023,ausbezahlt: Kunst- und Kulturprojekte Vereine,Der Blöde Dritte Mittwoch,,verein für kunstvermischung
Verein für Kunstvermischung,448124582,17,MA7,Beschluss,2024,25000,Kunst- Kultur- und Wissenschaftsbericht der Stadt Wien 2024,ausbezahlt: Einzelförderung (Projekte) Musik,Der Blöde Dritte Mittwoch,,verein für kunstvermischung
Verein für Kunstvermischung,448124582,17,BMKöS_BMWKmS,Beschluss,2024,13650,Kunst- und Kulturbericht des Bundes 2024,ausbezahlt: Kunst- und Kulturprojekte Vereine,Der Blöde Dritte Mittwoch,,verein für kunstvermischung
Verein für Kunstvermischung,448124582,17,MA7,Beschluss,2025,26000,Transparenzportal IFG 2025,ausbezahlt: Förderung von Einzelvorhaben und Jahrestätigkeiten im Bereich der Musik,,,verein für kunstvermischung
Verein für Kunstvermischung,448124582,17,BMKöS_BMWKmS,Beschluss,2025,13000,Transparenzportal IFG 2025,ausbezahlt: Regionale Kulturinitiativen Förderung von Kultureinrichtungen ,,,verein für kunstvermischung
Verein für Kunstvermischung,448124582,17,MA7,Beschluss,2026,25000,Transparenzportal IFG 2026,ausbezahlt: Förderung von Einzelvorhaben und Jahrestätigkeiten im Bereich der Musik,,,verein für kunstvermischung
Verein für Kunstvermischung,448124582,17,BMKöS_BMWKmS,Beschluss,2026,13000,Transparenzportal IFG 2026,ausbezahlt: Regionale Kulturinitiativen Förderung von Kultureinrichtungen ,,,verein für kunstvermischung
Verein für elektroakustische Musik; Kurztitel VELAK,229137709,5,MA7,Beschluss,2022,4500,Kunst- Kultur- und Wissenschaftsbericht der Stadt Wien 2022,ausbezahlt: Einzelförderung (Projekte) Musik,VELAK Gala,,verein für elektroakustische musik kurztitel velak
Verein für elektroakustische Musik; Kurztitel VELAK,229137709,5,BMKöS_BMWKmS,Beschluss,2022,11800,Kunst- und Kulturbericht des Bundes 2022,ausbezahlt: Muskförderung Jahresprogramme,,,verein für elektroakustische musik kurztitel velak
Verein für elektroakustische Musik; Kurztitel VELAK,229137709,5,MA7,Beschluss,2023,5000,Kunst- Kultur- und Wissenschaftsbericht der Stadt Wien 2023,ausbezahlt: Einzelförderung (Projekte) Musik,VELAK Gala Konzertreihe,,verein für elektroakustische musik kurztitel velak
Verein für elektroakustische Musik; Kurztitel VELAK,229137709,5,BMKöS_BMWKmS,Beschluss,2023,13000,Kunst- und Kulturbericht des Bundes 2023,ausbezahlt: Musikförderung Jahresprogramme,,,verein für elektroakustische musik kurztitel velak
Verein für elektroakustische Musik; Kurztitel VELAK,229137709,5,BMKöS_BMWKmS,Beschluss,2023,9000,Kunst- und Kulturbericht des Bundes 2023,ausbezahlt: Musikförderung Projekte,,,verein für elektroakustische musik kurztitel velak
Verein für elektroakustische Musik; Kurztitel VELAK,229137709,5,MA7,Beschluss,2024,6500,Kunst- Kultur- und Wissenschaftsbericht der Stadt Wien 2024,ausbezahlt: Einzelförderung (Projekte) Musik,VELAK Gala,,verein für elektroakustische musik kurztitel velak
Verein für elektroakustische Musik; Kurztitel VELAK,229137709,5,BMKöS_BMWKmS,Beschluss,2024,13500,Kunst- und Kulturbericht des Bundes 2024,ausbezahlt: Musikförderung Jahresprogramme,,,verein für elektroakustische musik kurztitel velak
Verein für elektroakustische Musik; Kurztitel VELAK,229137709,2,BMKöS_BMWKmS,Beschluss,2024,1500,Kunst- und Kulturbericht des Bundes 2024,ausbezahlt: Musikförderung Projekte —Tourneekostenzuschuss,,,verein für elektroakustische musik kurztitel velak
Verein für elektroakustische Musik; Kurztitel VELAK,229137709,5,MA7,Beschluss,2025,6000,Transparenzportal IFG 2025,ausbezahlt: Förderung von Einzelnvorhaben und Jahrestätigkeiten im Bereich der Musik,,,verein für elektroakustische musik kurztitel velak
Verein für elektroakustische Musik; Kurztitel VELAK,229137709,5,BMKöS_BMWKmS,Beschluss,2025,13500,Transparenzportal IFG 2025,"ausbezahlt: Musik Förderung von Vereinen, vergleichbaren Einrichtungen und Einzelpersonen",,,verein für elektroakustische musik kurztitel velak
Verein für elektroakustische Musik; Kurztitel VELAK,229137709,5,MA7,Beschluss,2026,5000,Transparenzportal IFG 2026,ausbezahlt: Förderung von Einzelnvorhaben und Jahrestätigkeiten im Bereich der Musik,,,verein für elektroakustische musik kurztitel velak
Verein für elektroakustische Musik; Kurztitel VELAK,229137709,5,BMKöS_BMWKmS,Beschluss,2026,27000,Transparenzportal IFG 2026,"ausbezahlt: Musik Förderung von Vereinen, vergleichbaren Einrichtungen und Einzelpersonen",,,verein für elektroakustische musik kurztitel velak
Verein für experimentelle improvisierte Musik (VEIM),420413087,4,MA7,Beschluss,2022,10000,Kunst- und Kulturbericht des Bundes 2022,ausbezahlt: Einzelnförderungen (Projekte) Musik,Monday Improvisers Session.,VEIM,verein für experimentelle improvisierte musik (veim)
Verein für experimentelle improvisierte Musik (VEIM),420413087,4,MA7,Beschluss,2023,11000,Kunst- Kultur- und Wissenschaftsbericht der Stadt Wien 2023,ausbezahlt: Einzelnförderungen (Projekte) Musik,Monday Improvisers Session.,VEIM,verein für experimentelle improvisierte musik (veim)
Verein für experimentelle improvisierte Musik (VEIM),420413087,4,MA7,Beschluss,2024,13000,Kunst- Kultur- und Wissenschaftsbericht der Stadt Wien 2024,ausbezahlt: Einzelnförderungen (Projekte) Musik,Monday Improvisers Session,VEIM,verein für experimentelle improvisierte musik (veim)
Verein für experimentelle improvisierte Musik (VEIM),420413087,4,BMKöS_BMWKmS,Beschluss,2024,5000,Kunst- und Kulturbericht des Bundes 2024,ausbezahlt: Musikförderung Jahresprogramme,,VEIM,verein für experimentelle improvisierte musik (veim)
Verein für experimentelle improvisierte Musik (VEIM),420413087,4,BMKöS_BMWKmS,Beschluss,2025,6000,Transparenzportal IFG 2025,"ausbezahlt: Musik Förderung von Vereinen, vergleichbaren Einrichtungen und Einzelpersonen",,VEIM,verein für experimentelle improvisierte musik (veim)
Verein für experimentelle improvisierte Musik (VEIM),420413087,4,MA7,Beschluss,2025,15000,Transparenzportal IFG 2025,ausbezahlt: Förderung von Einzelvorhaben und Jahrestätigkeiten im Bereich der Musik,,VEIM,verein für experimentelle improvisierte musik (veim)
Verein für experimentelle improvisierte Musik (VEIM),420413087,4,BMKöS_BMWKmS,Beschluss,2026,12000,Transparenzportal IFG 2026,"ausbezahlt: Musik Förderung von Vereinen, vergleichbaren Einrichtungen und Einzelpersonen",,VEIM,verein für experimentelle improvisierte musik (veim)
Verein für experimentelle improvisierte Musik (VEIM),420413087,4,MA7,Beschluss,2026,15000,Transparenzportal IFG 2026,ausbezahlt: Förderung von Einzelvorhaben und Jahrestätigkeiten im Bereich der Musik,,VEIM,verein für experimentelle improvisierte musik (veim)
Verein für vegetabile Klangpraxis,913810634,16,MA7,Beschluss,2023,10000,Kunst- Kultur- und Wissenschaftsbericht der Stadt Wien 2023,ausbezahlt: Einzelnförderungen (Projekte) Musik,25 Jahre Jubiläumskonzert,,verein für vegetabile klangpraxis
Verein für vegetabile Klangpraxis,913810634,16,MA7,Beschluss,2023,6000,Kunst- und Kulturbericht des Bundes 2023,ausbezahlt: Einzelnförderungen (Projekte) Musik,25 Jahre Jubiläumskonzert,,verein für vegetabile klangpraxis
Verein für vegetabile Klangpraxis,913810634,16,MA7,Beschluss,2025,8000,Transparenzportal IFG 2025,ausbezahlt: Förderung von Einzelnvorhaben im Bereich der Musik,25 Jahre Jubiläumskonzert,,verein für vegetabile klangpraxis
Verein zur Erweiterung des kulturellen und künstlerischen Spektrums (VEKKS),743276021,15,BMKöS_BMWKmS,Beschluss,2022,7000,Kunst- und Kulturbericht des Bundes 2022,ausbezahlt: Musikförderung Jahresprogramme,,Vekks,verein zur erweiterung des kulturellen und künstlerischen spektrums (vekks)
Verein zur Erweiterung des kulturellen und künstlerischen Spektrums (VEKKS),743276021,15,MA7,Beschluss,2022,10000,"Kunst-, Kultur-, und Wissenschaftsbericht der Stadt Wien 2022",ausbezahlt: Einzelnförderung (Projekte) Stadtteilkultur und Interkulturalität ,Veranstaltungsreihe,Vekks,verein zur erweiterung des kulturellen und künstlerischen spektrums (vekks)
Verein zur Erweiterung des kulturellen und künstlerischen Spektrums (VEKKS),743276021,15,MA7,Beschluss,2023,14000,"Kunst-, Kultur-, und Wissenschaftsbericht der Stadt Wien 2023",ausbezahlt: Gesamtförderungen (Jahrestätigkeit) Kulturinitiativen ,,Vekks,verein zur erweiterung des kulturellen und künstlerischen spektrums (vekks)
Verein zur Erweiterung des kulturellen und künstlerischen Spektrums (VEKKS),743276021,15,BMKöS_BMWKmS,Beschluss,2023,6000,Kunst- und Kulturbericht des Bundes 2023,ausbezahlt: Musikförderung Jahresprogramme,,Vekks,verein zur erweiterung des kulturellen und künstlerischen spektrums (vekks)
Verein zur Erweiterung des kulturellen und künstlerischen Spektrums (VEKKS),743276021,15,MA7,Beschluss,2024,18000,"Kunst-, Kultur-, und Wissenschaftsbericht der Stadt Wien 2024",ausbezahlt: Gesamtförderungen (Jahrestätigkeit) Kulturinitiativen ,,Vekks,verein zur erweiterung des kulturellen und künstlerischen spektrums (vekks)
Verein zur Erweiterung des kulturellen und künstlerischen Spektrums (VEKKS),743276021,15,BMKöS_BMWKmS,Beschluss,2024,8000,Kunst- und Kulturbericht des Bundes 2024,ausbezahlt: Musikförderung Jahresprogramme,,Vekks,verein zur erweiterung des kulturellen und künstlerischen spektrums (vekks)
Verein zur Erweiterung des kulturellen und künstlerischen Spektrums (VEKKS),743276021,15,MA7,Beschluss,2025,18000,Transparenzportal IFG 2025,ausbezahlt: Förderung von Einzelnvorhaben und Jahrestätigkeiten im Bereich der Musik,,Vekks,verein zur erweiterung des kulturellen und künstlerischen spektrums (vekks)
Verein zur Erweiterung des kulturellen und künstlerischen Spektrums (VEKKS),743276021,15,BMKöS_BMWKmS,Beschluss,2025,8000,Transparenzportal IFG 2025,"ausbezahlt: Musik Förderung von Vereinen, vergleichbaren Einrichtungen und Einzelpersonen",,Vekks,verein zur erweiterung des kulturellen und künstlerischen spektrums (vekks)
Verein zur Erweiterung des kulturellen und künstlerischen Spektrums (VEKKS),743276021,15,MA7,Beschluss,2026,18000,Transparenzportal IFG 2026,ausbezahlt: Förderung von Einzelnvorhaben und Jahrestätigkeiten im Bereich der Musik,,Vekks,verein zur erweiterung des kulturellen und künstlerischen spektrums (vekks)
Verein zur Erweiterung des kulturellen und künstlerischen Spektrums (VEKKS),743276021,15,BMKöS_BMWKmS,Beschluss,2026,16000,Transparenzportal IFG 2026,"ausbezahlt: Musik Förderung von Vereinen, vergleichbaren Einrichtungen und Einzelpersonen",,Vekks,verein zur erweiterung des kulturellen und künstlerischen spektrums (vekks)
Verein zur Förderung der Neuen Musik im Kirchenraum,812262237,15,MA7,Beschluss,2022,6500,Kunst- Kultur- und Wissenschaftsbericht der Stadt Wien 2022,ausbezahlt: Einzelnförderungen (Projekte) Musik,Neue Musik in St. Ruprecht,,verein zur förderung der neuen musik im kirchenraum
Verein zur Förderung der Neuen Musik im Kirchenraum,812262237,15,MA7,Beschluss,2023,6500,Kunst- Kultur- und Wissenschaftsbericht der Stadt Wien 2023,ausbezahlt: Einzelnförderungen (Projekte) Musik,Neue Musik in St. Ruprecht,,verein zur förderung der neuen musik im kirchenraum
Verein zur Förderung der Neuen Musik im Kirchenraum,812262237,15,BMKöS_BMWKmS,Beschluss,2023,13000,Kunst- und Kulturbericht des Bundes 2023,"ausbezahlt: Musik Förderung von Vereinen, vergleichbaren Einrichtungen und Einzelpersonen",Neue Musik in St. Ruprecht,,verein zur förderung der neuen musik im kirchenraum
Verein zur Förderung der Neuen Musik im Kirchenraum,812262237,15,MA7,Beschluss,2024,8000,Kunst- Kultur- und Wissenschaftsbericht der Stadt Wien 2024,ausbezahlt: Einzelförderung (Projekte) Musik,Neue Musik in St. Ruprecht,,verein zur förderung der neuen musik im kirchenraum
Verein zur Förderung der Neuen Musik im Kirchenraum,812262237,15,MA7,Beschluss,2025,10500,Transparenzportal IFG 2025,"ausbezahlt. Musik Förderung von Vereinen, vergleichbaren Einrichtungen und Einzelpersonen",,,verein zur förderung der neuen musik im kirchenraum
Verein zur Förderung der Neuen Musik im Kirchenraum,812262237,15,MA7,Beschluss,2025,8000,Transparenzportal IFG 2025,ausbezahlt: Förderung von Einzelnvorhaben und Jahrestätigkeiten im Bereich der Musik,,,verein zur förderung der neuen musik im kirchenraum
Verein zur Förderung der Neuen Musik im Kirchenraum,812262237,15,MA7,Beschluss,2026,7500,Transparenzportal IFG 2026,ausbezahlt: Förderung von Einzelnvorhaben und Jahrestätigkeiten im Bereich der Musik,,,verein zur förderung der neuen musik im kirchenraum
Verein zur Förderung der Neuen Musik im Kirchenraum,812262237,15,MA7,Beschluss,2026,21000,Transparenzportal IFG 2026,"ausbezahlt. Musik Förderung von Vereinen, vergleichbaren Einrichtungen und Einzelpersonen",,,verein zur förderung der neuen musik im kirchenraum
Verein zur Förderung von Subkultur,815077150,12,MA7,Beschluss,2022,8000,Kunst- Kultur- und Wissenschaftsbericht der Stadt Wien 2022,ausbezahlt: Einzelnförderungen (Projekte) Musik,Salon skug,,verein zur förderung von subkultur
Verein zur Förderung von Subkultur,815077150,12,MA7,Beschluss,2022,5000,Kunst- Kultur- und Wissenschaftsbericht der Stadt Wien 2022,"ausbezahlt: Gesamtförderungen (Jahrestätigkeit) Wissenschaft, Museen",skug Talks & Diskurs ,,verein zur förderung von subkultur
Verein zur Förderung von Subkultur,815077150,12,MA7,Beschluss,2023,8000,Kunst- Kultur- und Wissenschaftsbericht der Stadt Wien 2023,ausbezahlt: Einzelnförderungen (Projekte) Musik,Salon skug,,verein zur förderung von subkultur
Verein zur Förderung von Subkultur,815077150,12,MA7,Beschluss,2023,5000,Kunst- Kultur- und Wissenschaftsbericht der Stadt Wien 2023,"ausbezahlt: Einzelnförderungen (Projekte) Wissenschaft, Museen",skug Talks & Diskurs ,,verein zur förderung von subkultur
Verein zur Förderung von Subkultur,815077150,12,MA7,Beschluss,2024,8000,Kunst- Kultur- und Wissenschaftsbericht der Stadt Wien 2024,ausbezahlt: Einzelförderung (Projekte) Musik,Salon skug,,verein zur förderung von subkultur
Verein zur Förderung von Subkultur,815077150,12,MA7,Beschluss,2024,5000,Kunst- Kultur- und Wissenschaftsbericht der Stadt Wien 2024,"ausbezahlt: Einzelförderung (Projekte) Wissenschaft, Museen",skug Talks & Diskurs ,,verein zur förderung von subkultur
Verein zur Förderung von Subkultur,815077150,12,MA7,Beschluss,2025,8000,Transparenzportal IFG 2025,ausbezahlt: Förderung von Einzelnvorhaben im Bereich der Musik,,,verein zur förderung von subkultur
Verein zur Förderung von Subkultur,815077150,12,MA7,Beschluss,2025,8000,Transparenzportal IFG 2025,ausbezahlt: Förderung von Einzelnvorhaben im Bereich der Musik,,,verein zur förderung von subkultur
Verein zur Verbreitung zeitgenössischer österreichischer Bigbandmusik,60291069,4,MA7,Beschluss,2022,9000,Kunst- Kultur- und Wissenschaftsbericht der Stadt Wien 2022,ausbezahlt: Orchester & Ensembles Musik,Christoph Cech JazzOrchestra Project CC JOP,,verein zur verbreitung zeitgenössischer österreichischer bigbandmusik
Verein zur Verbreitung zeitgenössischer österreichischer Bigbandmusik,60291069,4,BMKöS_BMWKmS,Beschluss,2022,26000,Kunst- und Kulturbericht des Bundes 2022,ausbezahlt: Musikförderung Jahresprogramme,Christoph Cech JazzOrchestra Project CC JOP,,verein zur verbreitung zeitgenössischer österreichischer bigbandmusik
Verein zur Verbreitung zeitgenössischer österreichischer Bigbandmusik,60291069,4,MA7,Beschluss,2023,9000,Kunst- Kultur- und Wissenschaftsbericht der Stadt Wien 2023,ausbezahlt: Orchester & Ensembles Musik,Projektförderung Christoph Cech Jazz Orchestra Project (CCJOP) / Stageband im Porgy & Bess,,verein zur verbreitung zeitgenössischer österreichischer bigbandmusik
Verein zur Verbreitung zeitgenössischer österreichischer Bigbandmusik,60291069,4,BMKöS_BMWKmS,Beschluss,2023,26000,Kunst- und Kulturbericht des Bundes 2023,ausbezahlt: Musikförderung Jahresprogramme,Christoph Cech JazzOrchestra Project CC JOP,,verein zur verbreitung zeitgenössischer österreichischer bigbandmusik
Verein zur Verbreitung zeitgenössischer österreichischer Bigbandmusik,60291069,4,MA7,Beschluss,2024,8000,Kunst- Kultur- und Wissenschaftsbericht der Stadt Wien 2024,ausbezahlt: Einzelförderungen (Projekte) Musik,Wienkonzerte (Mühlbacher's USW. … Wege zur Vierten),,verein zur verbreitung zeitgenössischer österreichischer bigbandmusik
Verein zur Verbreitung zeitgenössischer österreichischer Bigbandmusik,60291069,4,BMKöS_BMWKmS,Beschluss,2024,27000,Kunst- und Kulturbericht des Bundes 2024,ausbezahlt: Musikförderung Jahresprogramme,Christoph Cech JazzOrchestra Project CC JOP,,verein zur verbreitung zeitgenössischer österreichischer bigbandmusik
Verein zur Verbreitung zeitgenössischer österreichischer Bigbandmusik,60291069,4,BMKöS_BMWKmS,Beschluss,2025,27000,Transparenzportal IFG 2025,"ausbezahlt: Musik Förderung von Vereinen, vergleichbaren Einrichtungen und Einzelpersonen",Christoph Cech JazzOrchestra Project CC JOP,,verein zur verbreitung zeitgenössischer österreichischer bigbandmusik
Verein zur Verbreitung zeitgenössischer österreichischer Bigbandmusik,60291069,4,MA7,Beschluss,2025,6000,Transparenzportal IFG 2025,ausbezahlt: Förderung von Einzelvorhaben und Jahrestätigkeiten im Bereich der Musik,Christoph Cech JazzOrchestra Project CC JOP,,verein zur verbreitung zeitgenössischer österreichischer bigbandmusik
Verein zur Verbreitung zeitgenössischer österreichischer Bigbandmusik,60291069,4,BMKöS_BMWKmS,Beschluss,2026,54000,Transparenzportal IFG 2026,"ausbezahlt: Musik Förderung von Vereinen, vergleichbaren Einrichtungen und Einzelpersonen",Christoph Cech JazzOrchestra Project CC JOP,,verein zur verbreitung zeitgenössischer österreichischer bigbandmusik
Verein zur Verbreitung zeitgenössischer österreichischer Bigbandmusik,60291069,4,MA7,Beschluss,2026,5000,Transparenzportal IFG 2026,ausbezahlt: Förderung von Einzelvorhaben und Jahrestätigkeiten im Bereich der Musik,Christoph Cech JazzOrchestra Project CC JOP,,verein zur verbreitung zeitgenössischer österreichischer bigbandmusik
Vincent Pongracz,[Einzelperson],[nicht dokumentiert],MA7,Beschluss,2022,5000,"Kunst-, Kultur-, und Wissenschaftsbericht der Stadt Wien 2022",ausbezahlt: Einzelförderungen (Projekte) Musik,Synesthetic Wednesday,,vincent pongracz
Vincent Pongracz,[Einzelperson],[nicht dokumentiert],MA7,Beschluss,2023,4000,"Kunst-, Kultur-, und Wissenschaftsbericht der Stadt Wien 2023",ausbezahlt: Einzelförderungen (Projekte) Musik,Synesthetic Wednesday,,vincent pongracz
Vincent Pongracz,[Einzelperson],[nicht dokumentiert],BMKöS_BMWKmS,Beschluss,2023,1000,"Kunst-, Kultur-, und Wissenschaftsbericht der Stadt Wien 2023",ausbezahlt: Musikförderung Projekte,,,vincent pongracz
Vincent Pongracz,[Einzelperson],[nicht dokumentiert],MA7,Beschluss,2024,8000,"Kunst-, Kultur-, und Wissenschaftsbericht der Stadt Wien 2024",ausbezahlt: Einzelförderungen (Projekte) Musik,Synesthetic Wednesday,,vincent pongracz
Vincent Pongracz,[Einzelperson],[nicht dokumentiert],BMKöS_BMWKmS,Beschluss,2024,5000,"Kunst-, Kultur-, und Wissenschaftsbericht der Stadt Wien 2024",ausbezahlt: Musikförderung Projekte,,,vincent pongracz
"WUK - Verein zur Schaffung offener Kultur- und Werkstättenhäuser, Kurzbezeichnung WUK Werkstätten- und Kulturhaus",535133641,9,BMKöS_BMWKmS,Beschluss,2022,410000,Kunst- und Kulturbericht des Bundes 2022,ausbezahlt: Kulturprogramme und -vermittlung Vereine,,WUK,"wuk - verein zur schaffung offener kultur- und werkstättenhäuser, kurzbezeichnung wuk werkstätten- und kulturhaus"
"WUK - Verein zur Schaffung offener Kultur- und Werkstättenhäuser, Kurzbezeichnung WUK Werkstätten- und Kulturhaus",535133641,9,BMKöS_BMWKmS,Beschluss,2022,20000,Kunst- und Kulturbericht des Bundes 2022,ausbezahlt: Musik Institutionen,"EUROPAVOX, EU Projekt",WUK,"wuk - verein zur schaffung offener kultur- und werkstättenhäuser, kurzbezeichnung wuk werkstätten- und kulturhaus"
"WUK - Verein zur Schaffung offener Kultur- und Werkstättenhäuser, Kurzbezeichnung WUK Werkstätten- und Kulturhaus",535133641,9,BMKöS_BMWKmS,Beschluss,2022,120300,Kunst- und Kulturbericht des Bundes 2022,ausbezahlt: Bildendekunst  Jahresprogramme — venue: Kunsthalle Exnergasse,,WUK,"wuk - verein zur schaffung offener kultur- und werkstättenhäuser, kurzbezeichnung wuk werkstätten- und kulturhaus"
"WUK - Verein zur Schaffung offener Kultur- und Werkstättenhäuser, Kurzbezeichnung WUK Werkstätten- und Kulturhaus",535133641,9,MA7,Beschluss,2022,1150000,"Kunst-, Kultur-, und Wissenschaftsbericht der Stadt Wien 2022",ausbezahlt: Darstellende Kunst Freie Gruppierungen und Häuser Off Bereich — Jahrestätigkeit ,,WUK,"wuk - verein zur schaffung offener kultur- und werkstättenhäuser, kurzbezeichnung wuk werkstätten- und kulturhaus"
"WUK - Verein zur Schaffung offener Kultur- und Werkstättenhäuser, Kurzbezeichnung WUK Werkstätten- und Kulturhaus",535133641,9,MA7,Beschluss,2022,250000,"Kunst-, Kultur-, und Wissenschaftsbericht der Stadt Wien 2022",ausbezahlt: Darstellende Kunst Freie Gruppierungen und Häuser Off Bereich— Jahrestätigkeit Performing Arts,,WUK,"wuk - verein zur schaffung offener kultur- und werkstättenhäuser, kurzbezeichnung wuk werkstätten- und kulturhaus"
"WUK - Verein zur Schaffung offener Kultur- und Werkstättenhäuser, Kurzbezeichnung WUK Werkstätten- und Kulturhaus",535133641,9,MA7,Beschluss,2022,31000,"Kunst-, Kultur-, und Wissenschaftsbericht der Stadt Wien 2022",ausbezahlt: Gesamtförderungen (Jahrestätigkeit) Bildende Kunst und Medienkunst,,WUK,"wuk - verein zur schaffung offener kultur- und werkstättenhäuser, kurzbezeichnung wuk werkstätten- und kulturhaus"
"WUK - Verein zur Schaffung offener Kultur- und Werkstättenhäuser, Kurzbezeichnung WUK Werkstätten- und Kulturhaus",535133641,9,BMKöS_BMWKmS,Beschluss,2023,450000,Kunst- und Kulturbericht des Bundes 2023,ausbezahlt: Kulturprogramme und -vermittlung Vereine,,WUK,"wuk - verein zur schaffung offener kultur- und werkstättenhäuser, kurzbezeichnung wuk werkstätten- und kulturhaus"
"WUK - Verein zur Schaffung offener Kultur- und Werkstättenhäuser, Kurzbezeichnung WUK Werkstätten- und Kulturhaus",535133641,9,BMKöS_BMWKmS,Beschluss,2023,140000,Kunst- und Kulturbericht des Bundes 2023,ausbezahlt: Bildendekunst Jahresprogramme — Ausnahme,,WUK,"wuk - verein zur schaffung offener kultur- und werkstättenhäuser, kurzbezeichnung wuk werkstätten- und kulturhaus"
"WUK - Verein zur Schaffung offener Kultur- und Werkstättenhäuser, Kurzbezeichnung WUK Werkstätten- und Kulturhaus",535133641,9,BMKöS_BMWKmS,Beschluss,2023,57000,Kunst- und Kulturbericht des Bundes 2023,ausbezahlt: Vereine Investitionen — Ausnahme,,WUK,"wuk - verein zur schaffung offener kultur- und werkstättenhäuser, kurzbezeichnung wuk werkstätten- und kulturhaus"
"WUK - Verein zur Schaffung offener Kultur- und Werkstättenhäuser, Kurzbezeichnung WUK Werkstätten- und Kulturhaus",535133641,9,BMKöS_BMWKmS,Beschluss,2023,20000,Kunst- und Kulturbericht des Bundes 2023,ausbezahlt: Vereine Kulturprogramme und -vermittlung,"EUROPAVOX, EU Projekt",WUK,"wuk - verein zur schaffung offener kultur- und werkstättenhäuser, kurzbezeichnung wuk werkstätten- und kulturhaus"
"WUK - Verein zur Schaffung offener Kultur- und Werkstättenhäuser, Kurzbezeichnung WUK Werkstätten- und Kulturhaus",535133641,9,MA7,Beschluss,2023,2100000,"Kunst-, Kultur-, und Wissenschaftsbericht der Stadt Wien 2023",ausbezahlt: Darstellende Kunst Freie Gruppierungen und Häuser Off Bereich — Jahrestätigkeit ,,WUK,"wuk - verein zur schaffung offener kultur- und werkstättenhäuser, kurzbezeichnung wuk werkstätten- und kulturhaus"
"WUK - Verein zur Schaffung offener Kultur- und Werkstättenhäuser, Kurzbezeichnung WUK Werkstätten- und Kulturhaus",535133641,9,MA7,Beschluss,2023,275000,"Kunst-, Kultur-, und Wissenschaftsbericht der Stadt Wien 2023",ausbezahlt: Darstellende Kunst Freie Gruppierungen und Häuser Off Bereich— Jahrestätigkeit Performing Arts,,WUK,"wuk - verein zur schaffung offener kultur- und werkstättenhäuser, kurzbezeichnung wuk werkstätten- und kulturhaus"
"WUK - Verein zur Schaffung offener Kultur- und Werkstättenhäuser, Kurzbezeichnung WUK Werkstätten- und Kulturhaus",535133641,9,MA7,Beschluss,2023,31000,"Kunst-, Kultur-, und Wissenschaftsbericht der Stadt Wien 2023",ausbezahlt: Gesamtförderungen (Jahrestätigkeit) Bildende Kunst und Medienkunst,,WUK,"wuk - verein zur schaffung offener kultur- und werkstättenhäuser, kurzbezeichnung wuk werkstätten- und kulturhaus"
"WUK - Verein zur Schaffung offener Kultur- und Werkstättenhäuser, Kurzbezeichnung WUK Werkstätten- und Kulturhaus",535133641,9,BMKöS_BMWKmS,Beschluss,2024,450000,Kunst- und Kulturbericht des Bundes 2024,ausbezahlt: Vereine Kulturprogramme und -vermittlung,,WUK,"wuk - verein zur schaffung offener kultur- und werkstättenhäuser, kurzbezeichnung wuk werkstätten- und kulturhaus"
"WUK - Verein zur Schaffung offener Kultur- und Werkstättenhäuser, Kurzbezeichnung WUK Werkstätten- und Kulturhaus",535133641,9,BMKöS_BMWKmS,Beschluss,2024,140000,Kunst- und Kulturbericht des Bundes 2024,ausbezahlt: Bildendekunst Jahresprogramme — Ausnahme,,WUK,"wuk - verein zur schaffung offener kultur- und werkstättenhäuser, kurzbezeichnung wuk werkstätten- und kulturhaus"
"WUK - Verein zur Schaffung offener Kultur- und Werkstättenhäuser, Kurzbezeichnung WUK Werkstätten- und Kulturhaus",535133641,9,BMKöS_BMWKmS,Beschluss,2024,20000,Kunst- und Kulturbericht des Bundes 2024,ausbezahlt: Musik Institutionen,"EUROPAVOX, EU Projekt",WUK,"wuk - verein zur schaffung offener kultur- und werkstättenhäuser, kurzbezeichnung wuk werkstätten- und kulturhaus"
"WUK - Verein zur Schaffung offener Kultur- und Werkstättenhäuser, Kurzbezeichnung WUK Werkstätten- und Kulturhaus",535133641,9,MA7,Beschluss,2024,2100000,"Kunst-, Kultur-, und Wissenschaftsbericht der Stadt Wien 2024",ausbezahlt: Kulturinitiativen Gesamtförderungen (Jahrestätigkeit),,WUK,"wuk - verein zur schaffung offener kultur- und werkstättenhäuser, kurzbezeichnung wuk werkstätten- und kulturhaus"
"WUK - Verein zur Schaffung offener Kultur- und Werkstättenhäuser, Kurzbezeichnung WUK Werkstätten- und Kulturhaus",535133641,9,MA7,Beschluss,2024,275000,"Kunst-, Kultur-, und Wissenschaftsbericht der Stadt Wien 2024",ausbezahlt: Darstellende Kunst Freie Gruppierungen und Häuser — Jahrestätigkeit Performing Arts,,WUK,"wuk - verein zur schaffung offener kultur- und werkstättenhäuser, kurzbezeichnung wuk werkstätten- und kulturhaus"
"WUK - Verein zur Schaffung offener Kultur- und Werkstättenhäuser, Kurzbezeichnung WUK Werkstätten- und Kulturhaus",535133641,9,MA7,Beschluss,2024,30000,"Kunst-, Kultur-, und Wissenschaftsbericht der Stadt Wien 2024",ausbezahlt: Gesamtförderungen (Jahrestätigkeit) Bildende Kunst und Medienkunst — Kunsthalle Exnergasse,,WUK,"wuk - verein zur schaffung offener kultur- und werkstättenhäuser, kurzbezeichnung wuk werkstätten- und kulturhaus"
"WUK - Verein zur Schaffung offener Kultur- und Werkstättenhäuser, Kurzbezeichnung WUK Werkstätten- und Kulturhaus",535133641,9,MA7,Beschluss,2026,120000,Transparenzportal IFG 2026,"ausbezahlt: Bildendekunst Förderung von Vereinen, vergleichbaren Einrichtungen",,WUK,"wuk - verein zur schaffung offener kultur- und werkstättenhäuser,\nkurzbezeichnung wuk werkstätten- und kulturhaus"
"WUK - Verein zur Schaffung offener Kultur- und Werkstättenhäuser, Kurzbezeichnung WUK Werkstätten- und Kulturhaus",535133641,9,MA7,Beschluss,2026,200000,Transparenzportal IFG 2026,ausbezahlt: Förderung von Einzelnvorhaben / Jahrestätigkeiten von Institutionen im Bereich der Darstellenden Kunst ,,WUK,"wuk - verein zur schaffung offener kultur- und werkstättenhäuser,\nkurzbezeichnung wuk werkstätten- und kulturhaus"
"Wien Modern, Verein für neue Musik",678661440,3,MA7,Beschluss,2022,1000000,Kunst- und Kulturbericht des Bundes 2022,ausbezahlt: Festivals Musik — Mehrjährige Gesamtförderung 2021-2023,,Wien Modern,"wien modern, verein für neue musik"
"Wien Modern, Verein für neue Musik",678661440,3,BMKöS_BMWKmS,Beschluss,2022,200000,Kunst- und Kulturbericht des Bundes 2022,"ausbezahlt: Festspiele, Großveranstaltungen Musik und darstellende Kunst",,Wien Modern,"wien modern, verein für neue musik"
"Wien Modern, Verein für neue Musik",678661440,3,MA7,Beschluss,2023,250000,Kunst- Kultur- und Wissenschaftsbericht der Stadt Wien 2023,ausbezahlt: Einzelnförderungen (Projekte) Musik,Arnold Schönberg 150,Wien Modern,"wien modern, verein für neue musik"
"Wien Modern, Verein für neue Musik",678661440,3,MA7,Beschluss,2023,1040000,Kunst- Kultur- und Wissenschaftsbericht der Stadt Wien 2023,ausbezahlt: Festivals Musik — Mehrjährige Gesamtförderung 2021-2023 (2023),,Wien Modern,"wien modern, verein für neue musik"
"Wien Modern, Verein für neue Musik",678661440,3,BMKöS_BMWKmS,Beschluss,2023,275000,Kunst- und Kulturbericht des Bundes 2023,"ausbezahlt: Festspiele, Großveranstaltungen Musik und darstellende Kunst",,Wien Modern,"wien modern, verein für neue musik"
"Wien Modern, Verein für neue Musik",678661440,3,MA7,Beschluss,2024,1040000,Kunst- Kultur- und Wissenschaftsbericht der Stadt Wien 2024,ausbezahlt: Festivals Musik — Mehrjährige Gesamtförderung 2024-2025 (2024),,Wien Modern,"wien modern, verein für neue musik"
"Wien Modern, Verein für neue Musik",678661440,3,BMKöS_BMWKmS,Beschluss,2024,350000,Kunst- und Kulturbericht des Bundes 2024,"ausbezahlt: Festspiele, Großveranstaltungen Musik und darstellende Kunst",,Wien Modern,"wien modern, verein für neue musik"
"Wien Modern, Verein für neue Musik",678661440,3,BMKöS_BMWKmS,Beschluss,2025,350000,Transparenzportal IFG 2025,ausbezahlt: Förderung Festspiele und ähnlichen Saisonveranstaltungen Förderungen,,Wien Modern,"wien modern, verein für neue musik"
"Wien Modern, Verein für neue Musik",678661440,3,MA7,Beschluss,2025,1050000,Transparenzportal IFG 2025,ausbezahlt: Förderung von Einzelvorhaben und Jahrestätigkeiten im Bereich der Musik,,Wien Modern,"wien modern, verein für neue musik"
"Wien Modern, Verein für neue Musik",678661440,3,MA7,Beschluss,2026,1000000,Transparenzportal IFG 2026,ausbezahlt: Förderung von Einzelnvorhaben und Jahrestätigkeiten im Bereich der Musik,,Wien Modern,"wien modern, verein für neue musik"
XOK - Interessensgemeinschaft der experimentellen Musik- und Klangkunstszene Wiens,1792507501,19,MA7,Beschluss,2024,16000,Kunst- Kultur- und Wissenschaftsbericht der Stadt Wien 2024,ausbezahlt: Festivals Musik,Jahresendzeitschokoladenhohlkörper,XOK,xok - interessensgemeinschaft der experimentellen musik- und klangkunstszene wiens
XOK - Interessensgemeinschaft der experimentellen Musik- und Klangkunstszene Wiens,1792507501,2,BMKöS_BMWKmS,Beschluss,2024,12000,Kunst- und Kulturbericht des Bundes 2024,ausbezahlt: Musikförderung Projekte,,XOK,xok - interessensgemeinschaft der experimentellen musik- und klangkunstszene\nwiens
XOK - Interessensgemeinschaft der experimentellen Musik- und Klangkunstszene Wiens,1792507501,2,MA7,Beschluss,2026,12000,Transparenzportal IFG 2026,ausbezahlt: Förderung von Einzelnvorhaben und Jahrestätigkeiten im Bereich der Musik,,XOK,xok - interessensgemeinschaft der experimentellen musik- und klangkunstszene wiens
XOK - Interessensgemeinschaft der experimentellen Musik- und Klangkunstszene Wiens,1792507501,2,BMKöS_BMWKmS,Beschluss,2026,12000,Transparenzportal IFG 2026,"ausbezahlt. Musik Förderung von Vereinen, vergleichbaren Einrichtungen und Einzelpersonen",,XOK,xok - interessensgemeinschaft der experimentellen musik- und klangkunstszene wiens
andother stage - Verein für künstlerische Forschung und transdiszplinäre Kunst,1140457008,5,MA7,Beschluss,2022,20000,Kunst- Kultur- und Wissenschaftsbericht der Stadt Wien 2022,ausbezahlt: Einzelförderungen (Projekte) Musik,We The People,,andother stage - verein für künstlerische forschung und transdiszplinäre kunst
andother stage - Verein für künstlerische Forschung und transdiszplinäre Kunst,1140457008,5,BMKöS_BMWKmS,Beschluss,2022,6000,Kunst- und Kulturbericht des Bundes 2022,ausbezahlt: Musikförderung Projekte,,,andother stage - verein für künstlerische forschung und transdiszplinäre kunst
andother stage - Verein für künstlerische Forschung und transdiszplinäre Kunst,1140457008,5,MA7,Beschluss,2023,30000,Kunst- Kultur- und Wissenschaftsbericht der Stadt Wien 2023,ausbezahlt: Einzelnförderungen (Projekte) Musik,"posthuman social club | when we play
",,andother stage - verein für künstlerische forschung und transdiszplinäre kunst
andother stage - Verein für künstlerische Forschung und transdiszplinäre Kunst,1140457008,5,BMKöS_BMWKmS,Beschluss,2023,7000,Kunst- und Kulturbericht des Bundes 2023,ausbezahlt: Musikförderung Projekte,,,andother stage - verein für künstlerische forschung und transdiszplinäre kunst
andother stage - Verein für künstlerische Forschung und transdiszplinäre Kunst,1140457008,5,MA7,Beschluss,2024,15000,Kunst- Kultur- und Wissenschaftsbericht der Stadt Wien 2024,ausbezahlt: Einzelnförderungen (Projekte) Musik,Posthuman social club Vol. 3 – in the dark,,andother stage - verein für künstlerische forschung und transdiszplinäre kunst
andother stage - Verein für künstlerische Forschung und transdiszplinäre Kunst,1140457008,5,BMKöS_BMWKmS,Beschluss,2024,12000,Kunst- und Kulturbericht des Bundes 2024,ausbezahlt: Musikförderung Jahresprogramme,,,andother stage - verein für künstlerische forschung und transdiszplinäre kunst
andother stage - Verein für künstlerische Forschung und transdiszplinäre Kunst,1140457008,5,MA7,Beschluss,2025,15000,Transparenzportal IFG 2025,ausbezahlt: Förderung von Einzelvorhaben und Jahrestätigkeiten im Bereich der Musik,,,andother stage - verein für künstlerische forschung und transdiszplinäre kunst
andother stage - Verein für künstlerische Forschung und transdiszplinäre Kunst,1140457008,5,MA7,Beschluss,2026,12000,Transparenzportal IFG 2026,ausbezahlt: Förderung von Einzelvorhaben und Jahrestätigkeiten im Bereich der Musik,,,andother stage - verein für künstlerische forschung und transdiszplinäre kunst
andother stage - Verein für künstlerische Forschung und transdiszplinäre Kunst,1140457008,5,BMKöS_BMWKmS,Beschluss,2026,12000,Transparenzportal IFG 2026,"ausbezahlt: Musik Förderung von Vereinen, vergleichbaren Einrichtungen und Einzelpersonen  ",,,andother stage - verein für künstlerische forschung und transdiszplinäre kunst
czirp czirp - experimental and sonic arts. Verein zur Förderung Experimenteller und Klang-Kunst,460617721,8,MA7,Beschluss,2025,20000,Transparenzportal IFG 2025,ausbezahlt: Förderung von Einzelnvorhaben und Jahrestätigkeiten im Bereich der Musik,,,czirp czirp - experimental and sonic arts. verein zur förderung experimenteller und klang-kunst
czirp czirp - experimental and sonic arts. Verein zur Förderung Experimenteller und\nKlang-Kunst,460617721,8,MA7,Beschluss,2022,5000,Kunst- Kultur- und Wissenschaftsbericht der Stadt Wien 2022,ausbezahlt: Einzelnförderungen (Projekte) Musik,CLUB RADIOKOJE,,czirp czirp - experimental and sonic arts. verein zur förderung experimenteller und\nklang-kunst
czirp czirp - experimental and sonic arts. Verein zur Förderung Experimenteller und\nKlang-Kunst,460617721,8,MA7,Beschluss,2022,5000,Kunst- Kultur- und Wissenschaftsbericht der Stadt Wien 2022,ausbezahlt: Einzelnförderungen (Projekte) Stadtteilkultur und Interkulturalität,SONIC CELL – Mobile Mehr-Kanal-Klangzelle zur Vermittlung elektronischer Musik,,czirp czirp - experimental and sonic arts. verein zur förderung experimenteller und\nklang-kunst
czirp czirp - experimental and sonic arts. Verein zur Förderung Experimenteller und\nKlang-Kunst,460617721,8,MA7,Beschluss,2023,20000,Kunst- Kultur- und Wissenschaftsbericht der Stadt Wien 2023,ausbezahlt: Einzelförderung (Projekte) Musik,CLUB RADIOKOJE | SONIC CELL,,czirp czirp - experimental and sonic arts. verein zur förderung experimenteller und\nklang-kunst
czirp czirp - experimental and sonic arts. Verein zur Förderung Experimenteller und\nKlang-Kunst,460617721,8,MA7,Beschluss,2024,20000,Kunst- Kultur- und Wissenschaftsbericht der Stadt Wien 2024,ausbezahlt: Gesamtförderung (Jahrestätigkeit) Musik,,,czirp czirp - experimental and sonic arts. verein zur förderung experimenteller und\nklang-kunst
czirp czirp - experimental and sonic arts. Verein zur Förderung Experimenteller und\nKlang-Kunst,460617721,8,BMKöS_BMWKmS,Beschluss,2024,15000,Kunst- und Kulturbericht des Bundes 2024,ausbezahlt: Musikförderung Projekte,,,czirp czirp - experimental and sonic arts. verein zur förderung experimenteller und\nklang-kunst
czirp czirp - experimental and sonic arts. Verein zur Förderung Experimenteller und\nKlang-Kunst,460617721,8,BMKöS_BMWKmS,Beschluss,2025,15000,Transparenzportal IFG 2025,"ausbezahlt: Musik Förderung von Vereinen, vergleichbaren Einrichtungen und Einzelpersonen",,,czirp czirp - experimental and sonic arts. verein zur förderung experimenteller und\nklang-kunst
czirp czirp - experimental and sonic arts. Verein zur Förderung Experimenteller und\nKlang-Kunst,460617721,8,MA7,Beschluss,2026,22000,Transparenzportal IFG 2026,ausbezahlt: Förderung von Einzelvorhaben und Jahrestätigkeiten im Bereich der Musik,,,czirp czirp - experimental and sonic arts. verein zur förderung experimenteller und\nklang-kunst
czirp czirp - experimental and sonic arts. Verein zur Förderung Experimenteller und\nKlang-Kunst,460617721,8,BMKöS_BMWKmS,Beschluss,2026,30000,Transparenzportal IFG 2026,ausbezahtl: Förderung von Einzelnvorhaben und Jahrestätigkeiten im Bereich der Musik,,,czirp czirp - experimental and sonic arts. verein zur förderung experimenteller und\nklang-kunst
echoraum Vereinigung zur Förderung der Kulturkommunikation,884318065,15,MA7,Beschluss,2022,90000,Kunst- und Kulturbericht des Bundes 2022,ausbezahlt: Gesamtförderung Jahrestätigkeit,,echoraum,echoraum vereinigung zur förderung der kulturkommunikation
echoraum Vereinigung zur Förderung der Kulturkommunikation,884318065,15,BMKöS_BMWKmS,Beschluss,2022,10400,Kunst- und Kulturbericht des Bundes 2022,ausbezahlt: Musikförderung Jahresprogramme ,,,echoraum vereinigung zur förderung der kulturkommunikation
echoraum Vereinigung zur Förderung der Kulturkommunikation,884318065,15,MA7,Beschluss,2023,110000,Kunst- Kultur- und Wissenschaftsbericht der Stadt Wien 2023,ausbezahlt: Gesamtförderungen (Jahrestätigkeit) Musik,,echoraum,echoraum vereinigung zur förderung der kulturkommunikation
echoraum Vereinigung zur Förderung der Kulturkommunikation,884318065,15,BMKöS_BMWKmS,Beschluss,2023,12000,Kunst- und Kulturbericht des Bundes 2023,ausbezahlt: Musikförderung Jahresprogramme,,echoraum,echoraum vereinigung zur förderung der kulturkommunikation
echoraum Vereinigung zur Förderung der Kulturkommunikation,884318065,15,MA7,Beschluss,2024,110000,Kunst- Kultur- und Wissenschaftsbericht der Stadt Wien 2024,ausbezahlt: Gesamtförderung (Jahrestätigkeit) Musik,,echoraum,echoraum vereinigung zur förderung der kulturkommunikation
echoraum Vereinigung zur Förderung der Kulturkommunikation,884318065,15,BMKöS_BMWKmS,Beschluss,2024,24000,Kunst- und Kulturbericht des Bundes 2024,ausbezahlt: Musikförderung Jahresprogramme,,echoraum,echoraum vereinigung zur förderung der kulturkommunikation
echoraum Vereinigung zur Förderung der Kulturkommunikation,884318065,15,MA7,Beschluss,2025,110000,Transparenzportal IFG 2025,ausbezahlt: Förderung von Einzelvorhaben und Jahrestätigkeiten im Bereich der Musik,,echoraum,echoraum vereinigung zur förderung der kulturkommunikation
echoraum Vereinigung zur Förderung der Kulturkommunikation,884318065,15,MA7,Beschluss,2025,12000,Transparenzportal IFG 2025,"ausbezahlt: Musik Förderung von Vereinen, vergleichbaren Einrichtungen und Einzelpersonen",,echoraum,echoraum vereinigung zur förderung der kulturkommunikation
echoraum Vereinigung zur Förderung der Kulturkommunikation,884318065,15,MA7,Beschluss,2026,60000,Transparenzportal IFG 2026,ausbezahlt: Förderung von Einzelvorhaben und Jahrestätigkeiten im Bereich der Musik,,echoraum,echoraum vereinigung zur förderung der kulturkommunikation
echoraum Vereinigung zur Förderung der Kulturkommunikation,884318065,15,MA7,Beschluss,2026,20000,Transparenzportal IFG 2026,"ausbezahlt: Musik Förderung von Vereinen, vergleichbaren Einrichtungen und Einzelpersonen",,echoraum,echoraum vereinigung zur förderung der kulturkommunikation
echoraum Vereinigung zur Förderung der Kulturkommunikation,884318065,15,MA7,Beschluss,2026,110000,Transparenzportal IFG 2026 — Gemeinderatsbeschluss Wien (Sitzung 18.12.2025) Jahresprogramm,ausbezahlt: Förderung von Einzelnvorhaben und Jahrestätigkeiten im Bereich der Musik,,echoraum,echoraum vereinigung zur förderung der kulturkommunikation
ensemble N - Verein und Ensemble für zeitgenössische Musik,1612878478,10,BMKöS_BMWKmS,Beschluss,2022,2500,Kunst- und Kulturbericht des Bundes 2022,ausbezahlt: Musikförderung Projekte,,,ensemble n - verein und ensemble für zeitgenössische musik
ensemble N - Verein und Ensemble für zeitgenössische Musik,1612878478,10,MA7,Beschluss,2023,3500,Kunst- Kultur- und Wissenschaftsbericht der Stadt Wien 2023,ausbezahlt: Orchester & Ensembles Musik,Palimpsests,,ensemble n - verein und ensemble für zeitgenössische musik
ensemble N - Verein und Ensemble für zeitgenössische Musik,1612878478,10,MA7,Beschluss,2023,4000,Kunst- Kultur- und Wissenschaftsbericht der Stadt Wien 2023,ausbezahlt: Orchester & Ensembles Musik,,,ensemble n - verein und ensemble für zeitgenössische musik
ensemble N - Verein und Ensemble für zeitgenössische Musik,1612878478,10,BMKöS_BMWKmS,Beschluss,2023,5000,Kunst- und Kulturbericht des Bundes 2023,ausbezahlt: Musikförderung Projekte,,,ensemble n - verein und ensemble für zeitgenössische musik
ensemble N - Verein und Ensemble für zeitgenössische Musik,1612878478,10,MA7,Beschluss,2024,8000,Kunst- Kultur- und Wissenschaftsbericht der Stadt Wien 2024,ausbezahlt: Orchester & Ensembles Musik,ILLUSIONEN – Konzertreihe im 1. Halbjahr 2024 | RECURRENCES – Konzertreihe im 2. Halbjahr 2024,,ensemble n - verein und ensemble für zeitgenössische musik
ensemble N - Verein und Ensemble für zeitgenössische Musik,1612878478,10,BMKöS_BMWKmS,Beschluss,2025,15000,Transparenzportal IFG 2025,"ausbezahlt: Musik Förderung von Vereinen, vergleichbaren Einrichtungen und Einzelpersonen",,,ensemble n - verein und ensemble für zeitgenössische musik
ensemble N - Verein und Ensemble für zeitgenössische Musik,1612878478,10,MA7,Beschluss,2025,8000,Transparenzportal IFG 2025,ausbezahtl: Förderung von Einzelnvorhaben und Jahrestätigkeiten im Bereich der Musik,,,ensemble n - verein und ensemble für zeitgenössische musik
ensemble N - Verein und Ensemble für zeitgenössische Musik,1612878478,10,MA7,Beschluss,2026,15000,Transparenzportal IFG 2026,"ausbezahlt: Musik Förderung von Vereinen, vergleichbaren Einrichtungen und Einzelpersonen",,,ensemble n - verein und ensemble für zeitgenössische musik
ensemble N - Verein und Ensemble für zeitgenössische Musik,1612878478,10,MA7,Beschluss,2026,8000,Transparenzportal IFG 2026,ausbezahlt: Förderung von Einzelvorhaben und Jahrestätigkeiten im Bereich der Musik,,,ensemble n - verein und ensemble für zeitgenössische musik
FRAUFELD - zur Sichtbarmachung von Künstlerinnen,616707549,20,MA7,Beschluss,2023,8000,Kunst- Kultur- und Wissenschaftsbericht der Stadt Wien 2023,ausbezahlt: Einzelnförderungen (Projekte) Musik,Projektreihe Nachhall im Frau*feld (Diskurs im echoraum),FRAU*FELD,fraufeld- zur sichtbarmachung von künstlerinnen
FRAUFELD - zur Sichtbarmachung von Künstlerinnen,616707549,20,MA7,Beschluss,2024,8000,Kunst- Kultur- und Wissenschaftsbericht der Stadt Wien 2024,ausbezahlt: Einzelnförderungen (Projekte) Musik,Projektreihe Nachhall im Frau*feld (Diskurs im echoraum),FRAU*FELD,fraufeld- zur sichtbarmachung von künstlerinnen
FRAUFELD - zur Sichtbarmachung von Künstlerinnen,616707549,20,BMKöS_BMWKmS,Beschluss,2023,2000,Kunst- und Kulturbericht des Bundes 2023,ausbezahlt: Musikförderung Projekte,,FRAU*FELD,fraufeld- zur sichtbarmachung von künstlerinnen
FRAUFELD - zur Sichtbarmachung von Künstlerinnen,616707549,20,BMKöS_BMWKmS,Beschluss,2024,2200,Kunst- und Kulturbericht des Bundes 2024,ausbezahlt: Musikförderung Projekte,,FRAU*FELD,fraufeld- zur sichtbarmachung von künstlerinnen
FRAUFELD - zur Sichtbarmachung von Künstlerinnen,616707549,20,BMKöS_BMWKmS,Beschluss,2025,2200,Transparenzportal IFG 2025,ausbezahlt: Förderung von Festspiele und ähnlichen Saisonveranstaltungen,,FRAU*FELD,fraufeld- zur sichtbarmachung von künstlerinnen
FRAUFELD - zur Sichtbarmachung von Künstlerinnen,616707549,20,MA7,Beschluss,2025,10000,Transparenzportal IFG 2025,ausbezahlt: Förderung von Einzelnvorhaben im Bereich der Musik,,FRAU*FELD,fraufeld- zur sichtbarmachung von künstlerinnen
id/l Agentur für Kunst und Kultur,214732532,18,MA7,Beschluss,2022,30000,Kunst- und Kulturbericht des Bundes 2022,ausbezahlt: Einzelnförderungen (Projekte) Stadtteilkultur und Interkulturalität,Sonic Territories,id/l,id/l agentur für kunst und kultur
id/l Agentur für Kunst und Kultur,214732532,18,BMKöS_BMWKmS,Beschluss,2022,19000,Kunst- und Kulturbericht des Bundes 2022,"ausbezahlt: Festspiele, Großveranstaltungen Musik und darstellende Kunst",Sonic Territories,id/l,id/l agentur für kunst und kultur
id/l Agentur für Kunst und Kultur,214732532,18,MA7,Beschluss,2023,49000,Kunst- Kultur- und Wissenschaftsbericht der Stadt Wien 2023,ausbezahlt: Einzelnförderungen (Projekte) Kulturinitiativen,Sonic Territories | Intra-Action,id/l,id/l agentur für kunst und kultur
id/l Agentur für Kunst und Kultur,214732532,18,BMKöS_BMWKmS,Beschluss,2023,22000,Kunst- und Kulturbericht des Bundes 2023,"ausbezahlt: Festspiele, Großveranstaltungen Musik und darstellende Kunst",Sonic Territories Festival,id/l,id/l agentur für kunst und kultur
id/l Agentur für Kunst und Kultur,214732532,18,MA7,Beschluss,2024,5000,Kunst- und Kulturbericht des Bundes 2024,ausbezahlt: Einzelnförderungen (Projekte) Kulturinitiativen,Sonic Territories,id/l,id/l agentur für kunst und kultur
id/l Agentur für Kunst und Kultur,214732532,18,MA7,Beschluss,2025,50000,Transparenzportal IFG 2025,ausbezahlt: Förderung von Einzelvorhaben und Jahrestätigkeiten im Bereich der Kulturinitiativen,,id/l,id/l agentur für kunst und kultur
id/l Agentur für Kunst und Kultur,214732532,18,BMKöS_BMWKmS,Beschluss,2025,23000,Transparenzportal IFG 2025,ausbezahlt: Förderung Festspiele und ähnlichen Saisonveranstaltungen Förderungen,,id/l,id/l agentur für kunst und kultur
id/l Agentur für Kunst und Kultur,214732532,18,MA7,Beschluss,2026,50000,Transparenzportal IFG 2026,ausbezahlt: Förderung von Einzelvorhaben und Jahrestätigkeiten im Bereich der Kulturinitiativen,,id/l,id/l agentur für kunst und kultur
id/l Agentur für Kunst und Kultur,214732532,18,BMKöS_BMWKmS,Beschluss,2026,23000,Transparenzportal IFG 2026,"ausbezahlt: Musik Förderung von Vereinen, vergleichbaren Einrichtungen und Einzelpersonen",,id/l,id/l agentur für kunst und kultur
liccht - kulturverein für nischenmusik und populärkultur,1472352125,3,MA7,Beschluss,2023,20000,Kunst- Kultur- und Wissenschaftsbericht der Stadt Wien 2023,ausbezahlt: Einzelnförderungen (Projekte) Musik,Konzert Veranstaltungsreihe ((liccht)),liccht,liccht - kulturverein für nischenmusik und populärkultur
liccht - kulturverein für nischenmusik und populärkultur,1472352125,3,MA7,Beschluss,2024,20000,Kunst- Kultur- und Wissenschaftsbericht der Stadt Wien 2024,ausbezahlt: Einzelnförderungen (Projekte) Musik,Veranstaltungsreihe „liccht“,liccht,liccht - kulturverein für nischenmusik und populärkultur
liccht - kulturverein für nischenmusik und populärkultur,1472352125,3,MA7,Beschluss,2025,13000,Transparenzportal IFG 2025,ausbezahlt: Föderung von Einzelvorhaben und Jahrestätigkeiten im Bereich der Musik,,liccht,liccht - kulturverein für nischenmusik und populärkultur
liccht - kulturverein für nischenmusik und populärkultur,1472352125,3,MA7,Beschluss,2026,12000,Transparenzportal IFG 2026,ausbezahlt: Föderung von Einzelvorhaben und Jahrestätigkeiten im Bereich der Musik,,liccht,liccht - kulturverein für nischenmusik und populärkultur
minciospace Betriebs GmbH,GmbH,15,MA7,Beschluss,2023,5000,Kunst- Kultur- und Wissenschaftsbericht der Stadt Wien 2023,ausbezahlt: Einzelförderungen (Projekte) Musik,The Dirt of Easter Island,Minciospace,minciospace - verein zur förderung von künstlerischer entwicklung unter besonderer berücksichtigung gesellschaftsrelevanter themen
minciospace Betriebs GmbH,GmbH,15,BMKöS_BMWKmS,Beschluss,2024,8000,Kunst- und Kulturbericht des Bundes 2024,ausbezahlt: Musikförderung Projekte,,Minciospace,minciospace - verein zur förderung von künstlerischer entwicklung unter besonderer berücksichtigung gesellschaftsrelevanter themen
minciospace Betriebs GmbH,GmbH,15,MA7,Beschluss,2024,100000,Kunst- Kultur- und Wissenschaftsbericht der Stadt Wien 2024,ausbezahlt: Gesamtförderungen (Jahrestätigkeit) Musik,,Minciospace,minciospace betriebs gmbh
minciospace Betriebs GmbH,GmbH,15,MA7,Beschluss,2025,100000,Transparenzportal IFG 2025,ausbezahlt: Förderungen von Einzelnvorhaben im Bereich der Musik,,Minciospace,minciospace betriebs gmbh
minciospace Betriebs GmbH,GmbH,15,BMKöS_BMWKmS,Beschluss,2025,8000,Transparenzportal IFG 2025,"ausbezahlt: Musik Förderung von Vereinen, vergleichbaren Einrichtungen und Einzelpersonen",,Minciospace,minciospace betriebs gmbh
minciospace Betriebs GmbH,GmbH,15,MA7,Beschluss,2026,100000,Transparenzportal IFG 2026,ausbezahlt: Förderungen von Einzelnvorhaben im Bereich der Musik,,Minciospace,minciospace betriebs gmbh
minciospace Betriebs GmbH,GmbH,15,BMKöS_BMWKmS,Beschluss,2026,10000,Transparenzportal IFG 2026,"ausbezahlt: Musik Förderung von Vereinen, vergleichbaren Einrichtungen und Einzelpersonen",,Minciospace,minciospace betriebs gmbh
"moment collective - Verein für experimentelle Musik, audio-visuelle und performative Kunst",839307922,14,MA7,Beschluss,2022,15000,Kunst- Kultur- und Wissenschaftsbericht der Stadt Wien 2022,ausbezahlt: Orchester & Ensembles Musik,Black Page Orchestra Konzerte,,"moment collective - verein für experimentelle musik, audio-visuelle und performative kunst"
"moment collective - Verein für experimentelle Musik, audio-visuelle und performative Kunst",839307922,14,BMKöS_BMWKmS,Beschluss,2022,13630,Kunst- und Kulturbericht des Bundes 2022,ausbezahlt: Musik Institutionen,House. Music. Europe,,"moment collective - verein für experimentelle musik, audio-visuelle und performative kunst"
"moment collective - Verein für experimentelle Musik, audio-visuelle und performative Kunst",839307922,14,BMKöS_BMWKmS,Beschluss,2022,10000,Kunst- und Kulturbericht des Bundes 2022,ausbezahlt: Musikförderung Jahresprogramme,,,"moment collective - verein für experimentelle musik, audio-visuelle und performative kunst"
"moment collective - Verein für experimentelle Musik, audio-visuelle und performative Kunst",839307922,14,BMKöS_BMWKmS,Beschluss,2022,12000,Kunst- und Kulturbericht des Bundes 2022,ausbezahlt: Musikförderung Projekte — Kompositionsförderung + Black Page Orchestra,Black Page Orchestra ,,"moment collective - verein für experimentelle musik, audio-visuelle und performative kunst"
"moment collective - Verein für experimentelle Musik, audio-visuelle und performative Kunst",839307922,14,MA7,Beschluss,2023,20000,Kunst- Kultur- und Wissenschaftsbericht der Stadt Wien 2023,ausbezahlt: Orchester & Ensembles Musik,Black Page Orchestra Konzerte,,"moment collective - verein für experimentelle musik, audio-visuelle und performative kunst"
"moment collective - Verein für experimentelle Musik, audio-visuelle und performative Kunst",839307922,14,BMKöS_BMWKmS,Beschluss,2023,3500,Kunst- und Kulturbericht des Bundes 2023,ausbezahlt: Musikförderung Projekte – Kompositionsförderung ,House. Music. Europe,,"moment collective - verein für experimentelle musik, audio-visuelle und performative kunst"
"moment collective - Verein für experimentelle Musik, audio-visuelle und performative Kunst",839307922,14,BMKöS_BMWKmS,Beschluss,2023,12000,Kunst- und Kulturbericht des Bundes 2023,ausbezahlt: Musikförderung Jahresprogramme,,,"moment collective - verein für experimentelle musik, audio-visuelle und performative kunst"
"moment collective - Verein für experimentelle Musik, audio-visuelle und performative Kunst",839307922,14,MA7,Beschluss,2024,22000,Kunst- Kultur- und Wissenschaftsbericht der Stadt Wien 2024,ausbezahlt: Orchester & Ensembles Musik,Black Page Orchestra Konzerte,,"moment collective - verein für experimentelle musik, audio-visuelle und performative kunst"
"moment collective - Verein für experimentelle Musik, audio-visuelle und performative Kunst",839307922,14,BMKöS_BMWKmS,Beschluss,2024,15000,Kunst- und Kulturbericht des Bundes 2024,ausbezahlt: Musikförderung Jahresprogramme,,,"moment collective - verein für experimentelle musik, audio-visuelle und performative kunst"
"moment collective - Verein für experimentelle Musik, audio-visuelle und performative Kunst",839307922,14,BMKöS_BMWKmS,Beschluss,2024,16500,Kunst- und Kulturbericht des Bundes 2024,ausbezahlt: Musikförderung Projekte — Kompositionsförderung + Tourneekostenzuschuss,,,"moment collective - verein für experimentelle musik, audio-visuelle und performative kunst"
"moment collective - Verein für experimentelle Musik, audio-visuelle und performative Kunst",839307922,14,BMKöS_BMWKmS,Beschluss,2025,30000,Transparenzportal IFG 2025,"ausbezahlt: Musik Förderung von Vereinen, vergleichbaren Einrichtungen und Einzelpersonen",,,"moment collective - verein für experimentelle musik, audio-visuelle und performative kunst"
"moment collective - Verein für experimentelle Musik, audio-visuelle und performative Kunst",839307922,14,MA7,Beschluss,2025,27000,Transparenzportal IFG 2025,ausbezahlt: Förderungen von Einzelnvorhaben im Bereich der Musik,,,"moment collective - verein für experimentelle musik, audio-visuelle und performative kunst"
"moment collective - Verein für experimentelle Musik, audio-visuelle und performative Kunst",839307922,14,MA7,Beschluss,2026,25000,Transparenzportal IFG 2026,ausbezahlt: Förderungen von Einzelnvorhaben im Bereich der Musik,,,"moment collective - verein für experimentelle musik, audio-visuelle und performative kunst"
"punctum collective, Verein zur Förderung zeitgenössischer Musik und transmedialer Kunstformate",1310873198,5,BMKöS_BMWKmS,Beschluss,2022,6000,Kunst- und Kulturbericht des Bundes 2022,ausbezahlt: Musikförderung Projekte,,,"punctum collective, verein zur förderung zeitgenössischer musik und transmedialer kunstformate"
"punctum collective, Verein zur Förderung zeitgenössischer Musik und transmedialer Kunstformate",1310873198,5,MA7,Beschluss,2023,8000,Kunst- Kultur- und Wissenschaftsbericht der Stadt Wien 2023,ausbezahlt: Einzelnförderungen (Projekte) Musik,punctum collective Saison,,"punctum collective, verein zur förderung zeitgenössischer musik und transmedialer kunstformate"
"punctum collective, Verein zur Förderung zeitgenössischer Musik und transmedialer Kunstformate",1310873198,5,MA7,Beschluss,2024,8000,Kunst- Kultur- und Wissenschaftsbericht der Stadt Wien 2024,ausbezahlt: Einzelförderung (Projekte) Musik,Veranstaltungsreihe,,"punctum collective, verein zur förderung zeitgenössischer musik und transmedialer kunstformate"
"punctum collective, Verein zur Förderung zeitgenössischer Musik und transmedialer Kunstformate",1310873198,5,BMKöS_BMWKmS,Beschluss,2024,7000,Kunst- und Kulturbericht des Bundes 2024,ausbezahlt: Musikförderung Jahresprogramme,,,"punctum collective, verein zur förderung zeitgenössischer musik und transmedialer kunstformate"
"punctum collective, Verein zur Förderung zeitgenössischer Musik und transmedialer Kunstformate",1310873198,5,MA7,Beschluss,2025,8000,Transparenzportal IFG 2025,ausbezahlt: Förderungen von Einzelnvorhaben im Bereich der Musik,,,"punctum collective, verein zur förderung zeitgenössischer musik und transmedialer kunstformate"
"punctum collective, Verein zur Förderung zeitgenössischer Musik und transmedialer Kunstformate",1310873198,5,BMKöS_BMWKmS,Beschluss,2025,9000,Transparenzportal IFG 2025,"ausbezahlt: Musik Förderung von Vereinen, vergleichbaren Einrichtungen und Einzelpersonen",,,"punctum collective, verein zur förderung zeitgenössischer musik und transmedialer kunstformate"
"punctum collective, Verein zur Förderung zeitgenössischer Musik und transmedialer Kunstformate",1310873198,5,MA7,Beschluss,2026,8000,Transparenzportal IFG 2026,ausbezahlt: Förderungen von Einzelnvorhaben im Bereich der Musik,,,"punctum collective, verein zur förderung zeitgenössischer musik und transmedialer kunstformate"
"punctum collective, Verein zur Förderung zeitgenössischer Musik und transmedialer Kunstformate",1310873198,5,BMKöS_BMWKmS,Beschluss,2026,9000,Transparenzportal IFG 2026,"ausbezahlt: Musik Förderung von Vereinen, vergleichbaren Einrichtungen und Einzelpersonen",,,"punctum collective, verein zur förderung zeitgenössischer musik und transmedialer kunstformate"
"rhizome audioart association - Verein zur Verbreitung und Förderung zeitgenössischer Ton-, Klang-, Musik-, Geräusch- und Audiokunst sowie von\naudiovisuellen, medienkünstlerischen, bildenden, literarischen und anderen\nkünstlerischen Ausdrucksformen, die sich mit Klang und Musik auseinandersetzen",317418575,13,MA7,Beschluss,2022,16000,Kunst- Kultur- und Wissenschaftsbericht der Stadt Wien 2022,ausbezahlt: Einzelförderungen (Projekte) Musik,Welcome to the rhizosphere,,"rhizome audioart association - verein zur verbreitung und förderung\nzeitgenössischer ton-, klang-, musik-, geräusch- und audiokunst sowie von\naudiovisuellen, medienkünstlerischen, bildenden, literarischen und anderen\nkünstlerischen ausdrucksformen, die sich mit klang und musik auseinandersetzen"
"rhizome audioart association - Verein zur Verbreitung und Förderung zeitgenössischer Ton-, Klang-, Musik-, Geräusch- und Audiokunst sowie von\naudiovisuellen, medienkünstlerischen, bildenden, literarischen und anderen\nkünstlerischen Ausdrucksformen, die sich mit Klang und Musik auseinandersetzen",317418575,13,BMKöS_BMWKmS,Beschluss,2022,15000,Kunst- und Kulturbericht des Bundes 2022,ausbezahlt: Musikförderung Jahresprogramme,,,"rhizome audioart association - verein zur verbreitung und förderung zeitgenössischer ton-, klang-, musik-, geräusch- und audiokunst sowie von\naudiovisuellen, medienkünstlerischen, bildenden, literarischen und anderen\nkünstlerischen ausdrucksformen, die sich mit klang und musik auseinandersetzen"
small forms - Verein zur Förderung und Verbreitung von zeitgenössischen Musikformen,503262449,16,MA7,Beschluss,2022,15000,Kunst- und Kulturbericht des Bundes 2022,ausbezahlt: Einzelnförderungen (Projekte) Musik,smallforms sessions,Smallforms,small forms - verein zur förderung und verbreitung von zeitgenössischen musikformen
small forms - Verein zur Förderung und Verbreitung von zeitgenössischen Musikformen,503262449,16,BMKöS_BMWKmS,Beschluss,2022,5400,Kunst- und Kulturbericht des Bundes 2022,ausbezahlt: Musikförderung Jahresprogramme,,Smallforms,small forms - verein zur förderung und verbreitung von zeitgenössischen musikformen
small forms - Verein zur Förderung und Verbreitung von zeitgenössischen Musikformen,503262449,16,MA7,Beschluss,2023,15000,Kunst- Kultur- und Wissenschaftsbericht der Stadt Wien 2023,ausbezahlt: Gesamtförderung (Jahrestätigkeit) Musik,,Smallforms,small forms - verein zur förderung und verbreitung von zeitgenössischen musikformen
small forms - Verein zur Förderung und Verbreitung von zeitgenössischen Musikformen,503262449,16,BMKöS_BMWKmS,Beschluss,2023,8000,Kunst- und Kulturbericht des Bundes 2023,ausbezahlt: Musikförderung Jahresprogramme,,Smallforms,small forms - verein zur förderung und verbreitung von zeitgenössischen musikformen
small forms - Verein zur Förderung und Verbreitung von zeitgenössischen Musikformen,503262449,16,MA7,Beschluss,2024,15000,Kunst- Kultur- und Wissenschaftsbericht der Stadt Wien 2024,ausbezahlt: Gesamtförderung (Jahrestätigkeit) Musik,,Smallforms,small forms - verein zur förderung und verbreitung von zeitgenössischen musikformen
small forms - Verein zur Förderung und Verbreitung von zeitgenössischen Musikformen,503262449,16,BMKöS_BMWKmS,Beschluss,2024,10000,Kunst- und Kulturbericht des Bundes 2024,ausbezahlt: Musikförderung Jahresprogramme,,Smallforms,small forms - verein zur förderung und verbreitung von zeitgenössischen musikformen
small forms - Verein zur Förderung und Verbreitung von zeitgenössischen Musikformen,503262449,16,MA7,Beschluss,2025,15000,Transparenzportal IFG 2025,ausbezahlt: Förderungen von Einzelnvorhaben im Bereich der Musik,,Smallforms,small forms - verein zur förderung und verbreitung von zeitgenössischen musikformen
small forms - Verein zur Förderung und Verbreitung von zeitgenössischen Musikformen,503262449,16,BMKöS_BMWKmS,Beschluss,2025,10000,Transparenzportal IFG 2025,"ausbezahlt: Musik Förderung von Vereinen, vergleichbaren Einrichtungen und Einzelpersonen",,Smallforms,small forms - verein zur förderung und verbreitung von zeitgenössischen musikformen
small forms - Verein zur Förderung und Verbreitung von zeitgenössischen Musikformen,503262449,16,MA7,Beschluss,2026,15000,Transparenzportal IFG 2026,ausbezahlt: Förderungen von Einzelnvorhaben im Bereich der Musik,,Smallforms,small forms - verein zur förderung und verbreitung von zeitgenössischen musikformen
small forms - Verein zur Förderung und Verbreitung von zeitgenössischen Musikformen,503262449,16,BMKöS_BMWKmS,Beschluss,2026,10000,Transparenzportal IFG 2026,"ausbezahlt: Musik Förderung von Vereinen, vergleichbaren Einrichtungen und Einzelpersonen",,Smallforms,small forms - verein zur förderung und verbreitung von zeitgenössischen musikformen
snim - spontanes Netzwerk für improvisierte Musik,461480763,15,BMKöS_BMWKmS,Beschluss,2022,4000,Kunst- und Kulturbericht des Bundes 2022,ausbezahlt: Musikförderung Projekte,,,snim - spontanes netzwerk für improvisierte musik
snim - spontanes Netzwerk für improvisierte Musik,461480763,15,MA7,Beschluss,2022,3000,Kunst- Kultur- und Wissenschaftsbericht der Stadt Wien 2022,ausbezahlt: Festivals Musik,das kleine symposion und snim-Abend. Festival,,snim - spontanes netzwerk für improvisierte musik
snim - spontanes Netzwerk für improvisierte Musik,461480763,15,MA7,Beschluss,2023,4000,Kunst- Kultur- und Wissenschaftsbericht der Stadt Wien 2023,ausbezahlt: Einzelförderungen (Projekte) Musik,snImpro + snim feat. Dilate Ensemble,,snim - spontanes netzwerk für improvisierte musik
snim - spontanes Netzwerk für improvisierte Musik,461480763,15,BMKöS_BMWKmS,Beschluss,2023,2000,Kunst- und Kulturbericht des Bundes 2023,ausbezahlt: Musikförderung Projekte,,,snim - spontanes netzwerk für improvisierte musik
snim - spontanes Netzwerk für improvisierte Musik,461480763,15,MA7,Beschluss,2024,4000,Kunst- Kultur- und Wissenschaftsbericht der Stadt Wien 2024,ausbezahlt: Einzelnförderungen (Projekte) Musik,Projektreihe 2024,,snim - spontanes netzwerk für improvisierte musik
snim - spontanes Netzwerk für improvisierte Musik,461480763,15,BMKöS_BMWKmS,Beschluss,2024,4000,Kunst- und Kulturbericht des Bundes 2024,ausbezahlt: Musikförderung Projekte,,,snim - spontanes netzwerk für improvisierte musik
snim - spontanes Netzwerk für improvisierte Musik,461480763,15,MA7,Beschluss,2025,4000,Transparenzportal IFG 2025,ausbezahlt: Förderung von Einzelvorhaben und Jahrestätigkeiten im Bereich der Musik,,,snim - spontanes netzwerk für improvisierte musik
snim - spontanes Netzwerk für improvisierte Musik,461480763,15,BMKöS_BMWKmS,Beschluss,2025,4000,Transparenzportal IFG 2025,"ausbezahlt: Musik Förderung von Vereinen, vergleichbaren Einrichtungen und Einzelpersonen",,,snim - spontanes netzwerk für improvisierte musik
snim - spontanes Netzwerk für improvisierte Musik,461480763,15,BMKöS_BMWKmS,Beschluss,2026,4000,Transparenzportal IFG 2026,"ausbezahlt: Musik Förderung von Vereinen, vergleichbaren Einrichtungen und Einzelpersonen",,,snim - spontanes netzwerk für improvisierte musik
sp ce. Verein zur Förderung von Kunst und Transdisziplinarität,752869720,19,BMKöS_BMWKmS,Beschluss,2022,7000,Kunst- und Kulturbericht des Bundes 2022,"ausbezahlt: Festspiele, Großveranstaltungen Musik und darstellende Kunst",,,sp ce. verein zur förderung von kunst und transdisziplinarität
sp ce. Verein zur Förderung von Kunst und Transdisziplinarität,752869720,19,BMKöS_BMWKmS,Beschluss,2022,2500,Kunst- und Kulturbericht des Bundes 2022,"ausbezahlt: Projekte Vereine, Einzelnpersonen Medienkunst",,,sp ce. verein zur förderung von kunst und transdisziplinarität
sp ce. Verein zur Förderung von Kunst und Transdisziplinarität,752869720,19,MA7,Beschluss,2022,6000,Kunst- Kultur- und Wissenschaftsbericht der Stadt Wien 2022,ausbezahlt: Festivals Musik,Festival SUAL,,sp ce. verein zur förderung von kunst und transdisziplinarität
sp ce. Verein zur Förderung von Kunst und Transdisziplinarität,752869720,19,MA7,Beschluss,2023,8000,Kunst- Kultur- und Wissenschaftsbericht der Stadt Wien 2023,ausbezahlt: Festivals Musik,Festival SUAL 2023,,sp ce. verein zur förderung von kunst und transdisziplinarität
sp ce. Verein zur Förderung von Kunst und Transdisziplinarität,752869720,19,BMKöS_BMWKmS,Beschluss,2023,7000,Kunst- und Kulturbericht des Bundes 2023,"ausbezahlt: Festspiele, Großveranstaltungen Musik und darstellende Kunst",,,sp ce. verein zur förderung von kunst und transdisziplinarität
sp ce. Verein zur Förderung von Kunst und Transdisziplinarität,752869720,19,BMKöS_BMWKmS,Beschluss,2023,2500,Kunst- und Kulturbericht des Bundes 2023,"ausbezahlt: Projekte Vereine, Einzelnpersonen Medienkunst",,,sp ce. verein zur förderung von kunst und transdisziplinarität
sp ce. Verein zur Förderung von Kunst und Transdisziplinarität,752869720,19,MA7,Beschluss,2024,8000,Kunst- Kultur- und Wissenschaftsbericht der Stadt Wien 2024,ausbezahlt: Festivals Musik,Festival SUAL,,sp ce. verein zur förderung von kunst und transdisziplinarität
sp ce. Verein zur Förderung von Kunst und Transdisziplinarität,752869720,19,BMKöS_BMWKmS,Beschluss,2024,8000,Kunst- und Kulturbericht des Bundes 2024,ausbezahlt: Musikförderung Projekte,"SUAL, Wien, Festival",,sp ce. verein zur förderung von kunst und transdisziplinarität
sp ce. Verein zur Förderung von Kunst und Transdisziplinarität,752869720,19,BMKöS_BMWKmS,Beschluss,2025,8000,Transparenzportal IFG 2025,"ausbezahlt: Musik Förderung von Vereinen, vergleichbaren Einrichtungen und Einzelpersonen",,,sp ce. verein zur förderung von kunst und transdisziplinarität
sp ce. Verein zur Förderung von Kunst und Transdisziplinarität,752869720,19,BMKöS_BMWKmS,Beschluss,2025,4000,Transparenzportal IFG 2025,ausbezahlt: Video- Medienkunst Förderung von Vereinen,,,sp ce. verein zur förderung von kunst und transdisziplinarität
sp ce. Verein zur Förderung von Kunst und Transdisziplinarität,752869720,19,BMKöS_BMWKmS,Beschluss,2026,8000,Transparenzportal IFG 2026,"ausbezahlt: Musik Förderung von Vereinen, vergleichbaren Einrichtungen und Einzelpersonen",,,sp ce. verein zur förderung von kunst und transdisziplinarität
sp ce. Verein zur Förderung von Kunst und Transdisziplinarität,752869720,19,BMKöS_BMWKmS,Beschluss,2026,4000,Transparenzportal IFG 2026,ausbezahlt: Video- Medienkunst Förderung von Vereinen,,,sp ce. verein zur förderung von kunst und transdisziplinarität
tonWerk - Forum für Neue Musik,708944665,14,BMKöS_BMWKmS,Beschluss,2022,2300,Kunst- und Kulturbericht des Bundes 2022,ausbezahlt: Musikförderung Jahresprogramme,,,tonwerk - forum für neue musik
tonWerk - Forum für Neue Musik,708944665,14,MA7,Beschluss,2022,10000,Kunst- Kultur- und Wissenschaftsbericht der Stadt Wien 2022,ausbezahlt: Einzelnförderungen (Projekte)  Stadtteilkultur und Interkulturalität,Wiener Hausmusik,,tonwerk - forum für neue musik
tonWerk - Forum für Neue Musik,708944665,14,BMKöS_BMWKmS,Beschluss,2023,2500,Kunst- und Kulturbericht des Bundes 2023,ausbezahlt: Musikförderung Projekte,,,tonwerk - forum für neue musik
tonWerk - Forum für Neue Musik,708944665,14,BMKöS_BMWKmS,Beschluss,2023,10000,Kunst- und Kulturbericht des Bundes 2023,ausbezahlt: Digitalisierung Digitale Transformation — Ausnahme,,,tonwerk - forum für neue musik
tonWerk - Forum für Neue Musik,708944665,14,MA7,Beschluss,2023,8000,Kunst- Kultur- und Wissenschaftsbericht der Stadt Wien 2023,ausbezahlt: Einzelnförderungen (Projekte) Musik,Konzertreihe Wiener Hausmusik,,tonwerk - forum für neue musik
tonWerk - Forum für Neue Musik,708944665,14,MA7,Beschluss,2024,6000,Kunst- Kultur- und Wissenschaftsbericht der Stadt Wien 2024,ausbezahlt: Einzelnförderungen (Projekte) Musik,ton-netz-werk,,tonwerk - forum für neue musik
tonWerk - Forum für Neue Musik,708944665,14,BMKöS_BMWKmS,Beschluss,2024,2500,Kunst- und Kulturbericht des Bundes 2024,ausbezahlt: Musikförderung Projekte,,,tonwerk - forum für neue musik
tonWerk - Forum für Neue Musik,708944665,14,BMKöS_BMWKmS,Beschluss,2025,2600,Transparenzportal IFG 2025,"ausbezahlt: Musik Förderung von Vereinen, vergleichbaren Einrichtungen und Einzelpersonen",,,tonwerk - forum für neue musik
tonWerk - Forum für Neue Musik,708944665,14,MA7,Beschluss,2025,6000,Transparenzportal IFG 2025,ausbezahlt: Förderung von Einzelvorhaben und Jahrestätigkeiten im Bereich der Musik,,,tonwerk - forum für neue musik
tonWerk - Forum für Neue Musik,708944665,14,MA7,Beschluss,2026,5000,Transparenzportal IFG 2026,ausbezahlt: Förderung von Einzelvorhaben und Jahrestätigkeiten im Bereich der Musik,,,tonwerk - forum für neue musik
Österreichische Gesellschaft für zeitgenössische Musik (ÖGZM),904922152,3,MA7,Beschluss,2022,9500,Kunst- Kultur- und Wissenschaftsbericht der Stadt Wien 2022,ausbezahlt: Gesamtförderung (Jahrestätigkeit) Musik,,,österreichische gesellschaft für zeitgenössische musik (ögzm)
Österreichische Gesellschaft für zeitgenössische Musik (ÖGZM),904922152,3,BMKöS_BMWKmS,Beschluss,2022,10500,Kunst- und Kulturbericht des Bundes 2022,ausbezahlt: Ukrainehilfe Projekte,Konzerte Lyatoshinsky Trio & Emilia Polotska ,,österreichische gesellschaft für zeitgenössische musik (ögzm)
Österreichische Gesellschaft für zeitgenössische Musik (ÖGZM),904922152,3,MA7,Beschluss,2023,9500,Kunst- Kultur- und Wissenschaftsbericht der Stadt Wien 2023,ausbezahlt: Gesamtförderung (Jahrestätigkeit) Musik,,,österreichische gesellschaft für zeitgenössische musik (ögzm)
Österreichische Gesellschaft für zeitgenössische Musik (ÖGZM),904922152,3,BMKöS_BMWKmS,Beschluss,2023,11500,Kunst- und Kulturbericht des Bundes 2023,ausbezahlt: Musikförderung Jahresprogramme,,,österreichische gesellschaft für zeitgenössische musik (ögzm)
Österreichische Gesellschaft für zeitgenössische Musik (ÖGZM),904922152,3,MA7,Beschluss,2024,10000,Kunst- Kultur- und Wissenschaftsbericht der Stadt Wien 2024,ausbezahlt: Gesamtförderung (Jahrestätigkeit) Musik,,,österreichische gesellschaft für zeitgenössische musik (ögzm)
Österreichische Gesellschaft für zeitgenössische Musik (ÖGZM),904922152,3,BMKöS_BMWKmS,Beschluss,2024,11500,Kunst- und Kulturbericht des Bundes 2024,ausbezahlt: Musikförderung Jahresprogramme,,,österreichische gesellschaft für zeitgenössische musik (ögzm)
Österreichische Gesellschaft für zeitgenössische Musik (ÖGZM),904922152,3,BMKöS_BMWKmS,Beschluss,2025,11500,Transparenzportal IFG 2025,"ausbezahlt: Musik Förderung von Vereinen, vergleichbaren Einrichtungen und Einzelpersonen",,,österreichische gesellschaft für zeitgenössische musik (ögzm)
Österreichische Gesellschaft für zeitgenössische Musik (ÖGZM),904922152,3,MA7,Beschluss,2025,10000,Transparenzportal IFG 2025,ausbezahlt: Förderung von Einzelvorhaben und Jahrestätigkeiten im Bereich der Musik,,,österreichische gesellschaft für zeitgenössische musik (ögzm)
Österreichische Gesellschaft für zeitgenössische Musik (ÖGZM),904922152,3,BMKöS_BMWKmS,Beschluss,2026,11500,Transparenzportal IFG 2026,"ausbezahlt: Musik Förderung von Vereinen, vergleichbaren Einrichtungen und Einzelpersonen",,,österreichische gesellschaft für zeitgenössische musik (ögzm)
Österreichische Gesellschaft für zeitgenössische Musik (ÖGZM),904922152,3,MA7,Beschluss,2026,10000,Transparenzportal IFG 2026,ausbezahlt: Förderung von Einzelvorhaben und Jahrestätigkeiten im Bereich der Musik,,,österreichische gesellschaft für zeitgenössische musik (ögzm)
WBS Tonräume gemeinnützige GmbH,GmbH,15,MA7,Beschluss,2022,48000,"Kunst-, Kultur-, und Wissenschaftsbericht der Stadt Wien 2022",ausbezahlt: Gesamtförderung (Jahrestätigkeit) Musik,,,wbs tonräume gemeinnützige gmbh
WBS Tonräume gemeinnützige GmbH,GmbH,15,MA7,Beschluss,2023,65000,"Kunst-, Kultur-, und Wissenschaftsbericht der Stadt Wien 2023",ausbezahlt: Gesamtförderung (Jahrestätigkeit) Musik,,,wbs tonräume gemeinnützige gmbh
WBS Tonräume gemeinnützige GmbH,GmbH,15,MA7,Beschluss,2024,65000,"Kunst-, Kultur-, und Wissenschaftsbericht der Stadt Wien 2024",ausbezahlt: Gesamtförderung (Jahrestätigkeit) Musik,,,wbs tonräume gemeinnützige gmbh
WBS Tonräume gemeinnützige GmbH,GmbH,15,MA7,Beschluss,2025,65000,Transparenzportal IFG 2025,ausbezahlt: Förderung von Einzelnvorhaben im Bereich der Musik,,,wbs tonräume gemeinnützige gmbh
WBS Tonräume gemeinnützige GmbH,GmbH,15,MA7,Beschluss,2026,70000,Transparenzportal IFG 2026,ausbezahlt: Förderung von Einzelnvorhaben im Bereich der Musik,,,wbs tonräume gemeinnützige gmbh
